kind,address,name,container,platform,game_version,confidence,evidence
vtable,0x101e5ffc,player_actor_vtable,,wiiu,v208,confirmed,Read live from the player actor's +0xe8 while the game was running. Verified statically: .rodata+0xf4 and +0x2bc of this table hold exactly the two function addresses the running game reported.
function,0x02d7a670,ksys::act::Actor::getMaxLife,,wiiu,v208,confirmed,"Player actor vtable slot +0xf4. Whole body is `lwz r3,0x1320(r3); blr` - returns *(s32*)(actor+0x1320). Cross-checked three ways: the live actor's vtable slot resolved here, .rodata 0x101e60f0 contains it, and it returns sane values in-game. Returns a CACHE; correct for reading, useless as a write target."
function,0x02d79970,ksys::act::Actor::getLife,,wiiu,v208,confirmed,"Player actor vtable slot +0x2bc. Whole body is `addi r3,r3,0x540; blr` - returns &actor->life. Confirmed at runtime: the running game reported its life pointer at exactly actor+0x540. .rodata 0x101e62b8 contains this address."
function,0x02d79978,unnamed_getter_actor_0x544,,wiiu,v208,behaviour-confirmed-name-unknown,"Whole body is `lwz r3,0x544(r3); blr` - returns *(s32*)(actor+0x544). Behaviour certain, C++ name not: it is not the vtable slot adjacent to getLife (+0x2c0 is null). Recorded because this is the field an earlier SetMaxLife bug corrupted by writing pLife[1]; it is live actor state, not padding."
field,0x0540,life,ksys::act::Actor,wiiu,v208,confirmed,"s32, current life in raw units (4 per heart). From getLife's `addi r3,r3,0x540`, matched by the running game reporting lifePtrOffset=0x540. Genuine storage - writing it works."
field,0x1320,max_life,ksys::act::Actor,wiiu,v208,confirmed,"s32, max life in raw units - a CACHE, not storage, and not one that self-heals. From getMaxLife's `lwz r3,0x1320(r3)`; the offset is certain. Writing it does not stick: it reverts and the HUD plays the heart-container-removed (Horned Statue) effect. NOTE an earlier guess that the game refreshes this from the flag every tick is WRONG - setting the flag alone left this stale (flag=24 while this read 20). Use PlayerInfo::setMaxHeartValue, which writes flag and caches together."
field,0x0544,unknown_actor_0x544,ksys::act::Actor,wiiu,v208,behaviour-confirmed-name-unknown,s32 with a dedicated getter at 0x02d79978. Sits immediately after life (+0x540). Purpose unidentified. Explicitly NOT max life - writing max life here crashes the game.
field,0x00e8,vtable,ksys::act::Actor,wiiu,v208,confirmed,"Primary actor vtable pointer. Pre-existing module knowledge, re-confirmed live: the value read here resolved to 0x101e5ffc and its slots matched the binary."
function,0x02e1a1f0,ksys::gdt::setFlag_MaxHartValue,,wiiu,v208,confirmed,"Found by following the flag-handle initialiser: FUN_02de6bf4 calls 0x02e2213c (returns the literal ""MaxHartValue""), passes it to getS32Handle, and stores the resulting handle to 0x10466ad4. The only other two functions referencing that global are this pair. Body is `setS32(param_1, DAT_10466ad4, param_2)` - value, handle, debug, matching the decompiled `setFlag_MaxHartValue(s32 value, bool debug)`. Signature: void(s32 value, bool debug). Exercised in-game: calling the setter moved the flag from 20 to 24 and the getter read 24 back on a later call. NOTE the write is NOT observable synchronously - re-reading the flag immediately after setting it still returns the old value."
function,0x02e1a1e0,ksys::gdt::getFlag_MaxHartValue,,wiiu,v208,confirmed,"Found by following the flag-handle initialiser: FUN_02de6bf4 calls 0x02e2213c (returns the literal ""MaxHartValue""), passes it to getS32Handle, and stores the resulting handle to 0x10466ad4. The only other two functions referencing that global are this pair. Body is `getS32(DAT_10466ad4, param_1)` - handle then debug, matching the decompiled `s32 getFlag_MaxHartValue(bool debug)`. Signature: s32(bool debug). Exercised in-game: calling the setter moved the flag from 20 to 24 and the getter read 24 back on a later call. NOTE the write is NOT observable synchronously - re-reading the flag immediately after setting it still returns the old value."
function,0x02e14848,ksys::gdt::setS32,,wiiu,v208,confirmed-static,"Generic typed flag setter, reached from setFlag_MaxHartValue. Signature: void(s32 value, FlagHandle handle, bool debug). Argument order matches the decomp."
function,0x02e146a4,ksys::gdt::getS32,,wiiu,v208,confirmed-static,"Generic typed flag getter, reached from getFlag_MaxHartValue. Signature: s32(FlagHandle handle, bool debug)."
function,0x02e1e16c,ksys::gdt::Manager::getS32Handle,,wiiu,v208,confirmed-static,"Called during flag-handle init as getS32Handle(mgr, name) with a sead string built from the flag-name literal; its return is stored into the per-flag handle global. Matches `mgr->getS32Handle(""MaxHartValue"")`."
function,0x02e2213c,gdt_flagname_MaxHartValue,,wiiu,v208,confirmed,"Whole body returns the string literal ""MaxHartValue"" (at 0x10202814). One of a run of per-flag name accessors; the next is at 0x02e22148."
data,0x10466ad4,ksys::gdt::flag_MaxHartValue_handle,,wiiu,v208,confirmed,"FlagHandle for MaxHartValue, in .data. Written once by the initialiser at 0x02e05564 (`stw r8,0x6ad4(r11)` with r11=0x1046) and read only by the get/set wrappers. Neighbouring handles sit 4 bytes apart (previous is 0x10466ad0)."
string,0x10202814,"""MaxHartValue""",,wiiu,v208,confirmed,"GameData flag name for max hearts, in quarter-hearts (4 per heart). Authoritative, save-backed storage for max life; Actor+0x1320 is only a cache of it."
function,0x02d4992c,ksys::act::PlayerInfo::setMaxHeartValue,,wiiu,v208,confirmed,"void(PlayerInfo* this, s32 quarter_hearts). Body is exactly the decompiled `{ gdt::setFlag_MaxHartValue(v); mMaxHeartValue = (f32)v; }` - a call to 0x02e1a1f0 followed by a float store to this+0x64 via the standard PPC signed-int-to-double idiom. The only caller of setFlag_MaxHartValue. THIS is the correct entry point for changing max hearts; confirmed working in-game."
data,0x10463f38,ksys::act::PlayerInfo::sInstance,,wiiu,v208,confirmed,"Pointer to the PlayerInfo singleton, in .data. Both callers of setMaxHeartValue load `this` from here and null-check first: 0x02b76718 (`lis r31,0x1046; lwz r31,0x3f38(r31)`) and 0x022a9920 (`lis r29,0x1046; lwzu r3,0x3f38(r29)`). Two independent confirmations."
field,0x0064,mMaxHeartValue,ksys::act::PlayerInfo,wiiu,v208,confirmed,"f32 cache of the MaxHartValue flag. From the float store at the end of setMaxHeartValue (0x02d4992c). Matches the decomp's PlayerInfo::mMaxHeartValue, also an f32 holding quarter-hearts."
function,0x02d49d70,ksys::act::PlayerInfo::setStaminaCurrentMax,,wiiu,v208,confirmed,"void(PlayerInfo* this /*r3*/, f32 value /*f1*/). Sets CURRENT stamina despite the name: writes flag StaminaCurrentMax then stores to this+0x68. PROVEN BY OBSERVATION: sampling this while sprinting in-game gave 3000 -> 1882 -> 3000, i.e. it drains and regenerates. The name says 'current max'; the value is CURRENT stamina. Use for 'set stamina'; for the cap use setStaminaMax (0x02d49dfc)."
function,0x02d49dc0,ksys::act::PlayerInfo::getStaminaCurrentMax,,wiiu,v208,confirmed,"Returns CURRENT stamina. Whole body is `lfs f1,0x68(r3); blr`. PROVEN BY OBSERVATION: sampling this while sprinting in-game gave 3000 -> 1882 -> 3000, i.e. it drains and regenerates. The name says 'current max'; the value is CURRENT stamina."
function,0x02d49dc8,ksys::act::PlayerInfo::updateStaminaCurrentMaxFromGameData,,wiiu,v208,confirmed,"Part of the PlayerInfo stamina method block at 0x02d49d70..0x02d49ed4, walked in declaration order and matched against the decomp's actPlayerInfo.h. Calls 0x02e1ac4c with debug=0 and stores the result to this+0x68. The bl target arithmetic (0x02d49de0 + 0xd0e6c) independently confirms 0x02e1ac4c is the GETTER of the pair."
function,0x02d49dfc,ksys::act::PlayerInfo::setStaminaMax,,wiiu,v208,confirmed,"void(PlayerInfo* this, f32 value). Sets MAX stamina - the cap stamina vessels raise. Writes flag StaminaMax then stores to this+0x6c. Held constant in-game while StaminaCurrentMax moved, which is what distinguishes the two."
function,0x02d49e4c,ksys::act::PlayerInfo::getStaminaMax,,wiiu,v208,confirmed,"Returns MAX stamina. Whole body is `lfs f1,0x6c(r3); blr`. Constant while current stamina varies."
function,0x02d49e54,ksys::act::PlayerInfo::updateStaminaMaxFromGameData,,wiiu,v208,confirmed,"Part of the PlayerInfo stamina method block at 0x02d49d70..0x02d49ed4, walked in declaration order and matched against the decomp's actPlayerInfo.h. Calls 0x02e1ac6c with debug=0 and stores to this+0x6c."
function,0x02d49e88,ksys::act::PlayerInfo::setMaxStaminaForPlayerActor,,wiiu,v208,confirmed,"Part of the PlayerInfo stamina method block at 0x02d49d70..0x02d49ed4, walked in declaration order and matched against the decomp's actPlayerInfo.h. Loads mPlayerActor from this+0x30, returns early if null, then `stfs f1,0x1324(actor)`. Safe to call with no actor loaded."
function,0x02d49e9c,ksys::act::PlayerInfo::getMaxStaminaFromPlayerActor,,wiiu,v208,confirmed,"Part of the PlayerInfo stamina method block at 0x02d49d70..0x02d49ed4, walked in declaration order and matched against the decomp's actPlayerInfo.h. Loads mPlayerActor from this+0x30; returns `lfs f1,0x1324(actor)`, or a 0.0f constant if null."
function,0x02d49ebc,ksys::act::PlayerInfo::recoverStamina,,wiiu,v208,confirmed,"Calls getMaxStaminaFromPlayerActor then setStaminaCurrentMax - i.e. sets CURRENT stamina to MAX, restoring stamina to full. The exact analogue of recoverLife(). (An earlier note here claimed it 'resyncs the max'; that was wrong, and follows from misreading StaminaCurrentMax as a maximum.)"
function,0x02e1ac5c,ksys::gdt::setFlag_StaminaCurrentMax,,wiiu,v208,confirmed,"f32 flags: the value travels in f1, so Ghidra shows get and set wrappers identically. Disambiguated by decompiling the generic they call - 0x02e16988 declares a local float, passes its address as an out-param and returns it (a getter), so the other is the setter. Confirmed by its only caller, PlayerInfo::setStaminaCurrentMax, which calls it and then writes the matching cache. Signature: void(f32 value /*f1*/, bool debug /*r3*/)."
function,0x02e1ac4c,ksys::gdt::getFlag_StaminaCurrentMax,,wiiu,v208,confirmed,"f32 flags: the value travels in f1, so Ghidra shows get and set wrappers identically. Disambiguated by decompiling the generic they call - 0x02e16988 declares a local float, passes its address as an out-param and returns it (a getter), so the other is the setter. Calls getF32 with handle 0x10467954. Confirmed as the getter by updateStaminaCurrentMaxFromGameData, which calls it and stores the f1 result."
function,0x02e1ac7c,ksys::gdt::setFlag_StaminaMax,,wiiu,v208,confirmed,"f32 flags: the value travels in f1, so Ghidra shows get and set wrappers identically. Disambiguated by decompiling the generic they call - 0x02e16988 declares a local float, passes its address as an out-param and returns it (a getter), so the other is the setter. Called by PlayerInfo::setStaminaMax immediately before the this+0x6c cache write."
function,0x02e1ac6c,ksys::gdt::getFlag_StaminaMax,,wiiu,v208,confirmed,"f32 flags: the value travels in f1, so Ghidra shows get and set wrappers identically. Disambiguated by decompiling the generic they call - 0x02e16988 declares a local float, passes its address as an out-param and returns it (a getter), so the other is the setter. Calls getF32 (0x02e16988) with handle 0x10467958."
function,0x02e16988,ksys::gdt::getF32,,wiiu,v208,confirmed,"f32(FlagHandle handle, bool debug). Declares a local float, seeds it with a default, passes its address to the manager accessor and returns it - the shape of the decomp's getF32. Also reveals the gdt::Manager instance pointer at 0x1046d5b0."
function,0x02e16a8c,ksys::gdt::setF32,,wiiu,v208,confirmed-static,"void(f32 value /*f1*/, FlagHandle handle, bool debug). Identified by elimination: the other function of the pair reached from the f32 flag wrappers, where 0x02e16988 is provably the getter."
function,0x02e1e1d8,ksys::gdt::Manager::getF32Handle,,wiiu,v208,confirmed-static,"Called during flag-handle init as getF32Handle(mgr, name) for f32 flags, mirroring getS32Handle (0x02e1e16c) for s32 flags; its result is stored into the per-flag handle global."
data,0x1046d5b0,ksys::gdt::Manager::sInstance,,wiiu,v208,confirmed,"Pointer to the gdt::Manager singleton, in .data. Null-checked at the top of gdt::getF32 before any flag access."
data,0x10467954,ksys::gdt::flag_StaminaCurrentMax_handle,,wiiu,v208,confirmed,FlagHandle for StaminaCurrentMax (f32). Written by the initialiser at 0x02e12064; read only by the get/set wrappers at 0x02e1ac4c / 0x02e1ac5c.
data,0x10467958,ksys::gdt::flag_StaminaMax_handle,,wiiu,v208,confirmed,"FlagHandle for StaminaMax (f32). Read by getFlag_StaminaMax (0x02e1ac6c); sits 4 bytes after the StaminaCurrentMax handle, matching the consecutive-handle layout."
string,0x101fa46c,"""StaminaCurrentMax""",,wiiu,v208,confirmed,"GameData flag name, f32, wheel units. MISLEADING NAME: this is CURRENT stamina, not a maximum. PROVEN BY OBSERVATION: sampling this while sprinting in-game gave 3000 -> 1882 -> 3000, i.e. it drains and regenerates. The name says 'current max'; the value is CURRENT stamina."
string,0x10205be8,"""StaminaMax""",,wiiu,v208,confirmed,"GameData flag name, f32, wheel units. The real maximum - what stamina vessels raise. 1000 = one wheel."
field,0x0030,mPlayerActor,ksys::act::PlayerInfo,wiiu,v208,confirmed,PlayerBase* - the player actor. Loaded and null-checked by setMaxStaminaForPlayerActor / getMaxStaminaFromPlayerActor (0x02d49e88 / 0x02d49e9c).
field,0x0068,mStaminaCurrentMax,ksys::act::PlayerInfo,wiiu,v208,confirmed,"f32 at PlayerInfo+0x68 holding CURRENT stamina in wheel units, cached from flag StaminaCurrentMax. Sits immediately after mMaxHeartValue (+0x64). PROVEN BY OBSERVATION: sampling this while sprinting in-game gave 3000 -> 1882 -> 3000, i.e. it drains and regenerates. The name says 'current max'; the value is CURRENT stamina."
field,0x006c,mStaminaMax,ksys::act::PlayerInfo,wiiu,v208,confirmed,"f32 at PlayerInfo+0x6c holding MAX stamina in wheel units, cached from flag StaminaMax. 1000 = one wheel, 3000 = the three-wheel cap."
field,0x1324,max_stamina,ksys::act::Actor,wiiu,v208,confirmed,"f32 at Actor+0x1324, the player actor's copy of MAX stamina in wheel units, immediately after max_life (+0x1320). From setMaxStaminaForPlayerActor's `stfs f1,0x1324(actor)` and the matching load in getMaxStaminaFromPlayerActor. Held at 3000 in-game while current stamina varied, confirming it is the cap. Unlike max_life this one is written by the game's own setter, so go through that setter."
field,0x1f8,ksys::act::Actor ACTOR_MATRIX,Actor,wiiu,v208,confirmed,"sead::Matrix34f, row-major 3x4, 48 bytes (0x1f8..0x227). 0x0383b398 copies exactly 12 floats from playerActor+0x1f8 via the matrix-assign helper 0x03c6fe5c, fixing base and size. Game reads gameplay position from the translation column +0x204/+0x214/+0x224 in 0x022b1278, 0x022ae534, 0x025bba8c. OUTPUT ONLY on physics-driven actors - see docs/actor-transforms.md."
field,0x22c,ksys::act::Actor published transform,Actor,wiiu,v208,confirmed-static,"Second Matrix34f. 0x037986e4 writes it from the matrix passed to setMtx, routed through the attach frame at +0x3b8 via 0x034d3d40 when parented. Writing +0x1f8 alone leaves this stale."
field,0x25c,ksys::act::Actor linear velocity,Actor,wiiu,v208,confirmed,"Contiguous sead::Vector3f. 0x0383b398 feeds actor+0x25c to 0x03c6fcf0 (= sqrt(v0^2+v1^2+v2^2)) as a speed value, and separately reads +0x25c and +0x264 for sqrt(x^2+z^2) horizontal speed, fixing x/y/z at +0x25c/+0x260/+0x264. NOT a physics input: written to 30.0 it read back for 2 ticks then zeroed."
field,0x2d4,ksys::act::Actor position copy (feet),Actor,wiiu,v208,confirmed,"Contiguous Vector3f matching the actor position exactly (dy 0.000). Found by scanning the live actor for its own coordinates. Sibling copies: +0x28c dy +1.500, +0x2bc dy +0.910, +0x2b0 dy ~1.39 (jitters, animated bone). All outputs - reverted within one frame when written."
field,0x3b8,ksys::act::Actor attach frame,Actor,wiiu,v208,confirmed-static,"Non-null means the transform is parented (held weapon, worn armour, mounted). setMtx branches on exactly this: 0x037986e4 writes +0x22c directly when null, otherwise routes through 0x034d3d40 against the parent."
function,0x03798ae8,ksys::act::Actor::setMtx,,wiiu,v208,confirmed,"setMtx(actor, const Matrix34f*, const Vector3f* velocity). Disassembly: r3 actor, r4 matrix, r5 velocity; copies matrix to actor+0x1f8 via 0x03c6fe5c, calls 0x037986e4, then stores velocity to +0x274/+0x278/+0x27c when non-null. ~30 gameplay call sites. Takes no locks."
function,0x03c6fe5c,sead::Matrix34f assign,,wiiu,v208,confirmed,"Copies 12 floats (src=r3, dst=r4). Argument order is (src, dst)."
function,0x03c6fcf0,sead::Vector3f length,,wiiu,v208,confirmed,sqrt(v[0]^2 + v[1]^2 + v[2]^2) with a Newton refinement step.
function,0x0378ec20,ksys::act::BaseProcMgr::processJobs,,wiiu,v208,behaviour-confirmed-name-unknown,"processJobs(mgr, jobType, prioMask, alsoPending). Source of the whole actor enumeration: mgr+0x64 job-type count, mgr+0x68 bucket array, bucket 0xc0 = 8 slots x 0x18, slot = 2 lists x 0xc {prev,next,count}, node +0x04 next / +0x08 BaseProc* / +0x10 priority. Iterators 0x03791fcc, 0x03791f8c, 0x0379201c, 0x037920d8."
field,0x80,ksys::act::BaseProcMgr lock,BaseProcMgr,wiiu,v208,confirmed,"sead::CriticalSection guarding the proc lists; its OSMutex is at +0x10. 0x030bb668 is `r3 += 0x10; b OSLockMutex`, 0x030bb69c the unlock. 0x0378a374 locks the same field. Recursive. Without holding it a job-list walk follows freed nodes - counts varied 285/252 across concurrent traversals, stable once locked."
data,0x1047c244,ksys::act::BaseProcMgr singleton,,wiiu,v208,confirmed,"Passed as `this` to 0x0378fc64, 0x0378f210, 0x03790804. Job threads at +0x11c/0x120/0x124."
field,0x2d0,MapPlacement entry array,PlacementMgr+0x11c,wiiu,v208,confirmed,"sead::SafeArray of 6000 entries, stride 0x124 (spans +0x2d0..+0x6d050). Capacity is the game's own literal: every lookup inlines `if (idx < 6000) base += idx*0x124` - 0x0379e3d4 (5 sites), 0x0379f2a0, 0x0313b84c, 0x0313a878, 0x0313a8e8 (the last as (uint*)base + idx*0x49). No live count exists; the game random-accesses by the u16 at mapObject+0x04, so unused slots hold stale data."
function,0x038079f4,physics -> actor transform sync loop,,wiiu,v208,behaviour-confirmed-name-unknown,"Spans 0x038079f4..0x038087b8; Ghidra creates no function here. Found via a Cemu write watchpoint on actor+0x2d4. Walks physics entities (stride 0x78), builds each transform, dispatches via 0x03986044 -> (*(*entity+0x74)+0x6c)(entity, matrix, key). THIS is why no actor-side position, velocity or matrix write survives a frame."
function,0x024adac8,actor per-frame update (NOT player-specific),,wiiu,v208,confirmed,"Previously documented in this module as Player-specific. It is not: logging param_1 showed Weapon_Sword_044 on all 11 presses plus per-frame traces matching several other actors, across multiple job threads. Fires many times per frame for whichever actor is ticking."
vtable_slot,0x30c,actor physics/motion object accessor,Actor+0xe8 vtable,wiiu,v208,behaviour-confirmed-name-unknown,"No-arg accessor returning the actor's physics object, null for actors without one. 0x0383b398 calls it on the player actor and reads Vector3f at +0xac and +0xc4 of the result; 0x024b0cbc calls it and writes +0x158. Result+0x1f0 is the capsule centre, measured +0.800 above the feet position."
function,0x02eb67f4,ksys::ui::PauseMenuDataMgr::setEquippedWeaponItemValue,,wiiu,v208,confirmed,"void(this, s32 value, PouchItemType type). Matches the decomp line for line: early-out on type >= 4 (isPouchItemNotWeapon), lock the crit section at this+0x10, walk the item list counting an index, take the first entry with the equipped byte at +0x14 set and type at +0x08 equal to the parameter, store value to mValue at +0x10, then setFlag_PorchItem_Value1(value, idx) when mIsPouchForQuest (this+0x38128) is clear. Sole caller 0x024a2928 at 0x024a29d0. THIS is what makes a durability change show up in the menu - writing the weapon actor alone leaves the sparkle and the badly-damaged indicator stale."
data,0x10469978,ksys::ui::PauseMenuDataMgr singleton pointer,,wiiu,v208,confirmed,"Loaded by the only caller of setEquippedWeaponItemValue as `lis r3,0x1047; lwz r3,-0x6688(r3)` at 0x024a29c4. Null before a save is loaded."
function,0x02e1a6f8,ksys::gdt::setFlag_PorchItem_Value1,,wiiu,v208,confirmed,"void(s32 value, s32 index, bool debug). Reached from the string ""PorchItem_Value1"" at 0x102056c0 -> name accessor 0x02e2471c -> array-flag handle resolver 0x02e1e4cc (distinct from the scalar getS32Handle at 0x02e1e16c) -> handle global 0x10467774; forwards to the generic array setS32 at 0x02e15a98. Matching getter wrapper at 0x02e1a6e0. The save-backed copy of an item value; index is the pouch slot index."
field,0x08,PouchItem::mType,PouchItem,wiiu,v208,confirmed,"Compared against the PouchItemType parameter in 0x02eb67f4. Sword=0, Bow=1, Arrow=2, Shield=3; the function early-outs on anything >= 4, which is the compiled form of isPouchItemNotWeapon."
field,0x10,PouchItem::mValue,PouchItem,wiiu,v208,confirmed,"Durability for weapons, count for stackables. Written by 0x02eb67f4 and kept in step with the PorchItem_Value1 flag at the same index. Distinct from the weapon actor current life, which is the value combat reads."
field,0x14,PouchItem::mEquipped,PouchItem,wiiu,v208,confirmed,"Byte, non-zero when equipped. Tested first in the 0x02eb67f4 loop before the type comparison."
field,0x10,PauseMenuDataMgr crit section,PauseMenuDataMgr,wiiu,v208,confirmed,Passed to lock 0x030bb668 / unlock 0x030bb69c around the item-list walk in 0x02eb67f4 and its siblings.
field,0x4c,PauseMenuDataMgr item list,PauseMenuDataMgr,wiiu,v208,confirmed,"sead::OffsetList: list head at +0x4c, end/tail pointer at +0x50, node offset at +0x58. Iterated as `node = *(node + offset + 4) - offset` in 0x02eb67f4, 0x02eb7988 and 0x02eb7a70."
field,0x38128,PauseMenuDataMgr::mIsPouchForQuest,PauseMenuDataMgr,wiiu,v208,confirmed,"Byte. When set, 0x02eb67f4 updates PouchItem::mValue but skips the GameData flag write - the quest-pouch copy is not meant to persist."
field,0x18,PouchItem::mName,PouchItem,wiiu,v208,confirmed,"The name object, laid out as char* at +0x18 and vptr at +0x1c - the reverse of a plain sead::SafeString, which is why +0x1c reads as garbage. Pinned by 0x0308812c, called as 0x0308812c(item + 0x18) from both 0x02eb7a70 and 0x02eb7988: it does `(**(code **)(param_1[1] + 0x1c))(param_1)` then `FUN_0310d4b4(DAT_1046ca84, *param_1)`, so word 1 is the vtable and word 0 is the string passed to the actor-info lookup. Read back from a running game as the equipped arrow name (Item_Arrow_*)."
function,0x0308812c,actor-info value lookup by item name,,wiiu,v208,behaviour-confirmed-name-unknown,"int(PouchItem::mName*). Returns the item max value: resolves the name through actor-info singleton DAT_1046ca84 via 0x0310d4b4 and multiplies by 0x024b60f8(). 0x02eb7a70 uses it to refill an equipped entry to full and then syncs PorchItem_Value1, which is what makes it the refill-to-max path."
function,0x02eb4518,ksys::ui::PauseMenuDataMgr::loadFromGameData,,wiiu,v208,confirmed-static,"Rebuilds the whole pouch from GameData. Walks 0x1a4 (420) slots reading name (0x02e1a680), equip flag (0x02e1a6b0) and value (0x02e1a6e0 = getFlag_PorchItem_Value1), maps name to PouchItemType via 0x02eae914, and adds each through 0x02eb3df0. Special-cases only types 0/1/3 (weapons), 8 (food, unpacking cook effects into item+0x64/0x68/0x6c/0x70/0x74 and the effect array at item+0x78/0x80) and 9. Armour (4/5/6) takes the generic path, which is why nothing interprets an armour value."
function,0x02eb3764,ksys::ui::PauseMenuDataMgr::saveToGameData,,wiiu,v208,confirmed-static,"Inverse of 0x02eb4518: writes name, equip flag (from item+0x14) and value across all 420 slots, zeroing the tail. IMPORTANT: the value written is mValue + 1 when the item is in the array at mgr+0x37ea8 (5 entries, stride 8) AND its actor-info carries tag 0x9b44906f. loadFromGameData reads it back with no matching -1, so durability read out of a save is one point higher than the game held, and any equipped item whose value nothing consumes ratchets up by one per save/load cycle. Observed live: an equipped Armor_171_Head drifted -1 -> 2 across three reloads. CORRECTION: an earlier version of this row called mgr+0x37ea8 the equipped array. It is not - it is the DROP QUEUE (see 0x02eba358). The real equipped array is mgr+0x3812c, 4 entries indexed by type 0-3."
function,0x02e17f58,ksys::gdt::increaseFlag_CurrentRupee,,wiiu,v208,confirmed,"void(s32 delta, u8 tag). CORRECTION - an earlier revision of this row called it setFlag_CurrentRupee. It is an ADD. It builds a SafeString for ""CurrentRupee"" (string 0x101fb72c) and forwards to 0x02e147a4, which pushes onto the delta queue at manager+0x71c. Proven two ways: 0x03204a14 (rupee pickup) enqueues its pickup amount through the identical call shape and its alternate branch computes current + amount before storing; and calling it with an absolute value was observed live adding that value to the wallet, doubling the total when handed back its own reading. For an absolute write use 0x0320400c."
function,0x02e147a4,ksys::gdt::increaseFlag_s32_byName,,wiiu,v208,confirmed,"void(s32 delta, sead::SafeString* name, u8 tag). CORRECTION - previously recorded here as a setter, which it is not. Guards on manager 0x1046d5b0 and manager+0x71c, then calls the queue push 0x0324d670(queue, delta, name, 0xffffffff, tag); the 0xffffffff is the array index, meaning scalar. A non-zero tag additionally sets IsChangedByDebug and ORs 0x800 into manager+0x730."
function,0x0320fadc,ksys::gdt::getFlag_s32_byName,,wiiu,v208,confirmed-static,"int(core, s32* out, sead::SafeString* name, u8 flags, int one) -> non-zero on success. No dedicated CurrentRupee getter exists to pair with 0x02e17f58; this is how the game reads it. Argument shape taken verbatim from the can-afford check at 0x02a771bc: core is **(u32**)(mgr + 0x700) and flags is *(u8*)(mgr + 0x704), with mgr from 0x1046d5b0."
data,0x1046d5b0,ksys::gdt::Manager singleton pointer,,wiiu,v208,confirmed-static,"Null-checked before use by 0x02e147a4, 0x02a771bc and 0x02315500. Null before a save is loaded. Fields used here: +0x700 (pointer to the slot holding the flag-store object), +0x704 (u8 passed to the by-name reads), +0x71c (the object the by-name writes target), +0x730 (status bits, 0x800 = changed by debug)."
data,0x10263910,sead::SafeString vtable,,wiiu,v208,confirmed,"A stack sead::SafeString is built as { const char* text; const void* vtable; } - string pointer FIRST, vtable second. Seen at 0x02e17f58, 0x02a771bc, 0x02315500 and 0x02eae914, and it is the same inverted order as PouchItem::mName at +0x18. Assuming the usual vptr-first layout puts every field one word out; that mistake was made and caught during the pouch work."
function,0x03204a14,gdt add-to-flag by name (s32),,wiiu,v208,behaviour-confirmed-name-unknown,"void(gdt::Manager*, s32 delta, sead::SafeString* name). The rupee pickup path: 0x02315500 calls it with the pickup amount and ""CurrentRupee"" when the actor is collected. An atomic add, as opposed to the read-modify-write a mod would otherwise do through 0x0320fadc plus 0x02e17f58."
function,0x0324d670,ksys::gdt flag-delta queue push,,wiiu,v208,confirmed-static,"void(queue, s32 delta, sead::SafeString* name, s32 index, u8 tag). Hashes the name via 0x030c5d30 and writes a 0x10-byte record {tag@+0x00, nameHash@+0x04, index@+0x08, delta@+0x0c} into a per-thread ring buffer selected by 0x04005070 (3 dedicated lanes plus a shared fallback), dropping the write when the lane is full. The records are DELTAS, not values - this is what makes every caller reaching it an add rather than a set."
function,0x0320400c,ksys::gdt::setFlag_s32_byName,,wiiu,v208,confirmed-static,"void(Manager*, s32 value, sead::SafeString* name). The genuine absolute write. Taken from the immediate branch of 0x03204a14, which reads the flag with 0x0320fadc, adds its delta, and calls this with the total. Use in preference to 0x02e147a4 when an absolute value is wanted."
field,0x64,PouchItem cook data (food only),PouchItem,wiiu,v208,behaviour-confirmed-name-unknown,"Present only on type 8 (Food); the loader and saver special-case that type to move these. Layout from 0x02eb4518 and 0x02eb3764: +0x64 and +0x68 are ints carried as a float pair through gdt (0x02e1ac8c load / 0x02e1aca4 save), +0x6c an int (0x02e17d68 / 0x02e17d80), +0x70 and +0x74 a float pair (0x02e179c8 / 0x02e17d50), +0x78 an effect count and +0x80 a pointer to up to 5 u32 effect ids saved individually through 0x02e17db0/de0/e10/e40/e70. Which field is health, duration, sell price or effect level is NOT established - only that these are the food fields and how many there are."
function,0x0320fadc,ksys::gdt::getFlag_s32_byName,,wiiu,v208,confirmed,"int(core, s32* out, sead::SafeString* name, u8 flags, int one) -> non-zero on success. Splits into a name lookup 0x0320f45c(core + 0x10, name, one) returning a store index, then the indexed read 0x0320f9b4(core, out, index, flags). core is **(void***)(manager + 0x700) and flags is *(u8*)(manager + 0x704), manager from 0x1046d5b0."
function,0x0320f45c,ksys::gdt flag name -> store index,,wiiu,v208,confirmed-static,"int(container*, sead::SafeString* name, int) -> index, or -1 for an empty name or no match. CRC32s the name with 0x030c5d30 and hands the hash to the binary search 0x03208cd4. This is where flag names stop existing: only the hash is used from here on."
function,0x03208cd4,ksys::gdt flag hash binary search,,wiiu,v208,confirmed-static,"uint(container*, u32 hash) -> index or 0xffffffff. Binary-searches a sorted array of flag objects, reading each candidate hash through virtual slot +0x14. Establishes the container layout: u32 count at +0x00 and void** entries at +0x08, entries being an array of flag object pointers."
function,0x03234b08,ksys::gdt read s32 flag by index,,wiiu,v208,confirmed-static,"int(s32* out, container*, int index, u8 flags) -> non-zero on success. Argument order taken from the register moves in the stub 0x0320f9b4 (r12=core, r3=out, r4=core+0x10, tail branch) rather than Ghidra parameter recovery, which reports only two parameters and is wrong. This is what makes enumerating a store possible without a name."
field,0x10,ksys::gdt s32 flag container,flag core,wiiu,v208,confirmed-static,"The s32 flag store, at core + 0x10. Sibling stores follow every 0x0c bytes - the stub at 0x0320f9c4, immediately after the s32 one, uses core + 0x1c with a different read function (0x03234bac). Which sibling holds bool, f32 and the rest is NOT established; counts can be probed per store to tell them apart, since bool flags vastly outnumber the others in a real save."
vtable_slot,0x14,ksys::gdt flag object name hash accessor,flag object vtable,wiiu,v208,confirmed-static,"No-arg virtual returning the flag object u32 name hash. Called on every candidate during the binary search in 0x03208cd4, and the only identity a flag object exposes - the store keeps no name strings."
function,0x030c5d30,sead CRC32 of a C string,,wiiu,v208,behaviour-confirmed-name-unknown,"Takes the char* out of a sead::SafeString and returns the hash the gdt stores are keyed by. Also used by the flag-delta queue push 0x0324d670. Turning an enumerated hash back into a name means hashing candidate names with the same function, since nothing stores the reverse mapping."
reference,0x04,gdt flag store table (all 18 containers),flag core,wiiu,v208,confirmed,"MEASURED against a live v208 save, superseding an earlier predicted version of this row. Containers start at core+0x04 and are 0x0c apart, in the canonical gdt type order; each is { u32 count @ +0x00, u32, void** entries @ +0x08 }. store/offset/count as read: 0 bool 0x04 42025, 1 s32 0x10 2792, 2 f32 0x1c 46, 3 string32 0x28 6, 4 string64 0x34 16, 5 string256 0x40 3, 6 vector2f 0x4c 1, 7 vector3f 0x58 44, 8 vector4f 0x64 1, 9 bool_array 0x70 5, 10 s32_array 0x7c 35, 11 f32_array 0x88 3, 12 string32_array 0x94 0, 13 string64_array 0xa0 28, 14 string256_array 0xac 4, 15 vector2f_array 0xb8 3, 16 vector3f_array 0xc4 3, 17 vector4f_array 0xd0 0. Identified by matching counts to the ROM gamedata categories (tools/flag_names/generate.py prints them): s32 is exact at s32_data 2709 + revival_s32_data 83 = 2792, and every non-bool store matches its category exactly. Bool reads 42025 against 42021 from the update files (bool_data 9564 + revival_bool_data 32457) - four more than the files describe, so treat bool as identified by position and magnitude rather than to the entry. NOTE the container after s32 is f32, NOT bool; bool sits before s32 and is missed entirely by a probe that only walks forward from 0x10."
function,0x0320fa78,ksys::gdt::getFlag_bool_byName,,wiiu,v208,confirmed-static,"int(core, bool* out, sead::SafeString* name, u8 flags, int one) -> non-zero on success. Structurally identical to the s32 reader 0x0320fadc; it resolves the index against core+0x04 rather than core+0x10 and calls the bool stub 0x0320f9a4. Write the out word as a zeroed u32 and test the whole word: on big-endian a single-byte store lands in the most significant byte, so that works whether the callee writes one byte or four."
function,0x03234a64,ksys::gdt read bool flag by index,,wiiu,v208,confirmed-static,"int(bool* out, container*, int index, u8 flags) -> non-zero on success. Reached through either of two stubs at 0x0320f994 and 0x0320f9a4, both of which add the 0x04 bool container offset and tail-branch here. They sit immediately BEFORE the s32 stub at 0x0320f9b4, which is why a scan that walks forward from s32 never finds bool - the store after s32 is f32 (stub 0x0320f9c4, container 0x1c, reader 0x03234bac)."
function,0x032002d4,ksys::gdt::setFlag_bool_byName,,wiiu,v208,confirmed-static,"int(Manager*, bool value, sead::SafeString* name) -> non-zero on success. Found via 0x02e147a4, which calls it to raise IsChangedByDebug. Mirrors the s32 setter 0x0320400c exactly - same manager+0x730 bit 0x12 guard, same manager+0x716 gate, same mirrored second write to the core at manager+0x710 when manager+0x715 is set - differing only in the typed setter it forwards to: 0x032163cc for bool against 0x03216440 for s32. Note writes go through the cores at manager+0x70c/+0x710 while reads use manager+0x700; all are TriggerParam objects carrying the full set of type containers."
function,0x032354bc,ksys::gdt flag store-value core (with latch bypass),,wiiu,v208,confirmed,"undefined4(bool* outChanged, u8* value, container*, u32 index, int flags, int force) -> 1 on write, 0 on refusal. THE one-trigger gate lives here: `if ((iVar2 == 0) || (force != 0) || vtable+0x4c(flag)) { vtable+0xac(flag, *value); return 1; }` then falls through to the guarded setter `vtable+0xa4(flag, value)`, which refuses a clear on a latching flag and returns 0. vtable +0xac is the unconditional store, +0xa4 the one-trigger-aware one, +0x4c the may-write-freely test (non-zero for a flag that is not IsOneTrigger). Every wrapper in the binary passes force = 0; nothing in the game ever forces."
function,0x032163cc,ksys::gdt typed bool setter,,wiiu,v208,confirmed,"void(core, bool value, sead::SafeString* name, u8 flags, int one, int force). Resolves the index against core+0x04 via 0x0320f45c then calls 0x0321095c, which wraps 0x032354bc and fires the change notifications when the value actually moved. Call this directly with force = 1 to clear a latching flag; the s32 equivalent is 0x03216440."
function,0x03203b7c,ksys::gdt::setFlag_bool_byName (primary core pair),,wiiu,v208,confirmed-static,"int(Manager*, bool value, sead::SafeString* name). A SECOND bool by-name setter alongside 0x032002d4, identical in shape but operating on the core pair at manager+0x6fc/+0x700 with gate manager+0x706 and flag byte manager+0x704, where 0x032002d4 uses manager+0x70c/+0x710, gate +0x716, flag byte +0x714. Reads in this codebase resolve their core from manager+0x700. Both pass force = 0."
reference,,"gdt flag properties, and why writes get refused",,wiiu,v208,confirmed,"Every flag carries properties in the ROM gamedata alongside DataName/HashValue: IsOneTrigger, IsProgramReadable, IsProgramWritable, IsSave, IsEventAssociated, InitValue, MinValue, MaxValue, ResetType, Category, DeleteRev. IsOneTrigger is the one that bites: such a flag latches, so setting it true works and setting it false is REFUSED by the ordinary setter, which returns 0 and looks like a failed write. Measured live: Clear_Dungeon000, Open_Dungeon000 and IsGet_PlayerStole2 are all IsOneTrigger True and reject a clear; IsChangedByDebug is IsOneTrigger False and flips both ways. Also note a write is not visible to a read taken in the same frame - it settles a frame later - so verifying a write in the same request reports the old value and makes a successful write look inert."
reference,,IsGet_PlayerStole2 gates the Great Plateau containment,,wiiu,v208,confirmed,"Clearing the bool flag IsGet_PlayerStole2 (the paraglider) puts the Great Plateau containment back in force: tested live standing OUTSIDE the Plateau on a finished save, and the game immediately returned the player to it. So leaving the Plateau is gated on this flag, not on terrain or on shrine completion - Clear_Dungeon009/038/041/065 were all false at the time and did not trigger it. The flag is IsOneTrigger, so clearing it needs the force path (see 0x032354bc); setting it back to true needs no force. The flag is INDEPENDENT of the pouch: with it false, PlayerStole2 was still present as a KeyItem (pouch index 304, value 1) and the key-item count was unchanged, so clearing it does not strip the item and the change is fully reversible."
reference,,Great Plateau shrine flag indices,,wiiu,v208,confirmed,"Shrine numbering is arbitrary, NOT geographic - Dungeon000-003 are ordinary shrines elsewhere, not the tutorial four. The Great Plateau shrines are Dungeon009 Owa Daim, Dungeon038 Oman Au, Dungeon041 Ja Baij, Dungeon065 Keh Namut. Derived by joining StaticMsg/LocationMarker.msbt out of Pack/Bootup_USen.pack against the LocationMarker positions in Map/MainField/Static.smubin, which also carry SaveFlag Location_DungeonNNN; the Shrine of Resurrection anchor is the StartPoint marker at X -1102.2 Y 276.3 Z 1880.1. Flag semantics confirmed by observation: Open_DungeonNNN is entered, Clear_DungeonNNN is completed, so clearing only Clear_ leaves a shrine shown as entered but not completed."
reference,,"Great Plateau containment behaviour, measured",,wiiu,v208,confirmed,"With IsGet_PlayerStole2 cleared the containment is ARMED, not fired: the boundary fog appears and disappears in real time as the flag is toggled, and the teleport is a separate continuous spatial check. Standing at the base of the Plateau does NOT trigger it, so the region extends past the cliff edge and down around the base - being off the plateau top is not the condition. Measured firing point (-942.1, 127.3, 1398.9), 507m from the StartPoint marker and 402m from the return point, at y=127 having already descended from y=253. RETURN POINT IS FIXED at approximately (-1021.8, 253.3, 1792.9): two independent voids landed within 0.3m of each other, it is not the nearest boundary point and not the position held when the flag was cleared. Nearest named marker is StartPos PosName=GameStart in map D-6 at (-1061.0, 249.3, 1829.1), 53m away - the opening cutscene cliff - so the return is near that spawn but not exactly on it. Boundary SHAPE is not established: only one direction was sampled, so circle vs box is still open. Measured with tools in the BotW_API repo by polling /api/player for position jumps."
reference,,gdt has TWO independent write guards,,wiiu,v208,confirmed,"A refused bool write has two possible causes and they are checked in different places inside 0x032354bc. (1) IsOneTrigger: the flag latches, so setting true works and clearing is refused by the guarded setter at vtable +0xa4; bypassed by the force argument (param_6), which takes the unconditional path at vtable +0xac. (2) IsProgramWritable=false: the flag is event-system-only, rejected EARLIER by the `if (param_5 != 0) { vtable+0x34; if (0x0324d1d0() == 0) return 0; }` block, where param_5 is the manager flag byte from +0x714 (1 in practice); passing 0 for it skips the block entirely. The two are independent - measured on a live save, force=1 alone cleared only 9 of 103 Divine Beast quest flags, while adding the permission bypass cleared all 103. All 25 beast STATE flags are IsProgramWritable=true and needed only force=1. Note IsProgramReadable=false is NOT enforced on the read path used here: Wind_Relic_Ready declares it false and still reads fine."
reference,,"Divine Beast flags, and what they drive",,wiiu,v208,confirmed,"Beast state: Clear_Remains{Water,Fire,Wind,Electric} completed, Enter_Remains* entered, Active_Remains* active in world, FirstMessage_Remains* first-approach dialogue, IsGet_Obj_HeroSoul_{Zora,Goron,Rito,Gerudo} champion abilities, Location_Remains* map markers (s32, values 3/13/4/5 when discovered, not bools). Terminal flags MainFieldDungeon_DgnObj_RemainsTerminalBody_A_* and Remains*_SmallKeyNum read as false/0 on a completed save, so per-terminal state does not persist after a beast is freed. Main quests are named by element, not by beast: Water_Relic (Ruta), Fire_Relic (Rudania), Wind_Relic (Medoh), Electric_Relic (Naboris), plus Find_4Relic overall and GotoZoraVillage as a precursor - 197 flags across the six prefixes. Clearing those DOES clear the quest log, so the log is gdt-driven. It does NOT move the beasts already visible in the overworld: those are actors in a loaded region and placement is only re-evaluated when the region reloads. Placement-looking flags (Fire_Relic_FireRelicONOFF, Wind_Relic_WindRelicONOFF, Electric_Relic_PosReset, Fire_Relic_CraterFireRelicApper, Wind_Relic_Sky, Water_Relic_ExtraPlacement) are all IsProgramWritable=false and need the permission bypass."
function,0x02eb3df0,ksys::ui::PauseMenuDataMgr::addItem,,wiiu,v208,confirmed,"void(mgr, sead::SafeString* name, int type, list, int value, int a, int b, int c). The high-level add: refuses actors tagged 0x17919f47, dedupes type 9 (KeyItem) by name unless tagged 0x9b44906f, merges type 0 into an existing entry by name, then inserts via 0x02eb0a70 and runs the bookkeeping (0x02eb3d38 dirty, 0x02eb2884 page/count rebuild, 0x02eb3460 tab heads). Argument shape copied verbatim from 0x02eb5ab8, NOT inferred: that caller does lock 0x030bb668(mgr+0x10); type = 0x02eae914(name, 0); addItem(mgr, name, type, mgr+0x4c, 1, 0, 0, 0); 0x02eb58a8(mgr, name); saveToGameData 0x02eb3764(mgr, mgr+0x4c); unlock 0x030bb69c. Verified live by adding and removing apples."
function,0x02eb5ab8,ksys::ui pouch add wrapper (food-tagged),,wiiu,v208,confirmed-static,"void(mgr, sead::SafeString* name). Gated on actor-info tag 0x30a3552e, one of the two tags that mark type 8 (Food) in 0x02eae914. Worth keeping as the reference call sequence for adding an item - it is the shortest complete example of lock, classify, add, save, unlock."
reference,,how the game removes a pouch item,,wiiu,v208,confirmed,"Removal NEVER unlinks the list node. 0x02eb7988 (drops the type-0 item matching 0x03084748, i.e. the Master Sword) and the arrow consume 0x02eb6624 both just zero mValue at item+0x10, clear mEquipped at item+0x14, and re-sync that pouch index through 0x02e1a6f8 (value) and 0x02e1a6c8 (equip flag), skipping the flag writes when the quest-pouch byte at manager+0x38128 is set. 0x02eb6624 additionally cascades a count across multiple stacks of the same name. This makes a hand-rolled remove far safer than expected - it is a value write, not a list edit."
function,0x02eb2884,ksys::ui::PauseMenuDataMgr page/count rebuild,,wiiu,v208,confirmed-static,"void(mgr, list). Rebuilds the 0x32-entry page arrays at manager+0x37d08 (item pointers) and +0x37dd0 (per-slot type) and the counts at +0x37ea4 (total), +0x37ee0/+0x37ee4/+0x37ee8 (type 0 sub-counts by item+0x0c), +0x37eec (shields) and +0x37ef0 (bows), plus the cursor at +0x37e98/+0x37e9c/+0x37ea0. Companion 0x02eb3460 rebuilds the 7 tab heads at manager+0x37cec..+0x37d04, grouping types as 0 / 1+2 / 3 / 4+5+6 / 7 / 8 / 9 - the seven pouch tabs."
function,0x024a2928,actor -> pouch durability sync,,wiiu,v208,confirmed-static,"void(actor). The ONLY caller of setEquippedWeaponItemValue 0x02eb67f4. Reads the held weapon actor durability through its own vtable (+0x4ec guard, +0x2bc getter) and pushes it into the pouch entry for the mapped type. This is the WORLD -> POUCH direction, which means the actor owns the equipped weapon and the pouch trails it for durability. The POUCH -> WORLD direction is separate and is triggered by the pause menu equip action - reported from play: equipping anything in the menu refreshes what Link is holding, which is why an API equip shows in the menu but not in the world until the menu is used. Finding that refresh is the remaining piece; the writer of the equipped-pointer cache at manager+0x37ea8 is the best lead, since nothing examined so far writes it."
function,0x02eba358,ksys::ui::PauseMenuDataMgr equipped-cache append,,wiiu,v208,confirmed,"void(mgr, PouchItem*). Appends the item to the 5-entry equipped cache at manager+0x37ea8 - entries are 8 bytes, PouchItem* at +0 and flags at +4 and +5 - or sets the +5 flag when the item is already cached. Then, when 0x104636b0 is non-null, calls 0x02a116f0(that, item->mName at item+0x18, *(0x10463f6c + 0x10)). DO NOT use this to equip: tested live, calling it and then opening and closing the menu SPAWNS the named weapon as an actor in the world instead of changing what Link holds, so 0x02a116f0 creates an actor from a name rather than equipping one. Useful negative result all the same - the cache is demonstrably consumed when the menu closes, which makes the menu-close path the consumer worth understanding."
reference,,locating writers of a large struct offset without a symbol,,wiiu,v208,confirmed,"manager+0x37ea8 is past the 16-bit displacement limit, so PPC code must build it as addis rD,rA,3 followed by a displacement of 0x7ea8 - and Ghidra offers no instruction search. Scanning code/U-King.rpx directly is far cheaper than probing functions one at a time: it is an ELF32-BE whose sections carry SHF_RPL_ZLIB (0x08000000) with a 4-byte big-endian size prefix, .text loads at 0x02000020, and decompressing it in Python then matching that displacement found all twelve referencing sites in one pass. Decoding a short window after each site to see which store a live register rather than zero narrowed twelve to two, and preferring the one storing a function argument found 0x02eba358 immediately. Same technique applies to any offset too large for one displacement."
function,0x02a15e44,ksys equipment mgr: request actor for a slot,,wiiu,v208,confirmed,"void(equipmentMgr, int slot, sead::SafeString* name, int value, sead::SafeString* debugTag). THE pouch -> world equip call. Fills the slot record (0x5c bytes each, from equipmentMgr+0x4c, manager pointer at 0x10463708) so the actor loads; once the record reaches state 2 the player update takes it with 0x02a157c8 and attaches it. Copied argument-for-argument from 0x02eb8180, which calls it as (DAT_10463708, 3, item + 0x18, *(int*)(item + 0x10), &""PauseMenuDataMgr""). Slot mapping from pouch type: 0->0 right hand, 1->2 bow, 3->1 shield, 4->3 head, 5->4 chest, 6->5 legs; arrows have no slot. VERIFIED LIVE: setting item+0x14 and then calling this swaps the weapon Link holds, applied when the player update next runs (visible on pausing and unpausing)."
function,0x02d6f224,ksys::act::Player equipment update,,wiiu,v208,confirmed,"void(player). Runs the equipment reconciliation for all three hands. For each of weapon / shield / bow it checks the dirty byte (+0xf00 / +0xf40 / +0xf80), and if set clears it and DETACHES via 0x02d6f0cc(player, 0|1|2). Then, UNCONDITIONALLY and regardless of that flag, it takes any pending slot actor with 0x02a157c8(DAT_10463708, slot) and attaches it through player vtable +0x85c. That asymmetry is the whole puzzle: the dirty flags drive detach only, so raising one without requesting an actor drops the held weapon and attaches nothing - measured, that is exactly what happens. Also handles armour slots 3/4/5 through 0x0328f01c."
function,0x02a157c8,ksys equipment mgr: take pending slot actor,,wiiu,v208,confirmed-static,"int(equipmentMgr, uint slot) -> actor or 0. Reads the slot record at equipmentMgr+0x4c + slot*0x5c, returns 0 unless its state field is 2 (loaded), resolves the actor handle, then CLEARS the record - a one-shot take. Paired with the request at 0x02a15e44."
reference,,the full pouch equip recipe,,wiiu,v208,confirmed,"What actually equips an item, verified end to end for BOTH weapons and armour - weapon swap and a full head/chest/legs armour swap were each confirmed in game, applied when the player update next runs (visible on pausing and unpausing). 1) Under the pouch crit section at mgr+0x10 set item+0x14 on the target and clear it on every other item of the same type, syncing each PorchItem_EquipFlag by pouch index via 0x02e1a6c8 unless the quest-pouch byte mgr+0x38128 is set. 2) Call 0x02ebf690(mgr) to rebuild the equipped array at mgr+0x3812c from those flags. 3) Call 0x02a15e44(*(void**)0x10463708, slot, &item->mName, item->mValue, &tag) to request the actor. The player update 0x02d6f224 attaches it on its next pass. Do NOT raise the player dirty flags via 0x02d36a10 and do NOT call 0x02eba358 - the first drops the held weapon, the second throws the item on the ground; both were tried and both are wrong. STEP 4, to apply without the menu: the attach normally waits for the player update, which the game only runs on menu close. Poll the slot record at equipmentMgr+0x4c + slot*0x5c for its state word at +0x4c reaching 2 (ready, geometry from 0x02a157c8), then call 0x02d6f224(player) directly with the player from 0x02d497c4(*(void**)0x10463f38). Poll rather than waiting a fixed delay - the load is asynchronous and running the update early takes nothing and wastes the request. Verified live: the swap then applies instantly, no pause needed."
reference,,"gdt f32 flag access, and the per-type table spacing",,wiiu,v208,confirmed,"f32 flags: container core+0x1c, by-name read 0x0320fb40, indexed read 0x03234bac (via stub 0x0320f9c4), typed setter 0x032164b4. The three tables are evenly spaced, which is how these were located and then confirmed rather than guessed: by-name getters 0x64 apart (bool 0x0320fa78, s32 0x0320fadc, f32 0x0320fb40), indexed-read stubs 0x10 apart (bool 0x0320f9a4, s32 0x0320f9b4, f32 0x0320f9c4), typed setters 0x74 apart (bool 0x032163cc, s32 0x03216440, f32 0x032164b4). CALLING CONVENTION: the f32 setter takes its value in f1, not a GPR, so the C signature is (core, float value, name, flags, one, force) - core r3, value f1, name r4, flags r5, one r6, force r7. The bool setter by contrast has value in r4 and name in r5. Declaring the float anywhere else in the list silently passes it in the wrong register. Verified live: the store reports 46 entries, matching f32_data in the ROM exactly, and App_Map_Scale reads 0.05 by name. The 3 extra names in the generated table are f32_array_data, which lives in a different container and will not resolve by name."
reference,,"gdt vector3f flag access, and where the tables stop being regular",,wiiu,v208,confirmed,"vector3f flags: container core+0x58, by-name read 0x0320fcd0, indexed read 0x03234f3c (via stub 0x0320fa04), typed setter 0x0321661c. The value is 12 bytes so it travels by POINTER in a GPR - unlike the f32 scalar, which rides in f1. WARNING for anyone extrapolating from the bool/s32/f32 spacing: it does not hold here. Both the indexed-stub table and the by-name family SKIP vector2f outright, running string256 (+0x40) straight into vector3f (+0x58), and the setter table breaks stride around the string types - predicted addresses were wrong for two of the three and each had to be confirmed by reading the container offset out of the disassembly. Verified live: the store reports 44 entries, matching vector3f_data in the ROM exactly; PlayerSavePos read back (-2998.37, 375.83, -1910.88); and a partial write of y alone left x and z untouched."
reference,,"weapon modifiers: storage, and what the bits mean",,wiiu,v208,confirmed,"A weapon bonus is two words on the PouchItem: bitmask at item+0x6c and magnitude at item+0x64 - the same union food uses for cook data, which is why the game gates the write on type <= 3. Set through PauseMenuDataMgr::setItemModifier 0x02eb0a1c(mgr, item, const s32 pair[2]) where pair[0] is the mask and pair[1] the magnitude; a null pointer or zero mask clears it. addItem routes its 7th argument through the same call for types 0/1/3, which is how a weapon loaded from a save picks up PorchSword_FlagSp / PorchSword_ValueSp. BITS ARE PER WEAPON CLASS, not universal: melee honours 1 attack, 2 durability, 4 critical, 8 long throw; bow honours 1, 2, 0x10 multishot, 0x20 zoom, 0x40 quickshot; shield honours 2, 0x80 surf, 0x100 guard. 0x80000000 is a TIER bit, not a bonus - OR it onto a bonus for the yellow + version. Confirmed in game on swords: 1 Attack Up, 2 Durability Up, 4 Critical Hit, and 100 decimal (critical|zoom|quickshot) shows Critical Hit because a melee weapon ignores the bow bits. Combining honoured bits still displays only one bonus (3 shows Attack Up, 6 shows Durability Up). APPLYING ONE TO THE HELD WEAPON: the pouch updates at once but the actor Link is holding keeps the stats it spawned with, so the item must be re-equipped IN GAME. Do not try to shortcut that by re-requesting the actor through 0x02a15e44 - that request carries only a name and a durability, no modifier, so the rebuilt weapon comes back WITHOUT the bonus. Measured: adding that refresh made Long Throw and Shield Surf stop working entirely, having worked when re-equipped by hand, and removing it restored them. The same request is fine for EquipItem, where a name and durability are all it needs."
reference,0x0308b9b8,weapon modifier and effect NAME table,,wiiu,v208,confirmed,"Static init building a 31-entry table of effect names at 0x1046c534 (stride 0x14, count in 0x105491c4). It mixes food/armour effects with weapon modifiers. The weapon ones: AddPower, AddLife, AddGuard, Critical, AddPowerPlus, AddLifePlus, AddGuardPlus, LongThrow, SpreadFire, ZoomRapid, RapidFire, SurfMaster. TWO things this settles. (1) ZoomRapid is ONE modifier granting burst and zoom together - there is no standalone zoom bit, which is why setting 0x20 on a bow produces a burst with zoom and looked like two modifiers at once. (2) Only Power, Life and Guard have Plus forms, so the 0x80000000 yellow tier bit is only meaningful on those three. Table ORDER is not bit order (AddGuard is third by name but 0x100 by bit). Bits confirmed in game: 1 AddPower, 2 AddLife, 4 Critical, 0x10 SpreadFire, 0x20 ZoomRapid. Unconfirmed: 8 LongThrow, 0x40 RapidFire, 0x80 SurfMaster, 0x100 AddGuard."
reference,,weapon modifier magnitudes: two dead ends (superseded),,wiiu,v208,confirmed,"Recorded so these are not re-searched. Neither turned up the magnitude semantics; see the measured row for the answer. (1) No weapon actor declares SharpWeaponAddType or SharpWeaponAddValue in its GeneralParamList - 264 param lists scanned across update and base romfs, zero hits - despite both strings existing in the executable; they are AI-action parameters, bound at 0x0219e9f8. (2) A live late-game save had no naturally-rolled modifier on any of its 26 swords or 20+ bows and shields, so there was no in-save reference value to read. The answer eventually came from the roll-range parameters (SharpWeaponAddAtkMin/Max and friends) plus testing in game."
function,0x02eb7e24,ksys::ui weapon modifier mask decoder,,wiiu,v208,confirmed,"uint(uint mask) -> display/sort index. THE authoritative bit mapping, exhaustive and taken from the binary rather than from what the UI shows: 0x1 AddPower -> 1 (0 if the 0x80000000 tier bit is set), 0x2 AddLife -> 5 (4 if tier), 0x8 LongThrow -> 6, 0x4 Critical -> 7, 0x100 AddGuard -> 3 (2 if tier), 0x80 SurfMaster -> 8, 0x10 SpreadFire -> 10, 0x20 ZoomRapid -> 11, 0x40 RapidFire -> 9, nothing set -> 12. Indices 0-12 are 13 values, matching the 12 weapon modifier names in the 0x0308b9b8 effect table plus none, and the tier pairing fixes which index is which. TWO further facts fall out. The tier bit is consulted ONLY in the AddPower, AddLife and AddGuard branches, so yellow is meaningless on the other six - consistent with Plus names existing only for those three. And the test ORDER is the display priority, 0x1 > 0x2 > 0x8 > 0x4 > 0x100 > 0x80 > 0x10 > 0x20 > 0x40, which is why a combined mask shows one bonus; it predicts the measured cases 3 -> Attack Up, 6 -> Durability Up, 0x64 -> Critical Hit. Consumers: the pouch sort comparators 0x02ec08d0 and 0x02ec0c44 read item+0x6c (only when type < 4) and order by this index."
reference,,"weapon modifier magnitudes, measured",,wiiu,v208,confirmed,"How item+0x64 is read per bit, established by testing in game rather than inferred. INT: 0x1 AddPower flat attack, 0x2 AddLife flat durability, 0x100 AddGuard flat guard, 0x10 SpreadFire, 0x80 SurfMaster, 0x8 LongThrow. FLOAT BITS: 0x40 RapidFire alone - written as 1.3 it visibly speeds the bow draw, while integer 1 did nothing, because as float bits 1 is a denormal near zero. 0x4 Critical and 0x20 ZoomRapid untested. The roll ranges in weapon GeneralParamLists (193 of 264 weapons) do NOT reliably indicate the stored type. AddAtkMin/Max are ints 0-9 (Powered to 16), AddLifeMin/Max 1-7 (Powered to 18), AddGuardMin/Max 0-12 (Powered to 26) - consistent. But PoweredSharpAddThrowMin/Max are floats 1.5 and 2.0 while LongThrow stores an INT: large integers throw far, and float parsing broke it. RapidFire is the only case where a float declaration (1.0-1.3) matches the stored type. SharpWeaponPer is 10.0 everywhere - the chance of rolling any bonus. TWO WRONG INFERENCES WORTH NOT REPEATING. (1) A bool roll parameter (SharpWeaponAddCrit, PoweredSharpAddSpreadFire / ZoomRapid / SurfMaster) means the weapon may ROLL that bonus, not that the bonus ignores its magnitude - SpreadFire and SurfMaster both respond to it. (2) A float roll RANGE does not imply a float stored magnitude, as LongThrow shows. For this field, behaviour beats declaration."
field,0x64,PouchItem cook data (food only) - RESOLVED,PouchItem,wiiu,v208,confirmed,"Supersedes the earlier behaviour-confirmed-name-unknown row for these offsets. Which GameData flag feeds which word, traced through loadFromGameData 0x02eb4518 and the handles its readers use: +0x64 and +0x68 from StaminaRecover (vector2f, both components stored as ints) via 0x02e1ac8c handle 0x1046795c; +0x6c from CookEffect1 via 0x02e17d68 handle 0x10464770; +0x70 and +0x74 from CookEffect0 (vector2f, kept as floats) via 0x02e179c8 handle 0x1046476c; the name array at +0x80 filled from CookMaterialName0-4. MEANINGS, confirmed against meals of known effect: +0x64 health in QUARTER-HEARTS (20 = 5 hearts, 12 = 3, 8 = 2, 4 = 1); +0x68 effect duration in SECONDS (120 = 2:00, 250 = 4:10, 140 = 2:20); +0x74 effect tier as a float (2.0 on a dish showing attack up 2); +0x70 effect id as a float, seen -1 none, 10 attack up, 13 speed up, and 2 and 11 not yet identified; +0x6c is presumed the sell price and is unverified. +0x78 is NOT an ingredient count - it reads 5 on every item regardless of how many ingredients were used, so it is the capacity of the +0x80 name array, which is what loadFromGameData bounds its five reads against."
reference,,the complete cook-effect set and its tuning,,wiiu,v208,confirmed,"Cooking/CookData.sbyml System.CEI is the authoritative list of cook effects - exactly TWELVE, no more. Each entry is {BT base time seconds, MR multiplier, Mi min tier, Ma max tier, SSA crit bonus, T name hash}. Every hash resolved by hashing all 987947 strings in U-King.rpx (see tools/rpx_scan/resolve_hash.py): StaminaRecover BT0 MR1.4 1-15 SSA2; GutsPerformance BT0 MR0.5 1-20 SSA2; LifeRecover BT0 MR2.0 1-120 SSA12; LifeMaxUp BT0 MR1.0 4-108 SSA4; ResistHot BT120 MR0.35 1-2; ResistCold BT120 MR0.35 1-2; ResistElectric BT120 MR0.5 1-3; AllSpeed BT30 MR0.45 1-3; AttackUp BT20 MR0.45 1-3; DefenseUp BT20 MR0.45 1-3; Quietness BT90 MR0.35 1-3; Fireproof BT120 MR0.3 1-2. THE CEI INDEX IS NOT THE EFFECT ID stored at item+0x70 - AttackUp is CEI entry 8 but effect id 10. EVERY ID CONFIRMED IN GAME by writing each onto a dish and reading the menu: 1 LifeRecover, 2 LifeMaxUp (hearty, no timer), 4 ResistHot, 5 ResistCold, 6 ResistElectric, 10 AttackUp, 11 DefenseUp, 12 Quietness (stealth), 13 AllSpeed, 14 StaminaRecover, 15 GutsPerformance (extra stamina), 16 Fireproof. Ids 3, 7, 8 and 9 are genuinely unused - each produces a timed effect with no icon and no name rather than falling back to anything, which is itself evidence the rest of the mapping is right. Also confirmed: item+0x6c IS the sell price, a created dish written with 500 sold for 500."
reference,,armour effects: where they live,,wiiu,v208,confirmed-static,"An armour effect is NOT per-item and NOT per-save. loadFromGameData (0x02eb4518) reads only name, value and equip flag for pouch types 4-6 - the modifier union is read for types 0/1/3 and the cook union for type 8 only - and there is no PorchArmor_* flag in the flag-name strings. The only storage is the ArmorEffect object in the armour ACTOR's GParamList: armorEffectEffectType (a name) and armorEffectEffectLevel, plus three booleans. ksys::act::Player::updateArmorEffects (0x02d58cc4) sums those across the three worn pieces and caches the totals on the player; gameplay reads the cache, not the parameters. So a write to a piece is invisible until the cache is rebuilt. This is what botw/armour.hpp is built on."
function,0x0328c6c0,ksys::act::getArmorEffectType,,wiiu,v208,confirmed-static,"Body is the shared per-actor GParamList accessor: take the actor out of the handle at param+4, bail unless its parameter resource (actor+0x39c) has a non-empty name at +8, then GParamList = params+0x78, object array = gparam+0x244 bounds-checked against the count at gparam+0x240, and read the field off the object. Returns the const char* at ArmorEffect object +0x2c. Named by its own by-name fallback, which calls 0x0310d814 - a function whose whole body is a lookup of the literal ""armorEffectEffectType"". Its only caller is 0x0328c7f4."
function,0x0328c5a4,ksys::act::getArmorEffectLevel,,wiiu,v208,confirmed-static,"Body is the shared per-actor GParamList accessor: take the actor out of the handle at param+4, bail unless its parameter resource (actor+0x39c) has a non-empty name at +8, then GParamList = params+0x78, object array = gparam+0x244 bounds-checked against the count at gparam+0x240, and read the field off the object. Returns the s32 at ArmorEffect object +0x40. Named by its by-name fallback 0x0310d8a4, whose body looks up the literal ""armorEffectEffectLevel"". This is the value 0x0328c7f4 returns once it has decided the piece's effect type matches."
function,0x0328bf40,ksys::act::getArmorEffectAncientPowUp,,wiiu,v208,confirmed-static,"Body is the shared per-actor GParamList accessor: take the actor out of the handle at param+4, bail unless its parameter resource (actor+0x39c) has a non-empty name at +8, then GParamList = params+0x78, object array = gparam+0x244 bounds-checked against the count at gparam+0x240, and read the field off the object. Returns the byte at ArmorEffect object +0x50. Named by its by-name fallback 0x0310d8cc, which looks up ""armorEffectAncientPowUp"" - the Ancient set's ancient-weapon damage bonus."
function,0x0328c05c,ksys::act::getArmorEffectEnableClimbWaterfall,,wiiu,v208,confirmed-static,"Body is the shared per-actor GParamList accessor: take the actor out of the handle at param+4, bail unless its parameter resource (actor+0x39c) has a non-empty name at +8, then GParamList = params+0x78, object array = gparam+0x244 bounds-checked against the count at gparam+0x240, and read the field off the object. Returns the byte at ArmorEffect object +0x60. Named by its by-name fallback 0x0310d8f4, which looks up ""armorEffectEnableClimbWaterfall"" - the Zora set."
function,0x0328c178,ksys::act::getArmorEffectEnableSpinAttack,,wiiu,v208,confirmed-static,"Body is the shared per-actor GParamList accessor: take the actor out of the handle at param+4, bail unless its parameter resource (actor+0x39c) has a non-empty name at +8, then GParamList = params+0x78, object array = gparam+0x244 bounds-checked against the count at gparam+0x240, and read the field off the object. Returns the byte at ArmorEffect object +0x70. Named by its by-name fallback 0x0310d908, which looks up ""armorEffectEnableSpinAttack"" - the Barbarian set."
function,0x0328b8c8,ksys::act::getArmorDefenceAddLevel,,wiiu,v208,confirmed-static,"Body is the shared per-actor GParamList accessor: take the actor out of the handle at param+4, bail unless its parameter resource (actor+0x39c) has a non-empty name at +8, then GParamList = params+0x78, object array = gparam+0x244 bounds-checked against the count at gparam+0x240, and read the field off the object. The odd one out: it takes GParamList object index 0x18 (Armor), NOT 0x19 (ArmorEffect), and returns the s32 at +0x3c. Named by its by-name fallback 0x0310d7bc, which looks up ""armorDefenceAddLevel"". Aggregated by 0x03291a80."
function,0x0328c7f4,ksys::act::getArmorEffectLevelIfType,,wiiu,v208,confirmed-static,"int(BaseProcHandle* piece, sead::SafeString* effectName). Calls getArmorEffectType on the piece and, if the name matches effectName, returns getArmorEffectLevel; otherwise it walks the 6-row combo table at 0x1054cbb8 looking for the piece's type as a combined entry and returns the level if effectName is either of that entry's two components. Returns 0 on no match. Every aggregate query below is a loop over the three worn pieces around this call."
function,0x0328cbfc,ksys::act::initArmorEffectTables,,wiiu,v208,confirmed-static,"Static initialiser that fills the ArmorEffect name table (0x1054cc38), the combo table (0x1054cbb8), the Armor_Default actor names (0x1054cc00) and the armour series names (0x1054ccf0). Nothing calls it at runtime - it is the reason those tables read null before boot has got this far, which every reader here checks for."
field,0x039c,parameter resource,ksys::act::Actor,wiiu,v208,confirmed-static,"Pointer to the actor's parameter resource. All six accessors above dereference it identically and guard on the C string at +8 being non-empty; when it IS empty they fall back to a by-actor-name lookup through the global at 0x1046ca84, which is read-only."
field,0x0008,resource name,ksys::act::ActorParam,wiiu,v208,confirmed-static,"const char*. Used only as the ""do I have my own parsed parameters"" test - the accessors compare its first byte against DAT_10263a00 (the shared NUL constant)."
field,0x0078,GParamList,ksys::act::ActorParam,wiiu,v208,confirmed-static,Pointer to the parsed GParamList. Same load in all six accessors.
field,0x0240,object count,ksys::act::GParamList,wiiu,v208,confirmed-static,"u32. Every accessor does `if (index < count) obj = array[index];` and otherwise falls back to array[0], so this is a real bound rather than a capacity."
field,0x0244,object array,ksys::act::GParamList,wiiu,v208,confirmed-static,"Pointer to an array of GParamListObject pointers, 4 bytes each. Index 0x18 is Armor and index 0x19 is ArmorEffect; both indices are hard-coded in the accessors, which is what pins them down - there is no name lookup at this level."
field,0x002c,armorEffectEffectType,ksys::act::GParamListObjectArmorEffect,wiiu,v208,confirmed-static,"sead::SafeString value: the const char* at +0x2c and the vtable at +0x30, pointer first, the same layout as PouchItem::mName. From 0x0328c6c0, which calls the vtable slot at +0x1c on +0x30 and then returns *(+0x2c). Writing it is what changes the effect a piece grants; the value should be one of the 23 pointers in the table at 0x1054cc38 so that the comparison in 0x0328c7f4 takes its pointer-equality fast path."
field,0x0040,armorEffectEffectLevel,ksys::act::GParamListObjectArmorEffect,wiiu,v208,confirmed-static,"s32, from 0x0328c5a4. Summed across the three worn pieces, so two pieces declaring the same effect at 2 give the player 4. The 0x14-byte gap from +0x2c is just agl::utl::Parameter layout: a 12-byte ParameterBase then the value."
field,0x0050,armorEffectAncientPowUp,ksys::act::GParamListObjectArmorEffect,wiiu,v208,confirmed-static,"bool, from 0x0328bf40."
field,0x0060,armorEffectEnableClimbWaterfall,ksys::act::GParamListObjectArmorEffect,wiiu,v208,confirmed-static,"bool, from 0x0328c05c. Aggregated as ""any worn piece has it"" by 0x032923c4."
field,0x0070,armorEffectEnableSpinAttack,ksys::act::GParamListObjectArmorEffect,wiiu,v208,confirmed-static,"bool, from 0x0328c178. Aggregated as ""any worn piece has it"" by 0x0329255c."
field,0x003c,armorDefenceAddLevel,ksys::act::GParamListObjectArmor,wiiu,v208,confirmed-static,"s32, from 0x0328b8c8. On GParamList object 0x18, not the ArmorEffect object."
data,0x1054cc38,ksys::act::ArmorEffect name table,,wiiu,v208,confirmed-static,"23 sead::SafeStrings, 8 bytes each ({const char* text; vtable}), written by 0x0328cbfc. In order: 0 (empty), ResistHot, ResistBurn, ResistCold, ResistElectric, ResistLightning, SwimSpeed, ClimbSpeed, AttackUp, Quietness, SandMove, SnowMove, ResistAncient, ResistBurnAndResistAncient, ResistColdAndResistAncient, ResistElectricAndResistAncient, SwimSpeedAndResistAncient, ResistFreeze, WakeWind, BeamPowerUp, ClimbSpeedHorizontalOnly, ResistHotAndWakeWind, ClimbSpeedAndBeamPowerUp. The count is 0x17 and the stride is proved by 0x0328c7f4's `&DAT_1054cc38 + index * 2` on an int* array. This ordering IS the Armour::Effect enum in botw/armour.hpp."
data,0x1054cbb8,ksys::act::ArmorEffect combo table,,wiiu,v208,confirmed-static,"6 rows of 3 u32 name-table indices: {combined, componentA, componentB}. 13={2,12}, 14={3,12}, 15={4,12}, 16={6,12}, 21={1,18}, 22={20,19} - i.e. the four *AndResistAncient entries, ResistHotAndWakeWind and ClimbSpeedAndBeamPowerUp resolve to their two parts. The 6-row length is exact: 0x0328c7f4 walks it 3 words at a time until the pointer reaches 0x1054cc00, which is 0x48 bytes on, and 0x1054cc00 is where the next table starts. This is why a single Zora greave declaring SwimSpeedAndResistAncient counts for both effects at one level rather than needing two parameters."
data,0x1054cc00,Armor_Default actor name array,,wiiu,v208,confirmed-static,"7 SafeStrings from 0x0328cbfc: Armor_Default, _Head, _Upper, _Lower, _Extra_00, _Extra_01, Item_Conductor. Recorded because it is the array immediately after the combo table and doubles as that walk's end sentinel - not because it has been used for anything."
data,0x1054ccf0,armour series name table,,wiiu,v208,confirmed-static,"24 SafeStrings from 0x0328cbfc: two unnamed, then Gerudo, GerudoCloth, (unnamed), Goron, Sheikah, Stalfos, Ancient, Climb, Rubber, Power, Korok, AmiiboOcarinaOfTime, AmiiboWindWaker, AmiiboTwilightPrincess, AmiiboSkywardSword, AmiiboFirstHero, AmiiboMajorasMask, Black, Tingle, Phantom, Collaboration, PhantomGanon, RoyalGuard. The armour SERIES, which is what the set bonus is keyed off - distinct from the per-piece effect."
data,0x1046c7a0,armour set-bonus (Cb_) name table,,wiiu,v208,confirmed-static,"13 entries of 12 bytes: {u32 bitIndex; const char* text; vtable}, written by 0x0308b9b8 with the count at 0x105491cc and the base at 0x105491d0. Bit 0 Cb_DecSwimEnergy, 1 Cb_ResistElectric, 2 Cb_ResistHot, 3 Cb_ResistFreeze, 4 Cb_ResistFire, 5 Cb_ResistLightning, 6 Cb_NightMoveSpeedUp, 7 Cb_NightGlow, 8 Cb_DecWallJumpEnergy, 10 Cb_AncientWeaponPowUp, 12 Cb_Terror, 18 Cb_ChargeAttackEnergy, 19 Cb_MasterSwordPowUp. The bit indices are read out of the table's own first words and corroborated three ways by 0x03086c2c, which tests `mask & 1 << index`, special-cases bits 12 and 6 together as Cb_TerrorAndNightMoveSpeedUp, and special-cases mask 0x40101 (bits 0, 8, 18) as Cb_ChargeAttackEnergy; and by 0x03290c48, which tests bit 2 to add the ResistHot set bonus."
data,0x1046c534,ksys::act::SpecialStatus name table,,wiiu,v208,confirmed-static,"31 entries of 20 bytes: {s32 id; const char* text; vtable; s32 displayIndex; s32 maxLevel}, with the count at 0x105491c4 and the base at 0x105491c8. Stride and layout are proved by 0x030804e4, which scans `entry->id == wanted` stepping 5 words. The id/name pairs (ids are NOT the table order) are: 15 ExGutsMaxUp, 2 LifeMaxUp, 4 ResistHot, 5 ResistCold, 6 ResistElectric, 10 AttackUp, 11 DefenseUp, 12 Quietness, 13 AllSpeed, 14 GutsRecover, 16 Fireproof, 17 ResistLightning, 18 SwimSpeedUp, 19 ClimbSpeedUp, 20 SandMoveSpeedUp, 21 SnowMovingSpeed, 22 ReduceAncientEnemyDamge, 24 AddPower, 25 AddLife, 27 AddGuard, 26 Critical, 28 AddPowerPlus, 29 AddLifePlus, 30 AddGuardPlus, 31 LongThrow, 32 SpreadFire, 33 ZoomRapid, 34 RapidFire, 35 SurfMaster, 36 (empty name), 37 ResistFreeze. The last word is the max level: 2 for ResistHot/ResistCold/Fireproof, 3 for ResistElectric/AttackUp/DefenseUp/Quietness/AllSpeed/SwimSpeedUp/ClimbSpeedUp/ReduceAncientEnemyDamge, 1 for ResistLightning/SandMoveSpeedUp/SnowMovingSpeed/ResistFreeze, 10 for ExGutsMaxUp, and -1 (unbounded) for LifeMaxUp, GutsRecover and every weapon modifier. 0x030870e0 turns an id into the StaticMsg/SpecialStatus message ""<name>_Name""."
data,0x1046c4b0,cook-effect name table,,wiiu,v208,confirmed-static,"11 entries of 12 bytes {s32 id; const char* text; vtable}, count at 0x105491bc, base at 0x105491c0, written by 0x0308b9b8: GutsRecover, ExGutsMaxUp, LifeMaxUp, ResistHot, ResistCold, ResistElectric, AttackUp, DefenseUp, Quietness, AllSpeed, Fireproof. The subset of SpecialStatus that a meal can carry - LifeRecover is absent because it has no name."
reference,,the SpecialStatus table statically confirms the CookEffectId numbers,,wiiu,v208,confirmed-static,"The ids in 0x1046c534 match, one for one, every cook-effect id botw/pouch.hpp had established by writing them onto a dish in game: LifeMaxUp 2, ResistHot 4, ResistCold 5, ResistElectric 6, AttackUp 10, DefenseUp 11, Quietness 12, AllSpeed 13, GutsRecover 14 (pouch.hpp's CookStaminaRecover), ExGutsMaxUp 15 (CookGutsPerformance), Fireproof 16. It also explains the gaps: 0, 1, 3, 7, 8, 9 and 23 have no entry at all. The table's last word independently reproduces the per-effect tier caps pouch.hpp took from CookData.sbyml's System.CEI. Two independent sources agreeing is worth recording, but note this does not upgrade the cook ids to a new confidence - they were already runtime-confirmed."
function,0x02d58cc4,ksys::act::Player::updateArmorEffects,,wiiu,v208,confirmed-static,"The recompute. Takes the Player, passes player+0x1d94 to each of the 19 aggregate queries below and stores the results into the cache block at player+0x1a50 (see the cache row). Identified as Player-side by r29+0xe8 being the actor vtable, r29+0x394 the sound/effect handle it passes to 0x0370ee34, and by the PlayerInfo work in its first half (it loads PlayerInfo::sInstance from 0x10463f38 and calls the stamina getters/setters at 0x02d49xxx). NOT CALLED by botw/armour.hpp: besides the cache it drives PlayerInfo, two sound/effect requests and half a dozen further setters, all of which belong to an equipment change that has not happened when a mod merely edits a parameter. Armour::Refresh() rewrites the same words from the same queries instead, which is the side-effect-free half."
field,0x1d94,equipped-armour holder,ksys::act::Player,wiiu,v208,confirmed-static,"The object every aggregate query takes. 0x02d58cc4 computes `addi r3,r29,0x1d94` before all 19 calls, and the queries themselves only ever touch it at +8 (the handles) and +0xb8 (the set-bonus mask)."
field,0x0008,armour actor handles,ksys::act::Player equipped-armour holder,wiiu,v208,confirmed-static,"Array of BaseProc handles, 0xc bytes each: {BaseProcUnit* unit; s32 id; u8 allowDying}. The queries walk indices 0..2 with a bounds check against 6, so the capacity is 6 and only three are used - head, upper, lower, in that order (the order is inferred from the pouch types and equipment slots, not proved). The record shape is the same one Player::GetRaw() already reads out of the player tracker at +0x34/+0x38/+0x3c, and it is resolved the same way, through 0x0378d8dc."
field,0x00b8,set-bonus mask,ksys::act::Player equipped-armour holder,wiiu,v208,confirmed-static,"u32 of Cb_* bits, indexed by the table at 0x1046c7a0. 0x03290c40's whole body is `return param_1 + 0xb8`, and 0x03290c48 uses it as `if ((mask >> 2 & 1) && total == 0) total = 1;` - the ResistHot set bonus, which is why a full Snowquill set still resists heat at level 1 with no piece declaring it."
function,0x03290c40,armour set-bonus mask accessor,,wiiu,v208,confirmed-static,Returns holder+0xb8. One instruction; recorded because it is what fixes that offset.
function,0x0378d8dc,ksys::act::BaseProcUnit::getProc,,wiiu,v208,confirmed-static,"void*(BaseProcUnit* unit, s32 id, u8 allowDying). Whole body: `if (id != -1 && unit->[0x3c] == id) { p = unit->[0x40]; if (allowDying) return p; if (p && p->[0x54] != 3) return p; } return 0;` - so it is a generation-checked handle resolve, and the state byte at +0x54 == 3 means ""being deleted"". Already used by Player::GetRaw() before this pass; recorded now that its body is known, since armour.hpp resolves three more handles with it. 0x0378da88(handle) is the matching `isValid`, and its whole body is this call != 0."
reference,,player armour-effect cache block,,wiiu,v208,confirmed-static,"Where 0x02d58cc4 stores each query's result, taken one for one from its `bl <query>; stw r3,<offset>(r29)` pairs. player+0x1a50 ResistHot, +0x1a54 ResistCold, +0x1a58 ResistBurn, +0x1a5c ResistFreeze, +0x1a60 ResistElectric, +0x1a64 ResistLightning, +0x1a68 AttackUp, +0x1a74 total armorDefenceAddLevel, +0x1a7c SwimSpeed, +0x1a80 ClimbSpeed, +0x1aa0 ClimbSpeedHorizontalOnly, all s32. THREE ARE NOT s32: +0x1a00 Quietness is an f32 (the game converts through the standard PPC signed-int-to-double idiom, so an integer store there reads as a denormal near zero - the same trap Pouch::ModifierWantsFloat documents), and +0x1aa4 SandMove / +0x1aa5 SnowMove are single bytes set from `level > 0` rather than the level. +0x1aa6 SpinAttack, +0x1aa7 EnableClimbWaterfall and +0x1aa9 WakeWind are bytes too. +0x1a6c, +0x1a70, +0x1a78 and +0x1a84..+0x1a98 are zeroed on every pass. ResistAncient and BeamPowerUp have NO cache word - their results are handed straight to 0x02d902ec and friends - which is why Armour::Refresh() does not write them."
function,0x03290c48,ksys::act::getArmorEffectResistHot,,wiiu,v208,confirmed-static,"int(holder). Loops the three worn pieces calling 0x0328c7f4(piece, &nameTable[1] ""ResistHot"") and sums, then `if ((setBonusMask >> 2 & 1) && total == 0) total = 1`. This is the function every other query below is a copy of, minus the set-bonus tail. Cached at player+0x1a50."
function,0x03290df8,ksys::act::getArmorEffectResistBurn,,wiiu,v208,confirmed-static,"Same shape as 0x03290c48, passing &nameTable[2] ""ResistBurn"" (0x1054cc48). Cached at player+0x1a58."
function,0x03290f84,ksys::act::getArmorEffectResistCold,,wiiu,v208,confirmed-static,"Passes &nameTable[3] ""ResistCold"" (0x1054cc50). Cached at player+0x1a54."
function,0x03291110,ksys::act::getArmorEffectResistFreeze,,wiiu,v208,confirmed-static,"Passes &nameTable[17] ""ResistFreeze"" (0x1054ccc0). Cached at player+0x1a5c."
function,0x03291428,ksys::act::getArmorEffectResistElectric,,wiiu,v208,confirmed-static,"Passes &nameTable[4] ""ResistElectric"" (0x1054cc58). Cached at player+0x1a60."
function,0x0329129c,ksys::act::getArmorEffectResistLightning,,wiiu,v208,confirmed-static,"Passes &nameTable[5] ""ResistLightning"" (0x1054cc60). Cached at player+0x1a64."
function,0x032915dc,ksys::act::getArmorEffectSwimSpeed,,wiiu,v208,confirmed-static,"Passes &nameTable[6] ""SwimSpeed"" (0x1054cc68). Cached at player+0x1a7c."
function,0x03291768,ksys::act::getArmorEffectClimbSpeed,,wiiu,v208,confirmed-static,"Passes &nameTable[7] ""ClimbSpeed"" (0x1054cc70). Cached at player+0x1a80."
function,0x032918f4,ksys::act::getArmorEffectAttackUp,,wiiu,v208,confirmed-static,"Passes &nameTable[8] ""AttackUp"" (0x1054cc78). Cached at player+0x1a68."
function,0x03291bfc,ksys::act::getArmorEffectQuietness,,wiiu,v208,confirmed-static,"Passes &nameTable[9] ""Quietness"" (0x1054cc80). Cached at player+0x1a00 AS A FLOAT."
function,0x03291d88,ksys::act::getArmorEffectSandMove,,wiiu,v208,confirmed-static,"Passes &nameTable[10] ""SandMove"" (0x1054cc88). Cached at player+0x1aa4 as a byte, set from `result > 0` rather than the level."
function,0x03291f14,ksys::act::getArmorEffectSnowMove,,wiiu,v208,confirmed-static,"Passes &nameTable[11] ""SnowMove"" (0x1054cc90). Cached at player+0x1aa5 as a byte, set from `result > 0`."
function,0x032920a0,ksys::act::getArmorEffectResistAncient,,wiiu,v208,confirmed-static,"Passes &nameTable[12] ""ResistAncient"" (0x1054cc98). NOT cached as a raw word - updateArmorEffects feeds it straight into 0x02d902ec."
function,0x032926f4,ksys::act::getArmorEffectClimbSpeedHorizontalOnly,,wiiu,v208,confirmed-static,"Passes &nameTable[20] ""ClimbSpeedHorizontalOnly"" (0x1054ccd8). Cached at player+0x1aa0."
function,0x03292880,ksys::act::getArmorEffectWakeWind,,wiiu,v208,confirmed-static,"Passes &nameTable[18] ""WakeWind"" (0x1054ccc8). Cached at player+0x1aa9 as a byte."
function,0x03292a28,ksys::act::getArmorEffectBeamPowerUp,,wiiu,v208,confirmed-static,"Passes &nameTable[19] ""BeamPowerUp"" (0x1054ccd0). NOT called by updateArmorEffects and so has no cache word - the Master Sword path reads it directly."
function,0x03291a80,ksys::act::getArmorDefenceAddLevelTotal,,wiiu,v208,confirmed-static,"Same three-piece loop, but calling the Armor-object getter 0x0328b8c8 rather than 0x0328c7f4, so it takes no effect name and sums armorDefenceAddLevel. Cached at player+0x1a74."
function,0x032923c4,ksys::act::getArmorEffectEnableClimbWaterfallAny,,wiiu,v208,confirmed-static,"Three-piece loop calling 0x0328c05c; returns 1 on the FIRST piece that has the flag, else 0 - an any-of, not a sum. Cached at player+0x1aa7 as a byte."
function,0x0329255c,ksys::act::getArmorEffectEnableSpinAttackAny,,wiiu,v208,confirmed-static,"Three-piece loop calling 0x0328c178; any-of, same shape as 0x032923c4. Cached at player+0x1aa6 as a byte."
function,0x030804e4,ksys::act::getSpecialStatusIndex,,wiiu,v208,confirmed-static,"int(s32 id) -> table index, or -1. Linear scan of the 31-entry table at 0x1046c534 stepping 5 words per entry. This is the function that fixes that table's stride and its {id first} layout."
function,0x030870e0,ksys::act::getSpecialStatusName,,wiiu,v208,confirmed-static,"Builds ""<SpecialStatus name>_Name"" and looks it up in the message archive ""StaticMsg/SpecialStatus"". Useful for turning an effect id into the string the game itself displays; not called by botw/armour.hpp, which uses the raw names."
function,0x03086c2c,ksys::act::getSetBonusName,,wiiu,v208,confirmed-static,"Takes the set-bonus mask and resolves it to a ""Cb_<name>_Name"" message in StaticMsg/SpecialStatus. Recorded because its bit tests are what confirm the bit indices in the 0x1046c7a0 table, including the two combinations it names specially."
reference,,the in-game clock: where it lives and how a jump is done,,wiiu,v208,confirmed-static,"The clock is an f32 on the world manager's time sub-manager (+0x98) AND the GameData flag ""WM_Time"". They are not two copies that drift: ksys::wm::TimeMgr::calc (0x0365f558) reads the flag into +0x98 at the top of every frame, advances it, and writes it back at the bottom, so the flag is the storage and +0x98 is a per-frame working copy. A day is 360.0 units, giving 15 units per hour and 4 in-game minutes per unit. To MOVE the clock, calc offers a pending field at +0xa0 (-1.0 = nothing pending): when it holds a value >= 0 and the request byte at +0x129 is 0 or 0xff, calc moves the clock there, resets the field to -1.0 and notifies sub-manager 1. That is the jump path, and it is what botw/gametime.hpp uses - writing +0x98 alone would move the number without telling anything downstream."
data,0x1047be88,ksys::wm::Manager singleton pointer,,wiiu,v208,confirmed-static,"Read as `lis r3,0x1048; lwz r3,-0x4178(r3)`. Clearest at 0x02c41264, which null-checks it and then calls the manager's init at 0x03673f6c with it in r3 and a mode in r4, and immediately after stores through it as `stb r6,0x64f(r4)`. Ghidra's decompiler names it DAT_1047be88; 0x0365ef90 uses the same global to reach the sub-manager array."
field,0x045c,sub-manager count,ksys::wm::Manager,wiiu,v208,confirmed-static,u32. Every user bounds-checks an index against it before touching the array at +0x464 - e.g. 0x0365ef90's `if (6 < mgr->[0x45c]) x = ((void**)mgr->[0x464])[6]`.
field,0x0464,sub-manager array,ksys::wm::Manager,wiiu,v208,confirmed-static,"Pointer to an array of sub-manager pointers, 4 bytes each. Index 0 is the time manager, fixed by 0x03673f6c passing `((void**)(mgr+0x464))[0]` to 0x03661870 - the function that goes on to cache the WM_Time / WM_NumberOfDays / WM_TimeDivision flag indices. Indices 1..7 are other world sub-managers (1 is the one the clock notifies on a jump; 6 and 7 are used by the Blood Moon checks)."
field,0x0648,clock enable gate,ksys::wm::Manager,wiiu,v208,behaviour-confirmed-name-unknown,"char. TimeMgr::calc reads it early and returns immediately when it is zero, which skips the advance, the pending jump AND the flag write-back. Behaviour is certain; the C++ name is not. Matters to a mod because a SetGameTime issued while this is low leaves the notify half of the jump waiting until the game resumes - the value itself still lands, because the setter also writes the flag and the working copy."
function,0x0365f558,ksys::wm::TimeMgr::calc,,wiiu,v208,confirmed-static,"The whole clock, in one function, and the source for every field offset below. In order: reload WM_Time into +0x98, WM_NumberOfDays into +0x11c and WM_TimeDivision into +0x18 from GameData; bail if the manager's +0x648 gate is clear; apply the pending jump at +0xa0; run the switch on the request byte at +0x129 (case 0 is the ordinary advance, time += rate * delta, wrapping at 360.0 through the day-rollover handler); recompute the time division from the thresholds; write WM_Time, WM_NumberOfDays, WM_BloodyMoonTimer and WM_bloodyEndReserveTimer back."
function,0x0365f214,ksys::wm::TimeMgr::onDayChange,,wiiu,v208,confirmed-static,"void(TimeMgr*, bool fromLoad). First statement is `mgr->[0x11c] += 1`, which is what fixes +0x11c as the day counter. Called by calc when the clock wraps past 360.0. Also where the Blood Moon schedule is consulted - it looks up the ""BloodyMoon"" entry of ""Schedule"" and arms the timers. NOT called by Time::SetDay, which is why setting the day does not restock shops or roll a Blood Moon."
function,0x03660e8c,ksys::wm::TimeMgr::initFlagIndices,,wiiu,v208,confirmed-static,"Hashes each flag name it cares about, resolves it to a flag index, and caches the index on the manager. This is the row that names every index field: WM_Time +0xb4 (f32, via 0x0322de20), WM_NumberOfDays +0xb8 (s32, 0x0322de18), WM_TimeDivision +0xbc (s32), then bools via 0x0322de10 - WM_DaytimeFlag +0xc0, WM_NighttimeFlag +0xc4, IsPlayed_Demo103_0 +0xc8, Demo997_0 +0xcc, FindDungeon_Activated +0xd0, WM_IsMorningA +0xd4, WM_IsMorningB +0xd8, WM_IsNoonA +0xdc, WM_IsNoonB +0xe0, WM_IsEveningA +0xe4, WM_IsEveningB +0xe8, WM_IsNightA +0xec, WM_IsNightB +0xf0, Water_Relic_RainStop +0xf4, IsGet_PlayerStole2 +0xf8, WM_BloodyDay +0xfc, WM_BloodyMoonTimer +0x100 (f32), WM_bloodyEndReserveTimer +0x104, IsInHyruleCastleArea +0x108, LastBossGanonBeastGenerateFlag +0x10c, Wind_Relic_BattleStart +0x110, Electric_Relic_Battle +0x114, Water_Relic_BattleTime +0x118, BloodyMoonProhibition +0x120. NOTE the decompiled store for each name lags one iteration behind the lookup, so read the pairs carefully. It also does the initial restore of the three clock values."
function,0x03661870,ksys::wm::TimeMgr::initFromGameData,,wiiu,v208,confirmed-static,"Calls initFlagIndices then seeds the manager: +0xa4 = the stock rate (1/120), +0xa0 = -1.0 (no pending jump), +0x129 = 0, +0x12a = 0. Runs on load, which is why a Time::SetTimeScale does not survive loading a save."
field,0x0098,current time,ksys::wm::TimeMgr,wiiu,v208,confirmed-static,"f32, 0.0 at midnight to 360.0 at the next midnight - 15 units per hour, 4 in-game minutes per unit. Reloaded from the WM_Time flag at the top of every calc and written back at the bottom, so it is a working copy rather than the storage. At the stock rate a full day takes about 24 real minutes."
field,0x00a0,pending time jump,ksys::wm::TimeMgr,wiiu,v208,confirmed-static,"f32, -1.0 when there is nothing pending. calc does `if (0.0 <= pending && (request == 0 || request == 0xff)) { time = pending; pending = -1.0; notify(subMgr[1]); }`. THE correct way to move the clock from outside: it goes through the game's own jump path and fires the notify, which slamming +0x98 does not."
field,0x00a4,time rate,ksys::wm::TimeMgr,wiiu,v208,confirmed-static,"f32, units added per tick before the frame delta. Stock value 1/120 (0x10301844), set by initFromGameData. Identified beyond doubt by calc computing max(rate / 0.008333, 1.0) into +0xb0 - dividing the field by its own stock value to get a speed ratio."
field,0x00b0,clock speed ratio,ksys::wm::TimeMgr,wiiu,v208,confirmed-static,"f32 = max(rate / stock rate, 1.0), recomputed every calc and read by other systems. Means a time scale above 1 is visible outside the clock while a scale below 1 is not."
field,0x0018,current time division,ksys::wm::TimeMgr,wiiu,v208,confirmed-static,"s32, 0-7, recomputed from the time every calc and mirrored to WM_TimeDivision. Writing it is pointless - it lasts one frame. The bands, from calc's comparison chain and the WM_Is* flag each one raises: 7 NightB [0,60), 0 MorningA [60,105), 1 MorningB [105,150), 2 NoonA [150,195), 3 NoonB [195,255), 4 EveningA [255,285), 5 EveningB [285,315), 6 NightA [315,360). In hours: 00-04, 04-07, 07-10, 10-13, 13-17, 17-19, 19-21, 21-24."
field,0x001c,next time division,ksys::wm::TimeMgr,wiiu,v208,confirmed-static,s32. Set alongside +0x18 as the division after the current one.
field,0x00a8,blood moon timer,ksys::wm::TimeMgr,wiiu,v208,confirmed-static,"f32, mirrors the WM_BloodyMoonTimer flag. Advanced by the same delta as the clock and written back at the end of calc."
field,0x0124,blood moon end reserve timer,ksys::wm::TimeMgr,wiiu,v208,confirmed-static,"s32, mirrors WM_bloodyEndReserveTimer. calc decrements it and clears the WM_BloodyDay flag when it hits zero; onDayChange seeds it with 0x96 (150)."
field,0x011c,day count,ksys::wm::TimeMgr,wiiu,v208,confirmed-static,"s32, mirrors WM_NumberOfDays. Fixed by onDayChange (0x0365f214), whose first statement increments it."
field,0x0129,time jump request,ksys::wm::TimeMgr,wiiu,v208,confirmed-static,"u8. calc switches on it: 0 is the ordinary advance, and codes 0x09 through 0x20 snap the clock to midnight through 23:00 on the hour - code = hour + 9, verified against the constants each case loads (0x0a -> 15.0 = 01:00, 0x0f -> 90.0 = 06:00, 0x20 -> 345.0 = 23:00, and the on-the-hour division boundaries fill the gaps at 4, 7, 10, 13, 17, 19 and 21). 0xff is a settled state set by case 0x63. The pending field at +0xa0 is only consumed when this is 0 or 0xff. botw/gametime.hpp does not write it - the pending field takes an arbitrary time, which these codes cannot."
field,0x012a,fixed time request,ksys::wm::TimeMgr,wiiu,v208,confirmed-static,u8. 1 snaps the clock to 352.35 (23:29) and 2 to 322.5 (21:30); both then clear themselves and raise WM_BloodyDay. The Blood Moon setup.
data,0x10301898,clock: day length,,wiiu,v208,confirmed-static,"f32 360.0. calc wraps with `if (time >= 360.0) { time -= 360.0; onDayChange(); }`. Combined with the hourly constants the request codes use, this is what fixes one unit at four in-game minutes."
data,0x10301844,clock: stock time rate,,wiiu,v208,confirmed-static,"f32 1/120 (0.00833333). Written to TimeMgr+0xa4 by initFromGameData and used as the divisor when calc derives the speed ratio, so it is the baseline a time scale is relative to."
data,0x10301840,clock: no-pending-jump sentinel,,wiiu,v208,confirmed-static,"f32 -1.0. What calc writes back into TimeMgr+0xa0 after consuming a pending jump, and what initFromGameData seeds it with."
reference,0x103018d8,clock: time division thresholds,,wiiu,v208,confirmed-static,"The f32 boundaries calc compares the clock against, in address order: 0x103018d8 60.0 (04:00), 0x103018dc 105.0 (07:00), 0x103018e0 150.0 (10:00), 0x103018e4 195.0 (13:00), 0x103018e8 255.0 (17:00), 0x103018ec 285.0 (19:00), 0x1030189c 315.0 (21:00), 0x10301898 360.0 (wrap). The same constants double as the targets for the on-the-hour request codes that land on a division boundary."
string,0x101ee9a8,"""WM_Time""",,wiiu,v208,confirmed-static,"GameData flag name for the clock, f32. Returned by the name accessor at 0x02e2534c, which the flag-handle initialiser 0x02de6bf4 calls at 0x02e13ed4 before passing the result to getF32Handle (0x02e1e1d8) and storing the handle to 0x10467b84. NOTE that handle has NO generated get/set wrapper pair - the run of wrappers around 0x02e1b000 skips straight from offset 0x7b48 to the next function - because the world manager caches the flag INDEX on itself instead and writes through 0x0366275c. That is why botw/gametime.hpp goes via the manager rather than looking for a setFlag_WM_Time."
data,0x10467b84,ksys::gdt::flag_WM_Time_handle,,wiiu,v208,confirmed-static,"FlagHandle for WM_Time, written once by 0x02de6bf4 (`stw r7,0x7b84(r11)` with r11=0x1046). Recorded for completeness: nothing else in the executable reads it, so it is a dead end for a mod - see the WM_Time string row."
reference,,the WM_ GameData flags,,wiiu,v208,confirmed-static,"The world manager's own flags, all prefixed WM_. WM_Time (f32, the clock), WM_NumberOfDays (s32), WM_TimeDivision (s32 0-7), the eight WM_Is{Morning,Noon,Evening,Night}{A,B} bools, WM_DaytimeFlag / WM_NighttimeFlag, WM_BloodyDay, WM_BloodyMoonTimer (f32) and WM_bloodyEndReserveTimer. Every one is index-cached on the time manager by 0x03660e8c and driven from calc, so they are outputs to read rather than inputs to write - with the single exception of WM_Time and WM_NumberOfDays, which calc reloads at the top of each frame and which are therefore genuinely writable."
function,0x0366275c,ksys::wm::setF32FlagByIndex,,wiiu,v208,confirmed-static,"int(f32 value, gdt::Manager* mgr, u32 flagIndex). The value travels in f1 and only mgr and index occupy r3/r4. Writes the flag into both stores (mgr+0x70c and mgr+0x710) behind the manager's own guard bits at +0x730/+0x715/+0x716, and returns 0 when a guard refuses. What calc uses to push WM_Time and WM_BloodyMoonTimer back every frame, and what Time::SetGameTime uses."
function,0x03662598,ksys::wm::setS32FlagByIndex,,wiiu,v208,confirmed-static,"int(gdt::Manager* mgr, s32 value, u32 flagIndex). The s32 twin of 0x0366275c, same guards and same pair of stores. Used by calc for WM_NumberOfDays, WM_TimeDivision and WM_bloodyEndReserveTimer, and by Time::SetDay."
function,0x036623d4,ksys::wm::setBoolFlagByIndex,,wiiu,v208,confirmed-static,"void(gdt::Manager* mgr, bool value, u32 flagIndex). The bool twin. calc drives the six WM_Is* division flags through it once per division change."
function,0x0320f9c4,ksys::gdt read f32 flag by index,,wiiu,v208,confirmed-static,"(store, f32* out, u32 index, bool debug). The read half calc uses to pull WM_Time into TimeMgr+0x98. Its s32 and bool siblings are 0x0320f9b4 and 0x0320f994."
function,0x0320f9b4,ksys::gdt read s32 flag by index,,wiiu,v208,confirmed-static,"(store, s32* out, u32 index, bool debug). Used for WM_NumberOfDays and WM_TimeDivision."
function,0x0320f994,ksys::gdt read bool flag by index,,wiiu,v208,confirmed-static,"(store, bool* out, u32 index, bool debug). Used for the WM_Is* division flags and the Blood Moon bools."
function,0x0322de20,ksys::gdt::Manager::getF32FlagIndex,,wiiu,v208,confirmed-static,"(flagStore, u32 nameHash) -> index. Called by 0x03660e8c for WM_Time and WM_BloodyMoonTimer, with the hash produced by 0x030c5d30 (the sead CRC32 already in this file). The s32 and bool siblings are 0x0322de18 and 0x0322de10. An index of 0xffffffff means the flag was not found, which every writer checks."
function,0x03673f6c,ksys::wm::Manager::init,,wiiu,v208,confirmed-static,"(Manager*, s32 mode). Builds the sub-managers and calls 0x03661870 on sub-manager 0. Only listed because it is what fixes both the singleton pointer and sub-manager 0's identity; nothing here calls it."
reference,,"weather: climate roll, override, magic weather",,wiiu,v208,confirmed-static,"Three layers, resolved in this order by 0x036723a8. Bottom: the climate. The world manager knows which of twenty climates the player is in (index at +0x5f8) and the climate sub-manager rolls a weather from that climate's tables by time of day - this is all that happens in ordinary play. Middle: a single override BYTE at +0x649, 0xff for ""nobody is forcing anything"" and 0-8 to pin a type. The resolver gives it absolute priority and it does NOT expire, so it holds until something writes the byte again; only three script-driven callers in the retail game ever set it. Top: magic (Wizzrobe) weather at +0x610, -1 when idle, which beats both. botw/weather.hpp reads through the resolver and writes the override."
function,0x03672890,ksys::wm::Manager::getCurrentWeather,,wiiu,v208,confirmed-static,"u32(Manager*). Two calls: getCurrentClimate (0x036723a0) then the resolver (0x036723a8) with that index. THE answer to ""what is the weather right now"" - it folds the climate roll, the override and the magic weather together. 0x036729fc is the same thing for an arbitrary world position instead of the player's climate."
function,0x036723a8,ksys::wm::Manager::getWeatherForClimate,,wiiu,v208,confirmed-static,"u32(Manager*, s32 climateIndex). The resolver. Computes the climate's weather from the clock (it reads the time manager's +0x98 and buckets it against the constants at 0x103033a0..0x103033b4), then `if (override != 0xff && override < 9) result = override;` and finally `if (magicWeather >= 0) result = magicWeatherType`. Ends with a defensive `if (result > 8 && result != 0xff) result = 0`. This function is why the override outranks everything but Wizzrobe weather, and why 0xff is the no-override sentinel."
function,0x03679688,ksys::wm::Manager::setWeather,,wiiu,v208,confirmed-static,"void(Manager*, u32 type, u8 flag, bool respectPriority, bool lock). Rejects type > 8. Refuses when the lock byte at +0x64e is set and lock is false - a hard lock, not a priority. Refuses when a request is already standing (+0x60c != 0), respectPriority is true, and the new type is numerically lower than the standing one, so the priority rule is ""never downgrade"". On success writes +0x64d = flag, +0x60c = 4, +0x64e = lock and +0x649 = type. Its three retail callers are all script-driven: 0x02538120 (the ""Weather"" demo action) passes (type, 1, 1, 0), 0x021c2d50 passes (type, 1, 0, 0) and 0x02136434 passes (type, cond, 0, 0). It CANNOT clear an override - 0xff fails the type check - which is why Weather::ClearWeather writes the fields itself."
function,0x03672318,ksys::wm::Manager::getWeatherOverride,,wiiu,v208,confirmed-static,"u8(Manager*). Whole body returns *(u8*)(mgr + 0x649). What somebody FORCED, not what the sky is doing - 0xff when nothing is forced."
function,0x036722bc,ksys::wm::getWeatherTypeName,,wiiu,v208,confirmed-static,"const char*(u32 type). Clamps type > 8 to 0, then returns the name-table entry. The clamp is what fixes the table at exactly nine entries."
function,0x036723a0,ksys::wm::Manager::getCurrentClimate,,wiiu,v208,confirmed-static,s32(Manager*). Whole body returns *(s32*)(mgr + 0x5f8).
function,0x036728c0,ksys::wm::Manager::getClimateAtPosition,,wiiu,v208,confirmed-static,"s32(Manager*, sead::Vector3f* pos). Looks the position up in the area table, takes the climate NAME it finds, and linear-scans the twenty-entry name table at 0x10558bb8 for it (`iVar7 = 0x14` is the loop count). Returns the table index, or 0 when nothing matches. This is what proves the climate name table and the climate array at Manager+0x1e8 are parallel: 0x03678d78 writes this function's return into +0x5f8, and 0x03677250 turns around and uses the same index to subscript the array."
function,0x03672320,ksys::wm::Manager::getMagicWeatherType,,wiiu,v208,confirmed-static,"u8(Manager*). Maps the magic weather index at +0x610 through the 3-entry table at 0x1030339c, returning 0 when the index is above 2. The names are in the string ""MagicStorm,MagicRedhot,MagicCold"" at DAT_10558b58."
function,0x03678d78,ksys::wm::Manager::updateClimate,,wiiu,v208,confirmed-static,"Per-frame climate tracking. Calls getClimateAtPosition for the player (or the camera, depending on a mode byte) and, when the answer differs from +0x5f8, moves the old value to +0x5fc, stores the new one in +0x5f8 and resets the blend at +0x5cc. Recorded because it is what fixes +0x5f8 as the CURRENT climate rather than a one-off lookup."
field,0x0649,weather override,ksys::wm::Manager,wiiu,v208,confirmed-static,"u8. 0xff = none, 0-8 = force that weather type. Initialised to 0xff by 0x03673f6c (`li r9,0xff; stb r9,0x649(r30)`), written only by setWeather, and read by the resolver with absolute priority over the climate. Does not expire."
field,0x064e,weather lock,ksys::wm::Manager,wiiu,v208,confirmed-static,"u8, set from setWeather's last argument. While nonzero every setWeather that does not pass that argument is refused outright, the game's own scripted ones included. Init leaves it 0."
field,0x064d,weather request flag,ksys::wm::Manager,wiiu,v208,behaviour-confirmed-name-unknown,"u8, setWeather's third argument. Written but not read by anything traced here; retail callers pass 1, except 0x02136434 which passes a first-time condition. Init leaves it 0, which is what Weather::ClearWeather restores."
field,0x060c,weather request state,ksys::wm::Manager,wiiu,v208,behaviour-confirmed-name-unknown,"s32, always set to 4 by setWeather and read by setWeather's own priority gate as ""a request is standing"". Init leaves it 0. Clearing an override MUST zero this too: left at 4 with the override at 0xff, every priority-respecting caller compares its type against 255 and refuses, which would quietly break the game's weather scripting."
field,0x0610,magic weather index,ksys::wm::Manager,wiiu,v208,confirmed-static,"s32, -1 when idle - init does `li r10,-0x1; stw r10,0x610(r30)`. Wizzrobe weather. The resolver checks it LAST and so it outranks the override; a mod whose SetWeather appears to do nothing during a Wizzrobe fight is seeing this."
field,0x05f8,current climate index,ksys::wm::Manager,wiiu,v208,confirmed-static,"s32, an index into the twenty-entry climate name table at 0x10558bb8 and, in parallel, into the climate array at +0x1e8 (bound +0x1e4, stride 0x310). Written by 0x03678d78 from getClimateAtPosition."
field,0x05fc,previous climate index,ksys::wm::Manager,wiiu,v208,confirmed-static,"s32, the climate being blended out of; +0x5cc is the blend factor. Both written by 0x03678d78 when the climate changes."
field,0x0648,world simulation gate,ksys::wm::Manager,wiiu,v208,behaviour-confirmed-name-unknown,"char. Already recorded as the clock's gate; it gates the weather too - with it clear, the resolver skips the climate computation and answers from the override alone, and 0x03677250 returns early. So it is the world simulation gate generally, not a clock-specific one."
field,0x01e4,climate array count,ksys::wm::Manager,wiiu,v208,confirmed-static,u32. Bound for the array at +0x1e8; every indexer checks it.
field,0x01e8,climate array,ksys::wm::Manager,wiiu,v208,confirmed-static,"Pointer to the per-climate records, 0x310 bytes each, indexed by the same value that indexes the climate name table. From 0x03672340 and 0x03677250."
data,0x10558b70,ksys::wm weather type name table,,wiiu,v208,confirmed-static,"9 sead::SafeStrings, 8 bytes each ({const char* text; vtable}), written by 0x0367a35c: 0 Bluesky, 1 Cloudy, 2 Rain, 3 HeavyRain, 4 Snow, 5 HeavySnow, 6 ThunderStorm, 7 ThunderRain, 8 BlueskyRain. Length fixed by 0x036722bc clamping its argument at 8, and the order corroborated by the debug enum string the game ships at 0x10229d54, ""Bluesky,Cloudy,Rain,HeavyRain,Snow,HeavySnow,ThunderStorm,ThunderRain,BlueskyRain"". This ordering IS the Weather::Type enum in botw/weather.hpp."
data,0x10558bb8,ksys::wm climate name table,,wiiu,v208,confirmed-static,"20 sead::SafeStrings, 8 bytes each, written by 0x0367a35c: 0 HyrulePlainClimate, 1 NorthHyrulePlainClimate, 2 HebraFrostClimate, 3 TabantaAridClimate, 4 FrostClimate, 5 GerudoDesertClimate, 6 GerudoPlateauClimate, 7 EldinClimateLv0, 8 TamourPlainClimate, 9 ZoraTemperateClimate, 10 HateruPlainClimate, 11 FiloneSubtropicalClimate, 12 SouthHateruHumidTemperateClimate, 13 EldinClimateLv1, 14 EldinClimateLv2, 15 DarkWoodsClimat (the game's own typo), 16 LostWoodClimate, 17 GerudoFrostClimate, 18 KorogForest, 19 GerudoDesertClimateLv2. Length fixed by 0x036728c0 looping 0x14 times."
data,0x1030339c,ksys::wm magic weather type table,,wiiu,v208,confirmed-static,"3 bytes mapping the magic weather index at Manager+0x610 to a weather type, read by 0x03672320. The names are the comma-list ""MagicStorm,MagicRedhot,MagicCold"" that 0x0367a35c stores at 0x10558b58."
function,0x0367a35c,ksys::wm::initWeatherTables,,wiiu,v208,confirmed-static,"Static initialiser that fills the weather name table (0x10558b70), the climate name table (0x10558bb8) and the magic weather name list. Nothing calls it at runtime - it is why both tables read null before boot has got this far, which every reader here checks for."
function,0x036796e0,ksys::wm::setWeatherByName,,wiiu,v208,confirmed-static,"void(Manager*, sead::SafeString* name, u8 flag, bool respectPriority, bool lock). Linear -scans the nine-entry name table (loop count 9) and forwards the index to setWeather, skipping the call when nothing matched. The function that pins the name table to the setter's numbering."
reference,,"the map completion percentage is DERIVED, not stored",,wiiu,v208,confirmed-static,"There is no completion flag, no save field and no cached number. The map UI recomputes the figure from four counters every refresh, in 0x02ed5608, as collected * 100 / total where collected = 2 + (1 if the DLC is installed AND Clear_FinalTrial is set) + how many of the four Divine Beast flags are set + the HiddenKorok_Number flag + the map manager's tally at +0x50c, and total = 2 + (1 if the DLC is installed) + 4 + HiddenKorok_Number's declared maximum + the map manager's total at +0x508. So there is nothing to write: the only way to move the number is to move a counter it is built from. CONSISTENCY CHECK, not a runtime measurement: on a vanilla save the denominator works out to 2 + 4 + 900 + 263 = 1169, and 1169 is exactly the community's long-quoted total (900 Koroks + 120 shrines + 136 quests + 13 memories), with six of those items being the two base ones and the four Divine Beasts this formula counts separately. That the two derivations meet is good evidence the reading of the formula is right."
function,0x02ed5608,ksys::ui::updateMapCompletionDisplay,,wiiu,v208,confirmed-static,"The whole completion calculation and its display. Early-outs (hiding the pane via 0x02ed55e0) unless getFlag_GameClear (0x02e18f14) is set AND the map manager's +0x640 equals 1. Otherwise builds the two halves as described in the reference row, divides them as floats, splits the result into a whole part and hundredths with `frac(percent) * 100.0`, formats ""%d%s%02d/100"" with the locale decimal separator from 0x0308405c, and pushes the string into the ""T_Comp_00"" pane. Both halves are TRUNCATED, not rounded, which is what botw/completion.hpp reproduces. NOT called by the framework - it writes into a layout it owns, so it is no use to a caller that just wants the number."
function,0x02e18f14,ksys::gdt::getFlag_GameClear,,wiiu,v208,confirmed-static,"bool(bool debug). Forwards to the generic bool reader with the handle at 0x10464fe8, whose name the flag-handle initialiser 0x02de6bf4 resolves from the literal ""GameClear"" at 0x101f5278. The gate on the whole percentage display."
function,0x0321072c,ksys::gdt getFlagMaxByName (s32),,wiiu,v208,confirmed-static,"int(core, s32* out, sead::SafeString* name). Resolves the name against core+0x10 with 0x0320f45c and then reads the flag object's properties through 0x0323544c, which calls vtable slot +0x7c and returns the word at +8 of what that hands back - the declared MAXIMUM. Ghidra types it void, but it tail-returns the inner call's success, which is what the UI branches on. This is where the 900 in the completion denominator comes from, so it is read live rather than hard-coded. NOTE it takes the core hanging off the gdt manager at +0x70c, not the +0x700 read core gamedata.hpp uses."
function,0x0323544c,ksys::gdt read flag property record,,wiiu,v208,confirmed-static,"int(out, container, index). Gets the flag object with 0x0320f958, calls its vtable slot +0x7c and copies the word at +8 of the returned record into out. +8 of that record is the max value; the record presumably carries min/max/init together, but only +8 is established here."
string,0x1021de50,"""HiddenKorok_Number""",,wiiu,v208,confirmed-static,"GameData flag name, s32, declared max 900 - the number of Korok seeds FOUND, and the largest single term in the completion sum. Stored into the SafeString at 0x1052d3c4 by 0x02ed5ae8 (`lis r12,0x1022; subi r12,r12,0x21b0`), which 0x02ed5608 then passes to both the value read and the max lookup. NOT the same as ""KorokNutsNum"" (0x102019b8), which is how many seeds you are carrying to spend at Hestu and plays no part in completion."
data,0x1052d3c4,completion: Korok flag name SafeString,,wiiu,v208,confirmed-static,"{ const char* text; vtable } pointing at ""HiddenKorok_Number"", built by 0x02ed5ab0's initialiser. Recorded because it is the only place the completion code names the flag."
string,0x101f5278,"""GameClear""",,wiiu,v208,confirmed-static,"GameData flag name, bool. Handle at 0x10464fe8, resolved by 0x02de6bf4 at 0x02df03d0. Gates the completion percentage display."
string,0x101fb548,"""Clear_FinalTrial""",,wiiu,v208,confirmed-static,"GameData flag name, bool - the DLC's Trial of the Sword. Handle at 0x104644e8 via the wrapper 0x02e17834. Worth exactly one completion item: the denominator gains it whenever the DLC is installed, the numerator only once it is cleared."
reference,0x101f45a0,the four Divine Beast clear flags,,wiiu,v208,confirmed-static,"""Clear_RemainsElectric"" (0x101f45a0, Naboris), ""Clear_RemainsFire"" (0x101f45b8, Rudania), ""Clear_RemainsWater"" (0x101fb55c, Ruta) and ""Clear_RemainsWind"" (0x101f45cc, Medoh). Bool handles at 0x104644f0, 0x104644f4, 0x104644f8 and 0x104644fc, with generated getters 0x02e17844, 0x02e17854, 0x02e17864 and 0x02e17874 respectively. Worth four completion items. The same four getters gate the key-item adds in PauseMenuDataMgr::loadFromGameData, which is an independent confirmation of what they are. Neighbouring name ""Clear_NishibeTest"" at 0x101f458c is a leftover test flag, handle 0x104644ec, and is NOT part of the set."
data,0x1052d3cc,completion: Divine Beast predicate count,,wiiu,v208,confirmed-static,"s32, 4 on V208. Written by 0x02ed5aa0 (`li r11,0x4; stwu r11,-0x2c34(r9)` with r9=0x1053). 0x02ed5608 uses it as both the denominator's Divine Beast term and the loop bound over the table below, so walking the table rather than hard-coding four is what the game itself does."
data,0x1052d3d0,completion: Divine Beast predicate table,,wiiu,v208,confirmed-static,"Pointer to 0x10469ac0, written by 0x02ed5ab0. Four `int(*)(bool debug)` gdt bool getters, in the order 0x02e17874 (Wind), 0x02e17844 (Electric), 0x02e17864 (Water), 0x02e17854 (Fire) - read straight out of the table's own words."
data,0x104698f8,ksys::ui map manager singleton pointer,,wiiu,v208,behaviour-confirmed-name-unknown,The manager 0x02ed5608 takes its fourth completion term from. Its class name is not established here; what is established is that it is a UI manager reached through this global by the map code and gated on its own +0x640 == 1 (0x02ea48dc).
field,0x0508,completion tally: total,ksys::ui map manager,wiiu,v208,behaviour-confirmed-name-unknown,"s32, added to the completion DENOMINATOR. Everything the map counts that is not a Korok seed, a Divine Beast or one of the two base items - the shrines, quests and memories side of the sum. Behaviour is certain from 0x02ed5608; what it enumerates internally was not traced, which is why botw/completion.hpp reads it live rather than assuming a number. On a vanilla save the arithmetic implies 263."
field,0x050c,completion tally: collected,ksys::ui map manager,wiiu,v208,behaviour-confirmed-name-unknown,"s32, added to the completion NUMERATOR. The done half of the +0x508 tally. NOT a useful write target: it is a UI number the manager recomputes for itself, not save-backed state."
field,0x0640,map manager ready flag,ksys::ui map manager,wiiu,v208,behaviour-confirmed-name-unknown,"s32. 0x02ea48dc's whole body is `return mgr->[0x640] == 1`, and 0x02ed5608 hides the completion pane unless it holds. Reads as ""the map is up and its tallies are valid""."
data,0x1046cd60,version / DLC manager pointer,,wiiu,v208,confirmed-static,The global the completion code and PauseMenuDataMgr::loadFromGameData both test for DLC presence.
field,0x0078,version word,version / DLC manager,wiiu,v208,confirmed-static,"u32. The completion code tests `(word >> 8) > 2` for ""the DLC is installed"", worth one extra completion item; loadFromGameData tests `(word >> 8) > 1` for a different DLC gate. So the top bits are a DLC/AoC version number."
data,0x1021de20,completion: hundredths multiplier,,wiiu,v208,confirmed-static,"f32 100.0. 0x02ed5608 does `frac(percent) * 100.0` and truncates to get the two digits after the separator. 0x1021de10 is the f32 0.0 it falls back to when the denominator is not positive, and 0x1021de18 is the standard PPC int-to-double conversion constant, not data."
string,0x1021de24,"""T_Comp_00""",,wiiu,v208,confirmed-static,"Layout text pane the completion string is written into, via 0x03082e18. The handle that led to the whole calculation."
function,0x03082e18,ksys::ui setPaneText,,wiiu,v208,confirmed-static,"void(layout, sead::SafeString* paneName, sead::SafeString* text). Widens the ASCII text to UTF-16 into a 0x80-entry stack buffer and forwards to the real setter at 0x03082d88. It only ever touches text[0] (the char*) and text[1] (the vtable), so the plain {const char*, vtable} SafeString this framework builds everywhere is the right shape - the game's own callers pass a sead::BufferedSafeString, whose extra fields go unread. Used by Completion::Init()'s hook to repaint the completion digits."
function,0x03082d88,ksys::ui setPaneTextWide,,wiiu,v208,confirmed-static,"The UTF-16 half that 0x03082e18 forwards to, and what 0x03086c2c calls directly once it has fetched a message out of an archive. Not called by the framework; recorded because it is where the pane text actually lands."
function,0x02ed55e0,ksys::ui setCompletionPaneVisible,,wiiu,v208,confirmed-static,"void(layout, u8 visible). Whole body is a read-modify-write of bit 0 of the byte at layout->[0x0c]+0x44, with null guards on both derefs. 0x02ed5608 calls it with 0 to hide the completion pane whenever GameClear is clear and with 1 once it has written the number - which is why an overridden number needs it called again to show before the game is beaten."
function,0x0308405c,ksys::ui getDecimalSeparator,,wiiu,v208,confirmed-static,"const char*(int mode). Looks the current locale up in the 5-entry table at 0x1054934c and returns "","" (0x1025de5a) for locale 0x0b or when the locale is not in the table, ""."" (0x1025de58) otherwise. What 0x02ed5608 feeds to the %s of its ""%d%s%02d/100"" format, so an overridden completion number punctuates like the real one."
field,0x000c,layout,ksys::ui completion display,wiiu,v208,confirmed-static,"The layout the ""T_Comp_00"" pane belongs to. Both 0x03082e18 and 0x02ed55e0 take THIS, not the display object 0x02ed5608 receives - the game reaches it as `*(u32*)(self + 0xc)` at every one of its three call sites."
function,0x02f5f8a4,ksys::ui map screen update,,wiiu,v208,behaviour-confirmed-name-unknown,"The one and only caller of the completion display update (0x02ed5608). Recorded because ""exactly one caller"" is part of what makes a trampoline over that function safe, and because it is what decides how often an override repaints - the hook fires when this runs, not when the override is set."
reference,,map reveal: regions and travel destinations are separate systems,,wiiu,v208,confirmed-static,"REGIONS are the fifteen towers, each with three GameData flags: MapTower_NN (bool), MapTower_NN_OpenCenterPos (vec3) and MapTower_NN_OpenScaleLevel (s32). The centre reads as static configuration and the scale level is the state. The map manager caches both arrays, so a flag write is invisible until the two loaders re-run. TRAVEL DESTINATIONS are map markers: 0x02e95e2c builds Enter_<name> and Clear_<name> from each marker's own name and caches the flag INDICES on the marker, so the values are read live and need no refresh. Shrines are named Dungeon000 upward. INFERRED and flagged as such in botw/map.hpp: that Enter_<name> is what gates travel is circumstantial - it is the flag the marker caches and it is named like discovery - but the code deciding which markers are destinations was NOT traced, and Divine Beast / DLC travel points were not looked at."
function,0x02e9ec9c,ksys::ui::MapMgr::loadTowerCentres,,wiiu,v208,confirmed-static,"Reads the fifteen MapTower_NN_OpenCenterPos vec3 flags into mapMgr+0x510, 12 bytes apart. Builds its own name table on first call (0x1052bf14, fifteen SafeStrings) and reads through 0x02e1d644, the by-name vec3 getter. Safe to call again to refresh the cache."
function,0x02e9f044,ksys::ui::MapMgr::loadTowerScaleLevels,,wiiu,v208,confirmed-static,"Reads the fifteen MapTower_NN_OpenScaleLevel s32 flags into mapMgr+0x5c4, 4 bytes apart. Builds each name at runtime as %s%02d%s from the MapTower_ prefix at 0x1052bc5c and the _OpenScaleLevel suffix at 0x1052bc64 - which is what pins both the offset and the flag naming. Reads through 0x02e1c400, the by-name s32 getter. Safe to call again."
function,0x02e9f114,ksys::ui::MapMgr::initTowerRecords,,wiiu,v208,confirmed-static,"Walks mapMgr+0x18 to +0xcc in steps of 12, stamping each record with its 1-based tower number and calling 0x02e9cfc0 on it. The loop bounds are a third independent confirmation that there are fifteen towers."
function,0x02ea1628,ksys::ui::MapMgr::loadAllFromGameData,,wiiu,v208,confirmed-static,"The full map cache rebuild: calls 0x02e9ebec then the two tower loaders and eight more, then 0x03060c94 on mapMgr+0x4f0. NOT called by botw/map.hpp - it takes a second argument that was never identified and does far more than the region caches need. Recorded because it is the function that groups the loaders and confirms they share one this pointer."
function,0x02e95e2c,ksys::ui map marker: cache Enter_/Clear_ flag indices,,wiiu,v208,confirmed-static,"For a marker whose name SafeString is at +0x58, builds Enter_<name> and Clear_<name> with 0x02eac084, hashes each with 0x030c5d30 and resolves a bool flag index with 0x0322de10, caching them at marker+0x60 and marker+0x64. INDICES are cached, not values, so the map reads the flag live. This is the whole basis for treating Enter_DungeonNNN as a shrine's discovery/travel flag - and the basis is circumstantial, see the reference row."
field,0x0510,tower reveal centres,ksys::ui map manager,wiiu,v208,confirmed-static,"15 x sead::Vector3f, filled by 0x02e9ec9c. Sits immediately after the completion tallies at +0x508/+0x50c, which is how the two headers' view of this manager is tied together."
field,0x05c4,tower reveal scale levels,ksys::ui map manager,wiiu,v208,confirmed-static,"15 x s32, filled by 0x02e9f044. Contiguous with the centres above (0x510 + 15*12 = 0x5c4), which is a neat cross-check on both offsets."
field,0x0018,tower records,ksys::ui map manager,wiiu,v208,behaviour-confirmed-name-unknown,"15 x 12 bytes, each stamped with its 1-based tower number by 0x02e9f114. What the other two words of each record hold was not traced."
field,0x0058,marker name,ksys::ui map marker,wiiu,v208,confirmed-static,"sead::SafeString, text at +0x58 and vtable at +0x5c. For a shrine this is Dungeon000 and upward; 0x02e95e2c prefixes it to build the marker's two flag names."
field,0x0060,Enter_<name> flag index,ksys::ui map marker,wiiu,v208,confirmed-static,"u32 flag index cached by 0x02e95e2c, with the gdt manager's save-slot tag in the top byte like every other cached index. 0xffffffff when the flag does not exist."
field,0x0064,Clear_<name> flag index,ksys::ui map marker,wiiu,v208,confirmed-static,"u32, same shape as +0x60, for the Clear_<name> flag."
reference,0x1052bc5c,map UI runtime flag-name prefixes,,wiiu,v208,confirmed-static,"0x02eab460 stores the prefixes the map builds flag names from, which is why families like Enter_Dungeon000 appear in the executable's strings only as fragments: MapTower_ (0x1052bc5c and 0x1052bc9c), _OpenScaleLevel (0x1052bc64), Location_ (0x1052bc8c), Dungeon (0x1052bc94), Clear_ (0x1052bca4), Enter_ (0x1052bcac), Open_ (0x1052bcb4), MapArea_ (0x1052bcbc), CompleteTreasure_ (0x1052bcc4) and Guardian (0x1052bcd4). Worth recording generally: a flag family missing from the string table does not mean it does not exist, only that the executable never names it whole."
string,0x101f2ff4,MapTower_01 .. MapTower_15,,wiiu,v208,confirmed-static,"Bool GameData flags, 0xc apart, one per tower - the tower is activated. Bool handles are cached by the flag initialiser 0x02de6bf4 at 0x10466a10 in repeating triples of (bool, OpenCenterPos vec3, OpenScaleLevel s32), 0xc bytes per tower. Nothing reads those handles, though: the map builds the names at runtime instead, which is why botw/map.hpp goes by name."
string,0x101f2dd8,Location_MapTower01 .. Location_MapTower15,,wiiu,v208,confirmed-static,"Bool GameData flags, 0x14 apart - the tower's marker and name on the map, separate from the region reveal. NOTE the game's own naming inconsistency: this family has no underscore before the number while MapTower_01 does."
string,0x101f7f7c,MapTower_01_OpenCenterPos ..,,wiiu,v208,confirmed-static,"vec3 GameData flags, 0x1c apart, one per tower: the centre of the area the tower reveals. Read as static configuration rather than state - the scale level is what changes."
string,0x10202644,MapTower_01_OpenScaleLevel ..,,wiiu,v208,confirmed-static,"s32 GameData flags, 0x1c apart (0x10202700 for tower 07 breaks the stride, since MapTower_07_Demo is wedged in before it): how far each tower's reveal reaches. THE region-unlock state. botw/map.hpp writes the flag's own declared maximum rather than a hard-coded number, read back through 0x0321072c."
string,0x101fc330,Enter_Dungeon000,,wiiu,v208,confirmed-static,"Bool GameData flag - the only whole member of the Enter_Dungeon family in the string table, because the map builds the rest at runtime. Vanilla runs Dungeon000-119 and the DLC adds 120-135. Treated as the shrine travel-destination gate; see the reference row for why that is inference rather than proof."
function,0x02e1c400,ksys::gdt getFlag_s32_byName (SafeString),,wiiu,v208,confirmed-static,"s32(sead::SafeString* name, bool debug). The by-name s32 getter the map's scale-level loader uses. Sibling of the vec3 getter below."
function,0x02e1d644,ksys::gdt getFlag_vec3_byName (SafeString),,wiiu,v208,confirmed-static,"void(sead::Vector3f* out, sead::SafeString* name, bool debug). The by-name vec3 getter the map's tower-centre loader uses; out is seeded with a default before the call."
function,0x02eac084,ksys::ui format SafeString,,wiiu,v208,confirmed-static,"(out, const char* fmt, ...). The printf-style builder the map UI uses for runtime flag names - %s%02d%s in the scale-level loader, prefix+name in the marker init."
reference,,"ambient temperature: curves, blend, and four expiring overrides",,wiiu,v208,confirmed-static,"Temperature is computed on demand, not stored. Each of the twenty climates carries two curves - day and night - as eleven altitude bands 100 units apart from 0 to 1000. 0x03672a88 interpolates the day curve for a given altitude and 0x03672c40 the night one; 0x03661b44 gives the blend between them from the clock. The environment sampler 0x036711f4 does exactly lerp(day, night, blend) plus a per-area addend from sub-manager 4. Four override slots sit on top (+0x5d8/+0x5dc add, +0x5e0/+0x5e4 replace), each unset at 99999.9 and tested with `< 99999.0`. ALL FOUR EXPIRE: 0x03677ef0 counts each down and writes the sentinel back at zero, and unlike the weather override there is no lock to opt out - so an override that should persist has to be re-applied every few frames."
function,0x03672a88,ksys::wm::Manager::getDayTemperature,,wiiu,v208,confirmed-static,"double(double altitude, Manager*). Clamps a negative altitude to 0, walks the eleven bands down from 1000.0 in steps of 100.0, interpolates the current climate's day curve at climateEntry+0x80 + band*0x10 (temperature at +0xc of each record), then applies the overrides: +0x5e0 REPLACES the result when set, +0x5d8 is ADDED. Falls back to 23.0 (0x103033c0) when there is no climate to read."
function,0x03672c40,ksys::wm::Manager::getNightTemperature,,wiiu,v208,confirmed-static,"The night twin of 0x03672a88, reading climateEntry+0x130 + band*0x10 and applying +0x5e4 (replace) and +0x5dc (add). 0x80 + 11*0x10 = 0x130, so the two curves are contiguous and each confirms the other's offset."
function,0x03661b44,ksys::wm::TimeMgr::getNightBlend,,wiiu,v208,confirmed-static,"double(void) - takes no argument, reaching the clock through the world manager itself. Returns 0.0 fully day to 1.0 fully night, using the clock constants gametime.hpp already records: 1.0 from 21:00 (315.0) round to 04:00 (60.0), ramping to 0.0 across 04:00-09:00 (60.0-135.0), 0.0 from 09:00 to 16:00 (135.0-240.0), ramping back across 16:00-21:00. Both ramps divide by 75.0 (0x103018ac), a five-hour span."
function,0x036711f4,ksys::wm environment probe calc,,wiiu,v208,confirmed-static,"Per-probe environment sample. The temperature line is the authority on how the two curves combine: it calls both getters with the probe's world-space Y (probe+0x50), blends them with 0x03661b44 and adds sub-manager 4's +0x20, then eases the result into probe+0x40 and publishes it at probe+0x64 and +0x10. Also fills the probe's wind and weather fields. NOT called by botw/climate.hpp, which recomputes the same blend rather than hunting a probe."
function,0x03677ef0,ksys::wm::Manager::updateOverrides,,wiiu,v208,confirmed-static,"The per-frame countdown for every world-manager override. Weather first: while the lock at +0x64e is set (and 0x031cad5c says this is not a cutscene) it is skipped entirely, otherwise +0x60c is decremented and at zero +0x649 goes back to 0xff with +0x64d and +0x64e cleared. Then +0x614 clears the magic weather at +0x610 to -1; +0x618 resets BOTH temperature offsets +0x5d8 and +0x5dc to the sentinel; +0x61c resets +0x5e0 and +0x620 resets +0x5e4. +0x624 and +0x628 are two further countdowns whose targets were not traced. The temperature block is gated on 0x036414d8(sub-manager 6) returning zero, so those three hold rather than tick during whatever state that reports."
function,0x03679808,ksys::wm::Manager::setTemperatureDirectDay,,wiiu,v208,confirmed-static,"void(f32 value, Manager*) - value in f1, manager in r3. Writes +0x5e0 and arms +0x61c with 4. Guarded: when the slot already holds something below 99999.9 the write only goes through if the new value is further from zero in the same direction, so a milder request cannot undo a harsher one already standing."
function,0x03679850,ksys::wm::Manager::setTemperatureDirectNight,,wiiu,v208,confirmed-static,"The night twin of 0x03679808: writes +0x5e4, arms +0x620, same guard."
function,0x025385b8,"ksys::ai ""Weather"" action parameter binder",,wiiu,v208,confirmed-static,"Binds the demo/AI Weather action's parameters, and so is what NAMES the world manager's override slots: +0x20 Weather, +0x24 WeatherEff, +0x28 PaletteSel, +0x2c PSelSpeed, +0x30 IgnitedLevel, +0x34 TemperatureDay, +0x38 TemperatureNight, +0x3c TemperatureDirectDay, +0x40 TemperatureDirectNight, +0x44 CloudShadowOff, +0x48 BluffThunderOff, +0x4c FogMinusCorrection. Read alongside 0x02538120, which is the action's calc and shows which parameter reaches which field."
function,0x02538120,"ksys::ai ""Weather"" action calc",,wiiu,v208,confirmed-static,"The only place the retail game writes the temperature overrides. Sends TemperatureDay to +0x5d8 and TemperatureNight to +0x5dc with +0x618 armed to 4, TemperatureDirectDay through 0x03679808 and TemperatureDirectNight through 0x03679850, and the weather index through setWeather as (type, 1, 1, 0). Also drives the palette and the ignited level."
field,0x05d8,temperature day offset,ksys::wm::Manager,wiiu,v208,confirmed-static,"f32, ADDED to the day curve's result by 0x03672a88. Unset at 99999.9; a value is honoured only while it reads below 99999.0. Countdown +0x618."
field,0x05dc,temperature night offset,ksys::wm::Manager,wiiu,v208,confirmed-static,"f32, ADDED to the night curve's result by 0x03672c40. Shares the +0x618 countdown with the day offset - one timer resets both."
field,0x05e0,temperature day override,ksys::wm::Manager,wiiu,v208,confirmed-static,"f32, REPLACES the day curve's result outright. The game's TemperatureDirectDay. Countdown +0x61c, written through 0x03679808."
field,0x05e4,temperature night override,ksys::wm::Manager,wiiu,v208,confirmed-static,"f32, REPLACES the night curve's result. TemperatureDirectNight. Countdown +0x620, written through 0x03679850."
field,0x0618,temperature offset countdown,ksys::wm::Manager,wiiu,v208,confirmed-static,"s32 frame countdown for BOTH +0x5d8 and +0x5dc. Seeded with 4 by the Weather action and decremented by 0x03677ef0, which writes the sentinel back to both slots at zero."
field,0x061c,temperature day override countdown,ksys::wm::Manager,wiiu,v208,confirmed-static,"s32, seeded with 4 by 0x03679808. At zero 0x03677ef0 resets +0x5e0."
field,0x0620,temperature night override countdown,ksys::wm::Manager,wiiu,v208,confirmed-static,"s32, seeded with 4 by 0x03679850. At zero 0x03677ef0 resets +0x5e4."
field,0x0080,day temperature curve,ksys::wm climate entry,wiiu,v208,confirmed-static,"11 records of 16 bytes, one per altitude band from 0 to 1000 in steps of 100, with the temperature as an f32 at +0xc of each. Read by 0x03672a88. The other 12 bytes of each record were not traced."
field,0x0130,night temperature curve,ksys::wm climate entry,wiiu,v208,confirmed-static,"The night twin of the +0x80 curve, same 11 x 16-byte shape, read by 0x03672c40. Contiguous with it: 0x80 + 11*0x10 = 0x130."
data,0x103033c0,climate: default temperature,,wiiu,v208,confirmed-static,f32 23.0 - what both getters return when there is no climate curve to read.
data,0x103033c4,climate: top altitude band,,wiiu,v208,confirmed-static,"f32 1000.0, the highest of the eleven bands; 0x10303398 is the 100.0 step between them. Together they match the debug-menu names ClimateTemperatureDay_0000 through _1000 at 0x10303764 and the Night set at 0x10303898."
data,0x10303388,climate: override unset sentinel (write),,wiiu,v208,confirmed-static,"f32 99999.9 - what 0x03677ef0 writes back into an expired temperature slot. Deliberately NOT equal to the test threshold below: 99999.9 is not less than 99999.0, so a reset slot reads as unset."
data,0x103033c8,climate: override set threshold (test),,wiiu,v208,confirmed-static,f32 99999.0 - both getters treat a slot as set only when it reads strictly below this.
reference,,"watching a flag cheaply: resolve the index once, read by index after",,wiiu,v208,confirmed-static,"Reading a GameData flag by name costs a sead CRC32 of the string (0x030c5d30) plus a binary search over the container (0x03208cd4), so polling a hundred-odd flags every frame by name is wasteful. The game never does that: it resolves each flag it cares about to an INDEX once and reads by index afterwards, which is what the cached-handle globals and the map marker's +0x60/+0x64 both are. botw/events.hpp does the same - 0x0320f45c to resolve at arming time, then 0x03234a64 (bool) or 0x03234b08 (s32) per frame against the container at core+0x04 or core+0x10. Indices are stable for a loaded save; they must be re-resolved when the save changes, which is why the header drops its arming whenever the flag core stops resolving."
reference,,progress flags worth watching for events,,wiiu,v208,confirmed-static,"HiddenKorok_Number (s32) rises by one per seed - the same flag the completion percentage leans on. Clear_DungeonNNN (bool) is a shrine COMPLETED, distinct from Enter_DungeonNNN which is merely discovered; both are the pair each shrine's map marker caches at +0x64 and +0x60 (0x02e95e2c), and gamedata.hpp already records Clear_Dungeon000 as one of the IsOneTrigger flags that the ordinary setter cannot clear. MapTower_NN (bool) is a tower activated. NOTE none of the three has a write site traced in this repo - they are named and typed with confidence, but that Clear_ fires exactly when the monk is touched rather than slightly before or after is inference from the naming and the marker pairing."
global,0x1046d6ac,ksys::eco::Ecosystem* (singleton pointer),,wiiu,v208,confirmed-static,"0x034134d0 does lis r12,0x1047; lwz r3,-0x2954(r12); or r4,r31,r31; bl 0x032aeb68 - so this word holds the Ecosystem and 0x032aeb68 is its init(heap). Sits in the same singleton-pointer neighbourhood as the gdt manager at 0x1046d5b0."
function,0x032aeb68,ksys::eco::Ecosystem::init,,wiiu,v208,confirmed-static,"void(Ecosystem*, sead::Heap*). Loads the five ecosystem resources into res::Handles at this+0x14 FieldMapArea.beco, +0x44 AreaData.byml, +0x74 MapTower.beco, +0xa4 StatusEffectList.byml, +0xd4 LoadBalancer.beco (0x30 per handle), then calls 0x032aeb44 to unpack three of them into EcoMapInfos at +0x114, +0x120 and +0x12c."
function,0x032aeb44,ksys::eco::Ecosystem::setEcoMapInfo,,wiiu,v208,confirmed-static,"void(Ecosystem*, DirectResource*, EcoMapInfo* out). Three stores from the resource's raw data at res+4: out[0]=data, out[1]=data+0x10, out[2]=data+0x10+4*(*(int*)(data+4)). That fixes EcoMapInfo at three pointers / 0xc bytes - header, s32 row-offset table, row data - and with it the 0x114/0x120/0x12c stride in the manager."
reference,,ksys::eco::Ecosystem +0x120 is the MapTower region raster,,wiiu,v208,confirmed-static,"Ecosystem/MapTower.beco, decoded: header {u32 magic 0x00112233, s32 num_rows, s32 divisor, u32 reserved}, s32 rowOffsets[num_rows], then rows of {s16 value, s16 length} run-length segments; row offsets are HALVED and relative to the row section. For MapTower: num_rows 4000, divisor 2, covering x [-5000,4999] one cell per world unit and z [-4000,4000] two units per row. Every one of the 40M cells carries a value 0-14 - no holes. MEASURED: value+1 is the MapTower_NN number. All fifteen tower placements from TitleBG.pack (FldObj_MapTower_A_01 x14 plus FldObj_MapTowerLong_A_01 for tower 03) land inside the region carrying their own number, no two sharing one. The lookup is ksys::eco::Ecosystem::getMapArea, reimplemented in botw/region.hpp rather than called - it is pure arithmetic and appears inlined into its callers. NOTE the MapTower_NN_OpenCenterPos flags are NOT this: three of the fifteen sit in a different region than their own number, because they are map-screen reveal centres, not ground footprints. Wii U's .beco is big-endian and reads natively; the Switch dump's is byte-swapped."
string,0x1031b4ec,"""@S"", the InstParamPack scale key",,wiiu,v208,confirmed-static,"The per-axis scale creation param, written like ""@P"": 12 bytes, type tag 4, through 0x031f9870. Found from 0x037b55a4, which splats one float into a stack vec3 and writes it under this key - the uniform overload; the decompilation's ActorCreator::addScale has a second one taking a sead::Vector3f and InstParamPack::Buffer::addScale is declared as add(const Vector3f&, ""@S""), so non-uniform is representable. Part of a run: 0x1031b4ef ""@W"", 0x1031b514 ""@DD"", 0x1031b518 ""@RL"", 0x1031b51c ""@TV"". UNTRACED: how ""@S"" reaches a box rigid body's extents. Everything readable on the physics side scales uniformly (RigidBody::setScale, BoxShape::setScale, RigidBodyFromShape::updateScale_ all take one float), though BoxShape::setExtents does take a vec3 and the four real AirWallCurseGanon placements are non-uniform."
function,0x037b55a4,ksys::act::ActorCreator::addScale (uniform overload),,wiiu,v208,confirmed-static,"void(float scale, InstParamPack* pack). Writes {scale,scale,scale} under the ""@S"" key at 0x1031b4ec via 0x031f9870(pack+4, &vec, &key, 0xc, 4). Neighbours: 0x037b55fc is the three-instruction anchor setter this repo already calls (stw r4,0(r3); or r3,r4,r4; b 0x0378bdc4) and 0x037b5608 is a larger variant that sets the anchor and also writes ""@W""."
reference,,"the AirWall actor family, and which one can be spawned",,wiiu,v208,confirmed-static,"Read out of romfs, not the binary. Five invisible-wall actors. AirWall (JP: world's end), AirWallForE3 (JP: player entry forbidden) and CastleBarrier all have PhysicsUser Dummy - their shape comes from the map placement's Shape/Scale through the Area system, so a runtime spawn of any of them has no collision at all. AirWallCurseGanon (the Blight Ganon arena walls, four placed in E-4) and AirWallHorse carry their own .bphysics: one box rigid body, motion_type Fixed, extents 2x2x2, so the collision arrives with the actor. AirWallCurseGanon is on contact layer EntityAirWall with material AirWall - the game's own invisible-wall pairing; AirWallHorse is EntityGround/Undefined with a ground_hit_type_mask and exists to stop horses. The decompiled AirWallCurseGanon overrides all chain to AirWallHorse with no body, calc_ included, so the framework's never-reaches-Calc spawn caveat costs nothing. Its four placements use non-uniform Scale ({4,6,4}, {8,5,6}, {4,7,4}), which is the game demonstrating a per-axis wall panel. UNTESTED: whether a spawned one actually collides."
reference,,"region borders are long - wall locally, not by region",,wiiu,v208,confirmed-static,"Measured off the decoded MapTower raster. Interior borders between the fifteen regions total about 112 km of cell edges, and one region's perimeter runs 5.1 km (region 7, the Great Plateau) to 20.5 km (region 12). At a 20 m panel spacing that is 250-1000 actors for a single region and over 5000 for the whole border, so botw/region.hpp builds only the border within its build radius of the player and takes it down again behind them."
reference,,the Great Plateau containment boundary is NOT the region raster,,wiiu,v208,confirmed,"Cross-check of the measured containment firing point against the decoded MapTower raster, and the answer is close but negative. The measured return point (-1021.8, 253.3, 1792.9) and the StartPos GameStart marker are both inside region 7, and the firing point (-942.1, 127.3, 1398.9) is outside it, in region 6 - all consistent. But the firing point is 69 m beyond region 7's nearest cell (region 7 spans z 1472-2364 at that x), so the containment shape is region 7 plus roughly a 70 m skirt at that bearing, or a separate shape that merely correlates. That fits the existing note that standing at the base of the Plateau does not trigger it. ONE sample in ONE direction, so this rules the raster out as the exact boundary without establishing what the boundary is."
field,0x00b0,character controller desired-velocity input,phys::CharacterController,wiiu,v208,confirmed,"THE field that moves an actor from a mod. Reached as actor+0x3a0 (physics component) -> +0x50 (character controller) -> +0xb0, three floats, world units per second (X +0xb0, Y +0xb4, Z +0xb8). MEASURED in-process on a live game: writing (25,0,0) here every frame launched a standing player east at a realized 24 u/s, and a sweep of every float triple on the controller found this to be the only one with that response. TWO RULES, and getting either wrong makes it look dead: it must be written EVERY FRAME (a single-frame write is overwritten before the physics step and does nothing), and it reads ~0 during ordinary locomotion, so normal movement does not flow through it - read motion+0x1b0 to see actual speed, write here to change it. The write must also come from a hook between the owning actor's update and the physics phase (Player::OnTick qualifies); an out-of-process write can never land in that window. NOT player-only: any actor with a character controller has one, which is how a mod stops a horse rather than just its rider. LIMIT: shield surfing overrides it every frame."
field,0x01e4,character controller velocity MIRROR (do not write),phys::CharacterController,wiiu,v208,confirmed,"A velocity-shaped triple on the controller that TRACKS the realized Havok velocity - it matched motion+0x1b0 in 477 of 488 samples while walking - and is an OUTPUT. Zeroing it every frame changes nothing, because physics reads +0xb0, not this. Recorded because it is the obvious wrong answer: it looks exactly like the velocity input when sampled, and cost a full round of testing before the injection sweep separated them. Write +0xb0 instead."
reference,,"velocity control: what works and what does not",,wiiu,v208,confirmed,"Three velocity-shaped fields exist on the player and only one is writable. actor+0x25c is the actor's cached velocity, refreshed from physics every frame - reads fine, writes are overwritten (measured: 121 sustained writes of 25.0 moved the player zero units). motion+0x1b0 is the Havok linear velocity, recomputed by the controller each frame - same story from a steady-state write. controller+0xb0 is the controller's INPUT and is the one that works, continuously written. Shield surfing is the known exception: it overrides BOTH controller+0xb0 and motion+0x1b0 every frame, and no velocity path found so far steers a surfing player - a surf also has no separate driving actor (verified: nothing co-located with the player owns a character controller during one), so it is the player's own state doing it. Position writes are not a substitute during a surf: Actor::NudgeTo skips the physics resync and buries the player in terrain, and Player::SetPosition at 60Hz wrecks the state."
data,0x1030a57c,screen aspect ratio constant,,wiiu,v208,confirmed-static,"f32, ships holding exactly 1.777778 (16/9). Read by one site, the projection helper at 0x036fefdc. Identified from Cemu's BotW ""Graphics"" graphic pack: its patch_AspectRatio.asm rewrites this and two neighbours (0x101bf8e8, which ships as a rounded 1.777, and 0x1036dd4c) with $width/$height - the real presented aspect - and repoints the two projection code sites (0x02e2c564 inventory, 0x0386d01c per-frame) at a codecave copy of it. That is how ultrawide is made to work, so reading this reads the output aspect: 1.7778 stock, 2.3333 under a 21:9 pack. Byte values verified in Ghidra (3fe38e39 big-endian). Range-check before trusting it - a different game version would have something else here."
function,0x0359bd24,play sound event by name,,wiiu,v208,confirmed-static,"void(SafeString* name, u64* outHandle). Forwards to 0x0359a950 with the manager at *(0x1047c390)+0x20, which resolves the name and returns a handle; outHandle may be null. The single entry point the whole game plays named events through - menus, keyboard, HUD. Convention confirmed by 0x02ec9c5c, the software keyboard sound dispatcher, a switch that calls it seven times with names like mc_Key_Decide. The argument is a sead string whose CHARACTER POINTER IS FIRST and vtable second (0x0359a950 reads text as *param and calls a virtual through param[1]); the vtable every caller passes is 0x10263910. Guard on *(0x1047c390) and its +0x20 being non-null - it dereferences both. TESTED IN CEMU: the call reaches the game and the emit path runs, but almost no name RESOLVES through this manager - TitleCursorMove and TitleCursorDecide return a valid handle (though not the sound the title actually makes) while mc_CursorMove, mc_Decide and even mc_CallHorse fail, and mc_CallHorse is a name the game itself passes here from 0x02d11534. So the convention is right and the resource scoping is wrong: *(0x1047c390)+0x20 is likely not the manager holding gameplay/menu events. Next step is a breakpoint on 0x03ba1f30, the name lookup, while the game plays one of its own menu sounds."
data,0x10263910,sead string vtable used by sound event callers,,wiiu,v208,confirmed-static,"The vtable half of the two-word string object passed to 0x0359bd24. Every caller stores this word second and the char* first."
