map_kind,map_file,actor_name,hash_id,hash_id_unsigned,position,drop_actor,drop_table,enable_revival,is_in_ground,persistent_flag_candidate,review_status
dungeon,Dungeon000_Static.xml,TBox_Dungeon_Stone,79753044,79753044,"9,2,-3.5",Weapon_Lsword_036,Normal,,,CDungeon_TBox_Dungeon_Stone_79753044,candidate_needs_flag_validation
dungeon,Dungeon000_Static.xml,TBox_Dungeon_Stone,1015560256,1015560256,"-21.5,0,-23",Item_Ore_B,Normal,,,CDungeon_TBox_Dungeon_Stone_1015560256,candidate_needs_flag_validation
dungeon,Dungeon000_Static.xml,TBox_Dungeon_Wood,1061208573,1061208573,"-8.5,6,-28.5",Item_Ore_E,Normal,,,CDungeon_TBox_Dungeon_Wood_1061208573,candidate_needs_flag_validation
dungeon,Dungeon000_Static.xml,TBox_Dungeon_Wood,-441253704,3853713592,"-19.5,7.5,-10.5",KeySmall,Normal,,,CDungeon_TBox_Dungeon_Wood_3853713592,candidate_needs_flag_validation
dungeon,Dungeon001_Static.xml,TBox_Dungeon_Iron,-442236850,3852730446,"22,6.5,-34",Item_Ore_E,Normal,,,CDungeon_TBox_Dungeon_Iron_3852730446,candidate_needs_flag_validation
dungeon,Dungeon002_Static.xml,TBox_Dungeon_Iron,-1805461116,2489506180,"-17,8.068743,2",Weapon_Bow_035,Normal,,,CDungeon_TBox_Dungeon_Iron_2489506180,candidate_needs_flag_validation
dungeon,Dungeon003_Static.xml,TBox_Dungeon_Stone,638977289,638977289,"27.25,10,7.25",Item_Ore_C,Normal,,,CDungeon_TBox_Dungeon_Stone_638977289,candidate_needs_flag_validation
dungeon,Dungeon003_Static.xml,TBox_Dungeon_Stone,-1853692024,2441275272,"2,12.15,52",PutRupee_Gold,Normal,,,CDungeon_TBox_Dungeon_Stone_2441275272,candidate_needs_flag_validation
dungeon,Dungeon003_Static.xml,TBox_Dungeon_Iron,-1010807578,3284159718,"-9.5,-0.5399954,62",Item_Enemy_30,Normal,,,CDungeon_TBox_Dungeon_Iron_3284159718,candidate_needs_flag_validation
dungeon,Dungeon004_Static.xml,TBox_Dungeon_Stone,-376073099,3918894197,"-29,8,-5.5",Weapon_Bow_035,Normal,,,CDungeon_TBox_Dungeon_Stone_3918894197,candidate_needs_flag_validation
dungeon,Dungeon005_Static.xml,TBox_Dungeon_Stone,-46149463,4248817833,"-15,-22.95,-32.00351",Weapon_Spear_027,Normal,,,CDungeon_TBox_Dungeon_Stone_4248817833,candidate_needs_flag_validation
dungeon,Dungeon006_Static.xml,TBox_Dungeon_Iron,1735097170,1735097170,"0,0,-7.5",Weapon_Sword_003,Normal,,,CDungeon_TBox_Dungeon_Iron_1735097170,candidate_needs_flag_validation
dungeon,Dungeon006_Static.xml,TBox_Dungeon_Stone,-245499714,4049467582,"-36.5,6,-60",Item_Ore_E,Normal,,,CDungeon_TBox_Dungeon_Stone_4049467582,candidate_needs_flag_validation
dungeon,Dungeon007_Static.xml,TBox_Dungeon_Stone,-1617124728,2677842568,"-15,1.15,-19",Item_Ore_F,Normal,,,CDungeon_TBox_Dungeon_Stone_2677842568,candidate_needs_flag_validation
dungeon,Dungeon007_Static.xml,TBox_Dungeon_Stone,-221483809,4073483487,"-0.5,-6.5,-148",Weapon_Lsword_002,Normal,,,CDungeon_TBox_Dungeon_Stone_4073483487,candidate_needs_flag_validation
dungeon,Dungeon008_Static.xml,TBox_Dungeon_Stone,159148495,159148495,"-78,21.46,64",Weapon_Bow_016,Normal,,,CDungeon_TBox_Dungeon_Stone_159148495,candidate_needs_flag_validation
dungeon,Dungeon008_Static.xml,TBox_Dungeon_Stone,-781423260,3513544036,"52,21.5,48",Item_Ore_A,Normal,,,CDungeon_TBox_Dungeon_Stone_3513544036,candidate_needs_flag_validation
dungeon,Dungeon009_Static.xml,TBox_Dungeon_Stone,1182477274,1182477274,"6,15,-40.5",Weapon_Shield_035,Normal,,,CDungeon_TBox_Dungeon_Stone_1182477274,candidate_needs_flag_validation
dungeon,Dungeon010_Static.xml,TBox_Dungeon_Iron,1396031621,1396031621,"-53,17.5,-3",Weapon_Sword_029,Normal,,,CDungeon_TBox_Dungeon_Iron_1396031621,candidate_needs_flag_validation
dungeon,Dungeon010_Static.xml,TBox_Dungeon_Stone,-1007559633,3287407663,"2,7,59",KeySmall,Normal,,,CDungeon_TBox_Dungeon_Stone_3287407663,candidate_needs_flag_validation
dungeon,Dungeon011_Static.xml,TBox_Dungeon_Stone,2144851240,2144851240,"-23,8,-16",Weapon_Sword_035,Normal,,,CDungeon_TBox_Dungeon_Stone_2144851240,candidate_needs_flag_validation
dungeon,Dungeon012_Static.xml,TBox_Dungeon_Stone,-2034592550,2260374746,"49.3,23,42",Weapon_Sword_033,Normal,,,CDungeon_TBox_Dungeon_Stone_2260374746,candidate_needs_flag_validation
dungeon,Dungeon012_Static.xml,TBox_Dungeon_Stone,-1419341777,2875625519,"48,28,-64",KeySmall,Normal,,,CDungeon_TBox_Dungeon_Stone_2875625519,candidate_needs_flag_validation
dungeon,Dungeon013_Static.xml,TBox_Dungeon_Stone,130001776,130001776,"19,17.1125,-21",Weapon_Lsword_034,Normal,,,CDungeon_TBox_Dungeon_Stone_130001776,candidate_needs_flag_validation
dungeon,Dungeon014_Static.xml,TBox_Dungeon_Stone,-1919970483,2374996813,"-8.305347,-9.805347,-12.5",Weapon_Spear_002,Normal,,,CDungeon_TBox_Dungeon_Stone_2374996813,candidate_needs_flag_validation
dungeon,Dungeon014_Static.xml,TBox_Dungeon_Stone,-781001003,3513966293,"-2.5,-6.5,8.5",Item_Ore_E,Normal,,,CDungeon_TBox_Dungeon_Stone_3513966293,candidate_needs_flag_validation
dungeon,Dungeon015_Static.xml,TBox_Dungeon_Stone,1319070279,1319070279,"23,36.5,-47",KeySmall,Normal,,,CDungeon_TBox_Dungeon_Stone_1319070279,candidate_needs_flag_validation
dungeon,Dungeon015_Static.xml,TBox_Dungeon_Stone,1345302867,1345302867,"-39,8.5,-33.5",Weapon_Shield_041,Normal,,,CDungeon_TBox_Dungeon_Stone_1345302867,candidate_needs_flag_validation
dungeon,Dungeon016_Static.xml,TBox_Dungeon_Iron,1708460808,1708460808,"-12,17.76082,-27.5",Item_Ore_E,Normal,,,CDungeon_TBox_Dungeon_Iron_1708460808,candidate_needs_flag_validation
dungeon,Dungeon016_Static.xml,TBox_Dungeon_Iron,-1563357221,2731610075,"7.5,17.76082,-27.5",Weapon_Bow_014,Normal,,,CDungeon_TBox_Dungeon_Iron_2731610075,candidate_needs_flag_validation
dungeon,Dungeon017_Static.xml,TBox_Dungeon_Stone,-154025333,4140941963,"-16,18,28.5",Weapon_Lsword_041,Normal,,,CDungeon_TBox_Dungeon_Stone_4140941963,candidate_needs_flag_validation
dungeon,Dungeon018_Static.xml,TBox_Dungeon_Stone,1203458803,1203458803,"11,2.6,11",KeySmall,Normal,,,CDungeon_TBox_Dungeon_Stone_1203458803,candidate_needs_flag_validation
dungeon,Dungeon018_Static.xml,TBox_Dungeon_Iron,-174108534,4120858762,"-7,6,3",Weapon_Spear_031,Normal,,,CDungeon_TBox_Dungeon_Iron_4120858762,candidate_needs_flag_validation
dungeon,Dungeon019_Static.xml,TBox_Dungeon_Iron,896824088,896824088,"9,-4,-6",Item_Ore_E,Normal,,,CDungeon_TBox_Dungeon_Iron_896824088,candidate_needs_flag_validation
dungeon,Dungeon019_Static.xml,TBox_Dungeon_Iron,1114850190,1114850190,"-20,9.632813,-2",Weapon_Sword_027,Normal,,,CDungeon_TBox_Dungeon_Iron_1114850190,candidate_needs_flag_validation
dungeon,Dungeon019_Static.xml,TBox_Dungeon_Iron,1961782765,1961782765,"20,0,-18",Item_Ore_F,Normal,,,CDungeon_TBox_Dungeon_Iron_1961782765,candidate_needs_flag_validation
dungeon,Dungeon020_Static.xml,TBox_Dungeon_Stone,-1328315556,2966651740,"-4,-20,-30",Weapon_Lsword_035,Normal,,,CDungeon_TBox_Dungeon_Stone_2966651740,candidate_needs_flag_validation
dungeon,Dungeon021_Static.xml,TBox_Dungeon_Iron,651697158,651697158,"0,0,21.1",Armor_046_Upper,Normal,,,CDungeon_TBox_Dungeon_Iron_651697158,candidate_needs_flag_validation
dungeon,Dungeon021_Static.xml,TBox_Dungeon_Wood,1608635741,1608635741,"23,12,8",Item_Ore_E,Normal,,,CDungeon_TBox_Dungeon_Wood_1608635741,candidate_needs_flag_validation
dungeon,Dungeon022_Static.xml,TBox_Dungeon_Stone,944710900,944710900,"30,0,17.5",Weapon_Lsword_003,Normal,,,CDungeon_TBox_Dungeon_Stone_944710900,candidate_needs_flag_validation
dungeon,Dungeon023_Static.xml,TBox_Dungeon_Stone,1274382149,1274382149,"11.5,12,-14",Weapon_Lsword_051,Normal,,,CDungeon_TBox_Dungeon_Stone_1274382149,candidate_needs_flag_validation
dungeon,Dungeon023_Static.xml,TBox_Dungeon_Stone,-831880739,3463086557,"8,4,28",Item_Ore_E,Normal,,,CDungeon_TBox_Dungeon_Stone_3463086557,candidate_needs_flag_validation
dungeon,Dungeon024_Static.xml,TBox_Dungeon_Iron,114738522,114738522,"-24,6,-4",Weapon_Sword_035,Normal,,,CDungeon_TBox_Dungeon_Iron_114738522,candidate_needs_flag_validation
dungeon,Dungeon025_Static.xml,TBox_Dungeon_Stone,-1366266187,2928701109,"18,53.5,-112",Item_Ore_B,Normal,,,CDungeon_TBox_Dungeon_Stone_2928701109,candidate_needs_flag_validation
dungeon,Dungeon025_Static.xml,TBox_Dungeon_Stone,-884936265,3410031031,"-15,106.5,-175",Obj_BombArrow_A_02,Normal,,,CDungeon_TBox_Dungeon_Stone_3410031031,candidate_needs_flag_validation
dungeon,Dungeon026_Static.xml,TBox_Dungeon_Stone,1306359972,1306359972,"-23,10,13",KeySmall,Normal,,,CDungeon_TBox_Dungeon_Stone_1306359972,candidate_needs_flag_validation
dungeon,Dungeon026_Static.xml,TBox_Dungeon_Stone,1749408352,1749408352,"0,0,-24.5",Item_Ore_B,Normal,,,CDungeon_TBox_Dungeon_Stone_1749408352,candidate_needs_flag_validation
dungeon,Dungeon026_Static.xml,TBox_Dungeon_Stone,-1519644446,2775322850,"26,0,28",Weapon_Lsword_037,Normal,,,CDungeon_TBox_Dungeon_Stone_2775322850,candidate_needs_flag_validation
dungeon,Dungeon026_Static.xml,TBox_Dungeon_Stone,-1511184833,2783782463,"0,10,-8.5",Obj_IceArrow_A_02,Normal,,,CDungeon_TBox_Dungeon_Stone_2783782463,candidate_needs_flag_validation
dungeon,Dungeon027_Static.xml,TBox_Dungeon_Iron,2001786182,2001786182,"4,20,-14.5",Weapon_Sword_031,Normal,,,CDungeon_TBox_Dungeon_Iron_2001786182,candidate_needs_flag_validation
dungeon,Dungeon027_Static.xml,TBox_Dungeon_Stone,-728461256,3566506040,"-10.5,8.15,-13",KeySmall,Normal,,,CDungeon_TBox_Dungeon_Stone_3566506040,candidate_needs_flag_validation
dungeon,Dungeon028_Static.xml,TBox_Dungeon_Iron,223462799,223462799,"-24,35.5,60.5",PutRupee_Silver,Normal,,,CDungeon_TBox_Dungeon_Iron_223462799,candidate_needs_flag_validation
dungeon,Dungeon028_Static.xml,TBox_Dungeon_Stone,304910307,304910307,"48,32,-27.5",Weapon_Lsword_033,Normal,,,CDungeon_TBox_Dungeon_Stone_304910307,candidate_needs_flag_validation
dungeon,Dungeon028_Static.xml,TBox_Dungeon_Stone,1249330112,1249330112,"-54,32,-9.5",Obj_IceArrow_A_02,Normal,,,CDungeon_TBox_Dungeon_Stone_1249330112,candidate_needs_flag_validation
dungeon,Dungeon028_Static.xml,TBox_Dungeon_Stone,-1013598634,3281368662,"64,32,-16",Item_Enemy_31,Normal,,,CDungeon_TBox_Dungeon_Stone_3281368662,candidate_needs_flag_validation
dungeon,Dungeon028_Static.xml,TBox_Dungeon_Stone,-468351017,3826616279,"-27,36,32",Weapon_Sword_025,Normal,,,CDungeon_TBox_Dungeon_Stone_3826616279,candidate_needs_flag_validation
dungeon,Dungeon028_Static.xml,TBox_Dungeon_Stone,-97973358,4196993938,"-34,20,-9",Weapon_Bow_036,Normal,,,CDungeon_TBox_Dungeon_Stone_4196993938,candidate_needs_flag_validation
dungeon,Dungeon029_Static.xml,TBox_Dungeon_Iron,771359327,771359327,"-7,-6,39",Item_Ore_E,Normal,,,CDungeon_TBox_Dungeon_Iron_771359327,candidate_needs_flag_validation
dungeon,Dungeon029_Static.xml,TBox_Dungeon_Wood,-1749667149,2545300147,"5.5,0,13",Obj_IceArrow_A_03,Normal,,,CDungeon_TBox_Dungeon_Wood_2545300147,candidate_needs_flag_validation
dungeon,Dungeon030_Static.xml,TBox_Dungeon_Iron,296010651,296010651,"0,20,-61",Weapon_Spear_029,Normal,,,CDungeon_TBox_Dungeon_Iron_296010651,candidate_needs_flag_validation
dungeon,Dungeon030_Static.xml,TBox_Dungeon_Stone,-1536390856,2758576440,"-26,8,38",Weapon_Lsword_029,Normal,,,CDungeon_TBox_Dungeon_Stone_2758576440,candidate_needs_flag_validation
dungeon,Dungeon031_Static.xml,TBox_Dungeon_Iron,418217937,418217937,"28,25,38",Item_Ore_B,Normal,,,CDungeon_TBox_Dungeon_Iron_418217937,candidate_needs_flag_validation
dungeon,Dungeon031_Static.xml,TBox_Dungeon_Stone,-221947954,4073019342,"17,27.65,-63.5",Weapon_Sword_003,Normal,,,CDungeon_TBox_Dungeon_Stone_4073019342,candidate_needs_flag_validation
dungeon,Dungeon032_Static.xml,TBox_Dungeon_Stone,1366576292,1366576292,"-48,122.6125,-21.5",PutRupee_Silver,Normal,,,CDungeon_TBox_Dungeon_Stone_1366576292,candidate_needs_flag_validation
dungeon,Dungeon032_Static.xml,TBox_Dungeon_Stone,-1996264948,2298702348,"-45,144.5,32",Item_Enemy_30,Normal,,,CDungeon_TBox_Dungeon_Stone_2298702348,candidate_needs_flag_validation
dungeon,Dungeon032_Static.xml,TBox_Dungeon_Stone,-1377482448,2917484848,"-35.5,164.2,35.5",Weapon_Shield_036,Normal,,,CDungeon_TBox_Dungeon_Stone_2917484848,candidate_needs_flag_validation
dungeon,Dungeon032_Static.xml,TBox_Dungeon_Stone,-71491122,4223476174,"-48,143.5,35",Weapon_Sword_030,Normal,,,CDungeon_TBox_Dungeon_Stone_4223476174,candidate_needs_flag_validation
dungeon,Dungeon033_Static.xml,TBox_Dungeon_Stone,1852894353,1852894353,"-16,0.1,-24",Weapon_Lsword_027,Normal,,,CDungeon_TBox_Dungeon_Stone_1852894353,candidate_needs_flag_validation
dungeon,Dungeon034_Static.xml,TBox_Dungeon_Stone,445242426,445242426,"26,4,18",Weapon_Lsword_003,Normal,,,CDungeon_TBox_Dungeon_Stone_445242426,candidate_needs_flag_validation
dungeon,Dungeon034_Static.xml,TBox_Dungeon_Stone,1223731997,1223731997,"-26,4,18",KeySmall,Normal,,,CDungeon_TBox_Dungeon_Stone_1223731997,candidate_needs_flag_validation
dungeon,Dungeon035_Static.xml,TBox_Dungeon_Stone,450234134,450234134,"26,10,58.5",Item_Enemy_30,Normal,,,CDungeon_TBox_Dungeon_Stone_450234134,candidate_needs_flag_validation
dungeon,Dungeon035_Static.xml,TBox_Dungeon_Stone,-1595191497,2699775799,"-6,6,38",Weapon_Spear_032,Normal,,,CDungeon_TBox_Dungeon_Stone_2699775799,candidate_needs_flag_validation
dungeon,Dungeon035_Static.xml,TBox_Dungeon_Stone,-24812630,4270154666,"6,6,38",Item_Ore_C,Normal,,,CDungeon_TBox_Dungeon_Stone_4270154666,candidate_needs_flag_validation
dungeon,Dungeon036_Static.xml,TBox_Dungeon_Stone,962037740,962037740,"-22,0,-1",PutRupee_Silver,Normal,,,CDungeon_TBox_Dungeon_Stone_962037740,candidate_needs_flag_validation
dungeon,Dungeon037_Static.xml,TBox_Dungeon_Stone,-682494552,3612472744,"29,14,1",Item_Ore_D,Normal,,,CDungeon_TBox_Dungeon_Stone_3612472744,candidate_needs_flag_validation
dungeon,Dungeon037_Static.xml,TBox_Dungeon_Iron,-636684709,3658282587,"-8,26,17.5",Weapon_Bow_017,Normal,,,CDungeon_TBox_Dungeon_Iron_3658282587,candidate_needs_flag_validation
dungeon,Dungeon038_Static.xml,TBox_Dungeon_Iron,-919597478,3375369818,"41,45.5,-31",Weapon_Bow_001,Normal,,,CDungeon_TBox_Dungeon_Iron_3375369818,candidate_needs_flag_validation
dungeon,Dungeon039_Static.xml,TBox_Dungeon_Stone,-2119533170,2175434126,"-9.5,-3,-6",Weapon_Bow_029,Normal,,,CDungeon_TBox_Dungeon_Stone_2175434126,candidate_needs_flag_validation
dungeon,Dungeon040_Static.xml,TBox_Dungeon_Stone,616546705,616546705,"78,4,62",Item_Enemy_30,Normal,,,CDungeon_TBox_Dungeon_Stone_616546705,candidate_needs_flag_validation
dungeon,Dungeon040_Static.xml,TBox_Dungeon_Stone,1402060224,1402060224,"-22,4,-59",Weapon_Sword_003,Normal,,,CDungeon_TBox_Dungeon_Stone_1402060224,candidate_needs_flag_validation
dungeon,Dungeon040_Static.xml,TBox_Dungeon_Stone,-2092872170,2202095126,"14,16,-73",Item_Ore_A,Normal,,,CDungeon_TBox_Dungeon_Stone_2202095126,candidate_needs_flag_validation
dungeon,Dungeon040_Static.xml,TBox_Dungeon_Stone,-1380845152,2914122144,"18,8,16",PutRupee_Silver,Normal,,,CDungeon_TBox_Dungeon_Stone_2914122144,candidate_needs_flag_validation
dungeon,Dungeon040_Static.xml,TBox_Dungeon_Stone,-797393462,3497573834,"-70.5,4,-42.5",Weapon_Lsword_055,Normal,,,CDungeon_TBox_Dungeon_Stone_3497573834,candidate_needs_flag_validation
dungeon,Dungeon041_Static.xml,TBox_Dungeon_Stone,235083489,235083489,"-6,0,-4",Weapon_Lsword_001,Normal,,,CDungeon_TBox_Dungeon_Stone_235083489,candidate_needs_flag_validation
dungeon,Dungeon041_Static.xml,TBox_Dungeon_Stone,-102260335,4192706961,"-23,4,-77",Item_Ore_F,Normal,,,CDungeon_TBox_Dungeon_Stone_4192706961,candidate_needs_flag_validation
dungeon,Dungeon042_Static.xml,TBox_Dungeon_Stone,2081482182,2081482182,"28,16,20",Item_Enemy_30,Normal,,,CDungeon_TBox_Dungeon_Stone_2081482182,candidate_needs_flag_validation
dungeon,Dungeon043_Static.xml,TBox_Dungeon_Stone,294526304,294526304,"-16,3.5,5.5",Weapon_Sword_034,Normal,,,CDungeon_TBox_Dungeon_Stone_294526304,candidate_needs_flag_validation
dungeon,Dungeon044_Static.xml,TBox_Dungeon_Stone,1221975918,1221975918,"16,18,28.5",Weapon_Spear_037,Normal,,,CDungeon_TBox_Dungeon_Stone_1221975918,candidate_needs_flag_validation
dungeon,Dungeon045_Static.xml,TBox_Dungeon_Stone,787648808,787648808,"62.5,13.5,11.5",PutRupee_Purple,Normal,,,CDungeon_TBox_Dungeon_Stone_787648808,candidate_needs_flag_validation
dungeon,Dungeon046_Static.xml,TBox_Dungeon_Iron,-1561297156,2733670140,"-33,8.5,-14",Weapon_Lsword_034,Normal,,,CDungeon_TBox_Dungeon_Iron_2733670140,candidate_needs_flag_validation
dungeon,Dungeon047_Static.xml,TBox_Dungeon_Stone,1203109046,1203109046,"-15,14,-81",Armor_014_Head,Normal,,,CDungeon_TBox_Dungeon_Stone_1203109046,candidate_needs_flag_validation
dungeon,Dungeon048_Static.xml,TBox_Dungeon_Stone,2075859436,2075859436,"-12,7,38.5",Weapon_Spear_028,Normal,,,CDungeon_TBox_Dungeon_Stone_2075859436,candidate_needs_flag_validation
dungeon,Dungeon049_Static.xml,TBox_Dungeon_Stone,-282671055,4012296241,"-19,10.15,-95.5",Weapon_Sword_003,Normal,,,CDungeon_TBox_Dungeon_Stone_4012296241,candidate_needs_flag_validation
dungeon,Dungeon049_Static.xml,TBox_Dungeon_Wood,-80117300,4214849996,"13.5,7,-41",Item_Enemy_30,Normal,,,CDungeon_TBox_Dungeon_Wood_4214849996,candidate_needs_flag_validation
dungeon,Dungeon050_Static.xml,TBox_Dungeon_Iron_050,923248764,923248764,"17.5,12.15,-27.5",Weapon_Sword_001,Normal,,,CDungeon_TBox_Dungeon_Iron_050_923248764,candidate_needs_flag_validation
dungeon,Dungeon050_Static.xml,TBox_Dungeon_Stone,-1121710775,3173256521,"-0.5,23.65,-85.5",Item_Enemy_30,Normal,,,CDungeon_TBox_Dungeon_Stone_3173256521,candidate_needs_flag_validation
dungeon,Dungeon051_Static.xml,TBox_Dungeon_Iron,1297119120,1297119120,"20,-16.5,-94.5",Item_Enemy_30,Normal,,,CDungeon_TBox_Dungeon_Iron_1297119120,candidate_needs_flag_validation
dungeon,Dungeon051_Static.xml,TBox_Dungeon_Iron,-1389087790,2905879506,"-4,-22,-51",Item_Ore_A,Normal,,,CDungeon_TBox_Dungeon_Iron_2905879506,candidate_needs_flag_validation
dungeon,Dungeon051_Static.xml,TBox_Dungeon_Stone,-22183803,4272783493,"8,-28,-17",Obj_BombArrow_A_03,Normal,,,CDungeon_TBox_Dungeon_Stone_4272783493,candidate_needs_flag_validation
dungeon,Dungeon052_Static.xml,TBox_Dungeon_Stone,-1319497102,2975470194,"42.5,0,-12.5",Item_Ore_A,Normal,,,CDungeon_TBox_Dungeon_Stone_2975470194,candidate_needs_flag_validation
dungeon,Dungeon053_Static.xml,TBox_Dungeon_Stone,287351360,287351360,"21,28,-6",Weapon_Bow_035,Normal,,,CDungeon_TBox_Dungeon_Stone_287351360,candidate_needs_flag_validation
dungeon,Dungeon053_Static.xml,TBox_Dungeon_Stone,699967431,699967431,"-14,-34,-18",PutRupee_Purple,Normal,,,CDungeon_TBox_Dungeon_Stone_699967431,candidate_needs_flag_validation
dungeon,Dungeon054_Static.xml,TBox_Dungeon_Iron,393155234,393155234,"-12,16,10",Item_Ore_E,Normal,,,CDungeon_TBox_Dungeon_Iron_393155234,candidate_needs_flag_validation
dungeon,Dungeon054_Static.xml,TBox_Dungeon_Stone,2042129072,2042129072,"-48.5,0,26.5",Weapon_Bow_001,Normal,,,CDungeon_TBox_Dungeon_Stone_2042129072,candidate_needs_flag_validation
dungeon,Dungeon054_Static.xml,TBox_Dungeon_Stone,-589519587,3705447709,"-14,2,15",PutRupee_Gold,Normal,,,CDungeon_TBox_Dungeon_Stone_3705447709,candidate_needs_flag_validation
dungeon,Dungeon055_Static.xml,TBox_Dungeon_Stone,-1975375617,2319591679,"-80.5,0.140625,21",Weapon_Lsword_035,Normal,,,CDungeon_TBox_Dungeon_Stone_2319591679,candidate_needs_flag_validation
dungeon,Dungeon055_Static.xml,TBox_Dungeon_Stone,-1247223389,3047743907,"11,2.15,12",Weapon_Bow_017,Normal,,,CDungeon_TBox_Dungeon_Stone_3047743907,candidate_needs_flag_validation
dungeon,Dungeon056_Static.xml,TBox_Dungeon_Stone,309690636,309690636,"-16,-15.4,85.9",Weapon_Lsword_031,Normal,,,CDungeon_TBox_Dungeon_Stone_309690636,candidate_needs_flag_validation
dungeon,Dungeon056_Static.xml,TBox_Dungeon_Stone,1168499415,1168499415,"-144,-15.35,86",Item_Enemy_31,Normal,,,CDungeon_TBox_Dungeon_Stone_1168499415,candidate_needs_flag_validation
dungeon,Dungeon056_Static.xml,TBox_Dungeon_Stone,-1954754378,2340212918,"-127,-15.35,96",Weapon_Lsword_031,Normal,,,CDungeon_TBox_Dungeon_Stone_2340212918,candidate_needs_flag_validation
dungeon,Dungeon057_Static.xml,TBox_Dungeon_Stone,322360761,322360761,"23.5,12,28",Item_Ore_F,Normal,,,CDungeon_TBox_Dungeon_Stone_322360761,candidate_needs_flag_validation
dungeon,Dungeon058_Static.xml,TBox_Dungeon_Stone,359699135,359699135,"0,-17,-76.5",PutRupee_Gold,Normal,,,CDungeon_TBox_Dungeon_Stone_359699135,candidate_needs_flag_validation
dungeon,Dungeon058_Static.xml,TBox_Dungeon_Stone,718693766,718693766,"7.942136,-16,-12.95185",Weapon_Spear_025,Normal,,,CDungeon_TBox_Dungeon_Stone_718693766,candidate_needs_flag_validation
dungeon,Dungeon058_Static.xml,TBox_Dungeon_Stone,-475638762,3819328534,"-12,-16,-43",Weapon_Bow_013,Normal,,,CDungeon_TBox_Dungeon_Stone_3819328534,candidate_needs_flag_validation
dungeon,Dungeon059_Static.xml,TBox_Dungeon_Stone,889586639,889586639,"5,38.5,18",PutRupee_Gold,Normal,,,CDungeon_TBox_Dungeon_Stone_889586639,candidate_needs_flag_validation
dungeon,Dungeon059_Static.xml,TBox_Dungeon_Stone,-2144555123,2150412173,"-43.25,89.3625,2.25",KeySmall,Normal,,,CDungeon_TBox_Dungeon_Stone_2150412173,candidate_needs_flag_validation
dungeon,Dungeon059_Static.xml,TBox_Dungeon_Stone,-1892332152,2402635144,"36.5,30.65,61",Weapon_Lsword_056,Normal,,,CDungeon_TBox_Dungeon_Stone_2402635144,candidate_needs_flag_validation
dungeon,Dungeon059_Static.xml,TBox_Dungeon_Stone,-1239282988,3055684308,"-39,49.5,42",Item_Enemy_31,Normal,,,CDungeon_TBox_Dungeon_Stone_3055684308,candidate_needs_flag_validation
dungeon,Dungeon059_Static.xml,TBox_Dungeon_Stone,-1147748784,3147218512,"2,37,0",Weapon_Sword_025,Normal,,,CDungeon_TBox_Dungeon_Stone_3147218512,candidate_needs_flag_validation
dungeon,Dungeon059_Static.xml,TBox_Dungeon_Stone,-799604482,3495362814,"39,38.5,-17.5",Weapon_Spear_035,Normal,,,CDungeon_TBox_Dungeon_Stone_3495362814,candidate_needs_flag_validation
dungeon,Dungeon060_Static.xml,TBox_Dungeon_Iron,32387787,32387787,"-13,0,-23",Weapon_Sword_035,Normal,,,CDungeon_TBox_Dungeon_Iron_32387787,candidate_needs_flag_validation
dungeon,Dungeon061_Static.xml,TBox_Dungeon_Wood,-995307067,3299660229,"27,13,-24.5",Obj_IceArrow_A_03,Normal,,,CDungeon_TBox_Dungeon_Wood_3299660229,candidate_needs_flag_validation
dungeon,Dungeon061_Static.xml,TBox_Dungeon_Wood,-647946826,3647020470,"-27,13,-24.5",KeySmall,Normal,,,CDungeon_TBox_Dungeon_Wood_3647020470,candidate_needs_flag_validation
dungeon,Dungeon062_Static.xml,TBox_Dungeon_Stone,654507101,654507101,"0,4,0",KeySmall,Normal,,,CDungeon_TBox_Dungeon_Stone_654507101,candidate_needs_flag_validation
dungeon,Dungeon062_Static.xml,TBox_Dungeon_Stone,-1703755322,2591211974,"-14.5,12.00023,-7",Weapon_Sword_024,Normal,,,CDungeon_TBox_Dungeon_Stone_2591211974,candidate_needs_flag_validation
dungeon,Dungeon063_Static.xml,TBox_Dungeon_Stone,987962398,987962398,"-26,0,-11.5",Weapon_Sword_030,Normal,,,CDungeon_TBox_Dungeon_Stone_987962398,candidate_needs_flag_validation
dungeon,Dungeon064_Static.xml,TBox_Dungeon_Stone,-410524001,3884443295,"18.5,19,29",PutRupee_Silver,Normal,,,CDungeon_TBox_Dungeon_Stone_3884443295,candidate_needs_flag_validation
dungeon,Dungeon065_Static.xml,TBox_Dungeon_Stone,1490683918,1490683918,"-4,6,0.5",Weapon_Spear_001,Normal,,,CDungeon_TBox_Dungeon_Stone_1490683918,candidate_needs_flag_validation
dungeon,Dungeon066_Static.xml,TBox_Dungeon_Stone,215071769,215071769,"16,12,-23",Item_Ore_A,Normal,,,CDungeon_TBox_Dungeon_Stone_215071769,candidate_needs_flag_validation
dungeon,Dungeon067_Static.xml,TBox_Dungeon_Stone,-1753943946,2541023350,"-27,10.5,23",Weapon_Lsword_003,Normal,,,CDungeon_TBox_Dungeon_Stone_2541023350,candidate_needs_flag_validation
dungeon,Dungeon067_Static.xml,TBox_Dungeon_Wood,-677274496,3617692800,"9.5,4,2.75",KeySmall,Normal,,,CDungeon_TBox_Dungeon_Wood_3617692800,candidate_needs_flag_validation
dungeon,Dungeon068_Static.xml,TBox_Dungeon_Stone,319620032,319620032,"17,55,1",Weapon_Sword_041,Normal,,,CDungeon_TBox_Dungeon_Stone_319620032,candidate_needs_flag_validation
dungeon,Dungeon069_Static.xml,TBox_Dungeon_Stone,582159315,582159315,"25.5,0,0",Item_Ore_D,Normal,,,CDungeon_TBox_Dungeon_Stone_582159315,candidate_needs_flag_validation
dungeon,Dungeon069_Static.xml,TBox_Dungeon_Stone,1505890884,1505890884,"-29,12,0",Item_Enemy_30,Normal,,,CDungeon_TBox_Dungeon_Stone_1505890884,candidate_needs_flag_validation
dungeon,Dungeon070_Static.xml,TBox_Dungeon_Stone,-1262857833,3032109463,"0,12.5,-60",Weapon_Bow_035,Normal,,,CDungeon_TBox_Dungeon_Stone_3032109463,candidate_needs_flag_validation
dungeon,Dungeon071_Static.xml,TBox_Dungeon_Stone,-844104901,3450862395,"5.960464E-08,12.55,-60",Weapon_Sword_051,Normal,,,CDungeon_TBox_Dungeon_Stone_3450862395,candidate_needs_flag_validation
dungeon,Dungeon072_Static.xml,TBox_Dungeon_Stone,992999892,992999892,"0,12.55,-60",Item_Enemy_30,Normal,,,CDungeon_TBox_Dungeon_Stone_992999892,candidate_needs_flag_validation
dungeon,Dungeon073_Static.xml,TBox_Dungeon_Stone,628803076,628803076,"0,12.55,-60",Weapon_Spear_024,Normal,,,CDungeon_TBox_Dungeon_Stone_628803076,candidate_needs_flag_validation
dungeon,Dungeon074_Static.xml,TBox_Dungeon_Stone,821435950,821435950,"0,12.55,-60",Weapon_Shield_003,Normal,,,CDungeon_TBox_Dungeon_Stone_821435950,candidate_needs_flag_validation
dungeon,Dungeon075_Static.xml,TBox_Dungeon_Stone,1908915428,1908915428,"0,12.55,-60",Item_Enemy_31,Normal,,,CDungeon_TBox_Dungeon_Stone_1908915428,candidate_needs_flag_validation
dungeon,Dungeon076_Static.xml,TBox_Dungeon_Stone,1835622564,1835622564,"0,12.55,-60",Weapon_Sword_034,Normal,,,CDungeon_TBox_Dungeon_Stone_1835622564,candidate_needs_flag_validation
dungeon,Dungeon077_Static.xml,TBox_Dungeon_Stone,-1221766589,3073200707,"0,12.55,-60",Item_Ore_C,Normal,,,CDungeon_TBox_Dungeon_Stone_3073200707,candidate_needs_flag_validation
dungeon,Dungeon078_Static.xml,TBox_Dungeon_Stone,246330360,246330360,"0,12.55,-60",Weapon_Sword_034,Normal,,,CDungeon_TBox_Dungeon_Stone_246330360,candidate_needs_flag_validation
dungeon,Dungeon079_Static.xml,TBox_Dungeon_Stone,-1439282488,2855684808,"5.960464E-08,12.55,-60",Weapon_Spear_034,Normal,,,CDungeon_TBox_Dungeon_Stone_2855684808,candidate_needs_flag_validation
dungeon,Dungeon080_Static.xml,TBox_Dungeon_Stone,396797432,396797432,"5.960464E-08,12.55,-60",Weapon_Sword_024,Normal,,,CDungeon_TBox_Dungeon_Stone_396797432,candidate_needs_flag_validation
dungeon,Dungeon081_Static.xml,TBox_Dungeon_Stone,-777642555,3517324741,"0,12.55,-60",Weapon_Bow_035,Normal,,,CDungeon_TBox_Dungeon_Stone_3517324741,candidate_needs_flag_validation
dungeon,Dungeon082_Static.xml,TBox_Dungeon_Stone,-2063256720,2231710576,"0,12.55,-60",Armor_014_Upper,Normal,,,CDungeon_TBox_Dungeon_Stone_2231710576,candidate_needs_flag_validation
dungeon,Dungeon083_Static.xml,TBox_Dungeon_Stone,-518093269,3776874027,"0,12.55,-60",Weapon_Spear_003,Normal,,,CDungeon_TBox_Dungeon_Stone_3776874027,candidate_needs_flag_validation
dungeon,Dungeon084_Static.xml,TBox_Dungeon_Stone,1101189494,1101189494,"0,12.55,-60",Weapon_Spear_033,Normal,,,CDungeon_TBox_Dungeon_Stone_1101189494,candidate_needs_flag_validation
dungeon,Dungeon085_Static.xml,TBox_Dungeon_Stone,-140985529,4153981767,"0,12.55,-60",PutRupee_Silver,Normal,,,CDungeon_TBox_Dungeon_Stone_4153981767,candidate_needs_flag_validation
dungeon,Dungeon086_Static.xml,TBox_Dungeon_Stone,289382806,289382806,"0,12.55,-60",Weapon_Lsword_024,Normal,,,CDungeon_TBox_Dungeon_Stone_289382806,candidate_needs_flag_validation
dungeon,Dungeon087_Static.xml,TBox_Dungeon_Stone,56897618,56897618,"0,12.55,-60",Item_Ore_A,Normal,,,CDungeon_TBox_Dungeon_Stone_56897618,candidate_needs_flag_validation
dungeon,Dungeon088_Static.xml,TBox_Dungeon_Stone,262007905,262007905,"0,12.55,-60",Item_Ore_C,Normal,,,CDungeon_TBox_Dungeon_Stone_262007905,candidate_needs_flag_validation
dungeon,Dungeon089_Static.xml,TBox_Dungeon_Stone,1249779666,1249779666,"0,12.55,-60",Weapon_Sword_033,Normal,,,CDungeon_TBox_Dungeon_Stone_1249779666,candidate_needs_flag_validation
dungeon,Dungeon090_Static.xml,TBox_Dungeon_Iron,-996356916,3298610380,"0,6.5,-4",Weapon_Sword_030,Normal,,,CDungeon_TBox_Dungeon_Iron_3298610380,candidate_needs_flag_validation
dungeon,Dungeon091_Static.xml,TBox_Dungeon_Iron,1597604003,1597604003,"1.788139E-07,6.5,-4",Weapon_Lsword_034,Normal,,,CDungeon_TBox_Dungeon_Iron_1597604003,candidate_needs_flag_validation
dungeon,Dungeon092_Static.xml,TBox_Dungeon_Iron,682054227,682054227,"0,6.5,-4",PutRupee_Silver,Normal,,,CDungeon_TBox_Dungeon_Iron_682054227,candidate_needs_flag_validation
dungeon,Dungeon093_Static.xml,TBox_Dungeon_Iron,-1291706820,3003260476,"0,6.5,-4",Weapon_Shield_036,Normal,,,CDungeon_TBox_Dungeon_Iron_3003260476,candidate_needs_flag_validation
dungeon,Dungeon094_Static.xml,TBox_Dungeon_Iron,-946145357,3348821939,"0,6.5,-4",Weapon_Bow_015,Normal,,,CDungeon_TBox_Dungeon_Iron_3348821939,candidate_needs_flag_validation
dungeon,Dungeon095_Static.xml,TBox_Dungeon_Iron,1547680732,1547680732,"0,6.5,-4",Item_Enemy_31,Normal,,,CDungeon_TBox_Dungeon_Iron_1547680732,candidate_needs_flag_validation
dungeon,Dungeon096_Static.xml,TBox_Dungeon_Iron,731998508,731998508,"1.788139E-07,6.5,-4",Armor_046_Lower,Normal,,,CDungeon_TBox_Dungeon_Iron_731998508,candidate_needs_flag_validation
dungeon,Dungeon097_Static.xml,TBox_Dungeon_Iron,-1341905597,2953061699,"0,6.5,-4",PutRupee_Gold,Normal,,,CDungeon_TBox_Dungeon_Iron_2953061699,candidate_needs_flag_validation
dungeon,Dungeon098_Static.xml,TBox_Dungeon_Iron,-1030702542,3264264754,"0,6.5,-4",Item_Enemy_30,Normal,,,CDungeon_TBox_Dungeon_Iron_3264264754,candidate_needs_flag_validation
dungeon,Dungeon099_Static.xml,TBox_Dungeon_Stone,1648376382,1648376382,"-16,10.15,24",Weapon_Sword_041,Normal,,,CDungeon_TBox_Dungeon_Stone_1648376382,candidate_needs_flag_validation
dungeon,Dungeon099_Static.xml,TBox_Dungeon_Stone,-1717825161,2577142135,"16,10.15,24",Weapon_Shield_041,Normal,,,CDungeon_TBox_Dungeon_Stone_2577142135,candidate_needs_flag_validation
dungeon,Dungeon099_Static.xml,TBox_Dungeon_Stone,-1131742208,3163225088,"0,12.5,-52",Item_Ore_E,Normal,,,CDungeon_TBox_Dungeon_Stone_3163225088,candidate_needs_flag_validation
dungeon,Dungeon100_Static.xml,TBox_Dungeon_Stone,-1459546172,2835421124,"1.788139E-07,6.5,-4",Item_Ore_A,Normal,,,CDungeon_TBox_Dungeon_Stone_2835421124,candidate_needs_flag_validation
dungeon,Dungeon101_Static.xml,TBox_Dungeon_Stone,849632171,849632171,"1.788139E-07,6.5,-4",PutRupee_Silver,Normal,,,CDungeon_TBox_Dungeon_Stone_849632171,candidate_needs_flag_validation
dungeon,Dungeon102_Static.xml,TBox_Dungeon_Stone,1161464155,1161464155,"1.788139E-07,6.5,-4",Weapon_Sword_033,Normal,,,CDungeon_TBox_Dungeon_Stone_1161464155,candidate_needs_flag_validation
dungeon,Dungeon103_Static.xml,TBox_Dungeon_Stone,-559954636,3735012660,"1.788139E-07,6.5,-4",Armor_048_Upper,Normal,,,CDungeon_TBox_Dungeon_Stone_3735012660,candidate_needs_flag_validation
dungeon,Dungeon104_Static.xml,TBox_Dungeon_Stone,-1442370373,2852596923,"1.788139E-07,6.5,-4",PutRupee_Gold,Normal,,,CDungeon_TBox_Dungeon_Stone_2852596923,candidate_needs_flag_validation
dungeon,Dungeon105_Static.xml,TBox_Dungeon_Stone,832725204,832725204,"1.788139E-07,6.5,-4.5",Armor_048_Head,Normal,,,CDungeon_TBox_Dungeon_Stone_832725204,candidate_needs_flag_validation
dungeon,Dungeon106_Static.xml,TBox_Dungeon_Stone,1178382884,1178382884,"1.788139E-07,6.5,-4.5",Item_Enemy_31,Normal,,,CDungeon_TBox_Dungeon_Stone_1178382884,candidate_needs_flag_validation
dungeon,Dungeon107_Static.xml,TBox_Dungeon_Stone,-577110453,3717856843,"1.788139E-07,6.5,-4",Item_Ore_A,Normal,,,CDungeon_TBox_Dungeon_Stone_3717856843,candidate_needs_flag_validation
dungeon,Dungeon108_Static.xml,TBox_Dungeon_Stone,-1358077638,2936889658,"1.788139E-07,6.5,-4",Item_Enemy_30,Normal,,,CDungeon_TBox_Dungeon_Stone_2936889658,candidate_needs_flag_validation
dungeon,Dungeon109_Static.xml,TBox_Dungeon_Stone,883436885,883436885,"1.788139E-07,6.5,-4",Item_Enemy_31,Normal,,,CDungeon_TBox_Dungeon_Stone_883436885,candidate_needs_flag_validation
dungeon,Dungeon110_Static.xml,TBox_Dungeon_Stone,1956105793,1956105793,"1.788139E-07,6.5,-4",Weapon_Spear_033,Normal,,,CDungeon_TBox_Dungeon_Stone_1956105793,candidate_needs_flag_validation
dungeon,Dungeon111_Static.xml,TBox_Dungeon_Stone,-281902546,4013064750,"1.788139E-07,6.5,-4",Weapon_Lsword_035,Normal,,,CDungeon_TBox_Dungeon_Stone_4013064750,candidate_needs_flag_validation
dungeon,Dungeon112_Static.xml,TBox_Dungeon_Stone,-1733537570,2561429726,"1.788139E-07,6.5,-4",Weapon_Lsword_055,Normal,,,CDungeon_TBox_Dungeon_Stone_2561429726,candidate_needs_flag_validation
dungeon,Dungeon113_Static.xml,TBox_Dungeon_Stone,50928817,50928817,"1.788139E-07,6.5,-4",Weapon_Spear_035,Normal,,,CDungeon_TBox_Dungeon_Stone_50928817,candidate_needs_flag_validation
dungeon,Dungeon114_Static.xml,TBox_Dungeon_Stone,2006054206,2006054206,"1.788139E-07,6.5,-4",Weapon_Lsword_033,Normal,,,CDungeon_TBox_Dungeon_Stone_2006054206,candidate_needs_flag_validation
dungeon,Dungeon115_Static.xml,TBox_Dungeon_Stone,-332089007,3962878289,"1.788139E-07,6.5,-4",Weapon_Lsword_033,Normal,,,CDungeon_TBox_Dungeon_Stone_3962878289,candidate_needs_flag_validation
dungeon,Dungeon116_Static.xml,TBox_Dungeon_Stone,-1683330143,2611637153,"1.788139E-07,6.5,-4",Armor_048_Lower,Normal,,,CDungeon_TBox_Dungeon_Stone_2611637153,candidate_needs_flag_validation
dungeon,Dungeon117_Static.xml,TBox_Dungeon_Stone,993230,993230,"1.788139E-07,6.5,-4",Weapon_Spear_034,Normal,,,CDungeon_TBox_Dungeon_Stone_993230,candidate_needs_flag_validation
dungeon,Dungeon118_Static.xml,TBox_Dungeon_Stone,1922807999,1922807999,"1.788139E-07,6.5,-4",Weapon_Lsword_024,Normal,,,CDungeon_TBox_Dungeon_Stone_1922807999,candidate_needs_flag_validation
dungeon,Dungeon119_Static.xml,TBox_Dungeon_Stone,-381750064,3913217232,"1.788139E-07,6.5,-4",Armor_014_Lower,Normal,,,CDungeon_TBox_Dungeon_Stone_3913217232,candidate_needs_flag_validation
dungeon,Dungeon120_Static.xml,TBox_Dungeon_Stone,777293012,777293012,"-74,0,40",Weapon_Bow_029,Normal,,,CDungeon_TBox_Dungeon_Stone_777293012,candidate_needs_flag_validation
dungeon,Dungeon120_Static.xml,TBox_Dungeon_Iron,1562844085,1562844085,"-29,0.1484375,-8.617188",Obj_BombArrow_A_02,Normal,,,CDungeon_TBox_Dungeon_Iron_1562844085,candidate_needs_flag_validation
dungeon,Dungeon121_Static.xml,TBox_Dungeon_Stone,1235062787,1235062787,"44,4.15,10",Weapon_Spear_035,Normal,,,CDungeon_TBox_Dungeon_Stone_1235062787,candidate_needs_flag_validation
dungeon,Dungeon122_Static.xml,TBox_Dungeon_Iron,-219506699,4075460597,"-42,13,-21.5",PutRupee_Gold,Normal,,,CDungeon_TBox_Dungeon_Iron_4075460597,candidate_needs_flag_validation
dungeon,Dungeon123_Static.xml,TBox_Dungeon_Stone,-1509494968,2785472328,"-61.5,38,59",Weapon_Shield_023,Normal,,,CDungeon_TBox_Dungeon_Stone_2785472328,candidate_needs_flag_validation
dungeon,Dungeon124_Static.xml,TBox_Dungeon_Stone,1836215605,1836215605,"20.5,19,-27",Item_Enemy_31,Normal,,,CDungeon_TBox_Dungeon_Stone_1836215605,candidate_needs_flag_validation
dungeon,Dungeon125_Static.xml,TBox_Dungeon_Stone,-1031445558,3263521738,"0,-33,3.5",Weapon_Sword_034,Normal,,,CDungeon_TBox_Dungeon_Stone_3263521738,candidate_needs_flag_validation
dungeon,Dungeon126_Static.xml,TBox_Dungeon_Iron,1344934344,1344934344,"73.5,35.1,-48.5",Weapon_Shield_022,Normal,,,CDungeon_TBox_Dungeon_Iron_1344934344,candidate_needs_flag_validation
dungeon,Dungeon127_Static.xml,TBox_Dungeon_Stone,1095169988,1095169988,"-5.5,44,-33.5",Weapon_Shield_041,Normal,,,CDungeon_TBox_Dungeon_Stone_1095169988,candidate_needs_flag_validation
dungeon,Dungeon128_Static.xml,TBox_Dungeon_Stone,1082925680,1082925680,"78,44,-18",Weapon_Bow_017,Normal,,,CDungeon_TBox_Dungeon_Stone_1082925680,candidate_needs_flag_validation
dungeon,Dungeon129_Static.xml,TBox_Dungeon_Stone,-1107131017,3187836279,"-56,78,-23",Obj_BombArrow_A_03,Normal,,,CDungeon_TBox_Dungeon_Stone_3187836279,candidate_needs_flag_validation
dungeon,Dungeon130_Static.xml,TBox_Dungeon_Iron,-1357527752,2937439544,"-78.5,46,-28",Item_Ore_A,Normal,,,CDungeon_TBox_Dungeon_Iron_2937439544,candidate_needs_flag_validation
dungeon,Dungeon131_Static.xml,TBox_Dungeon_Stone,-237674450,4057292846,"55,-83,6",Weapon_Lsword_037,Normal,,,CDungeon_TBox_Dungeon_Stone_4057292846,candidate_needs_flag_validation
dungeon,Dungeon132_Static.xml,TBox_Dungeon_Iron,1630334883,1630334883,"0,16,8",Weapon_Lsword_033,Normal,,,CDungeon_TBox_Dungeon_Iron_1630334883,candidate_needs_flag_validation
dungeon,Dungeon133_Static.xml,TBox_Dungeon_Stone,1178751663,1178751663,"150,6,56.5",Weapon_Shield_036,Normal,,,CDungeon_TBox_Dungeon_Stone_1178751663,candidate_needs_flag_validation
dungeon,Dungeon134_Static.xml,TBox_Dungeon_Stone,2056438385,2056438385,"204.5,-38.5,-4.5",Weapon_Bow_036,Normal,,,CDungeon_TBox_Dungeon_Stone_2056438385,candidate_needs_flag_validation
dungeon,Dungeon135_Static.xml,TBox_Dungeon_Stone,-1603405451,2691561845,"-24,-7.85,10",KeySmall,Normal,,,CDungeon_TBox_Dungeon_Stone_2691561845,candidate_needs_flag_validation
dungeon,Dungeon135_Static.xml,TBox_Dungeon_Stone,-1139640896,3155326400,"0,12.5,-60",Obj_BombArrow_A_03,Normal,,,CDungeon_TBox_Dungeon_Stone_3155326400,candidate_needs_flag_validation
dungeon,Dungeon135_Static.xml,TBox_Dungeon_Stone,-600492834,3694474462,"3,-13.5,-28",Item_Enemy_31,Normal,,,CDungeon_TBox_Dungeon_Stone_3694474462,candidate_needs_flag_validation
dungeon,FinalTrial_Static.xml,TBox_Dungeon_Stone,1443111722,1443111722,"0,17.8642,62.5",Weapon_Shield_026,Normal,,,CDungeon_TBox_Dungeon_Stone_1443111722,candidate_needs_flag_validation
dungeon,FinalTrial_Static.xml,TBox_Dungeon_Stone,1773704879,1773704879,"31,37.754,-43.35",Item_Ore_A,Normal,,,CDungeon_TBox_Dungeon_Stone_1773704879,candidate_needs_flag_validation
dungeon,FinalTrial_Static.xml,TBox_Dungeon_Stone,-1930665754,2364301542,"104,10.74004,-25.5",Weapon_Bow_016,Normal,,,CDungeon_TBox_Dungeon_Stone_2364301542,candidate_needs_flag_validation
dungeon,FinalTrial_Static.xml,TBox_Dungeon_Stone,-1799581058,2495386238,"-139,8.220097,-25.5",Weapon_Spear_027,Normal,,,CDungeon_TBox_Dungeon_Stone_2495386238,candidate_needs_flag_validation
dungeon,FinalTrial_Static.xml,TBox_Dungeon_Iron_FinalTrial,-619246073,3675721223,"23.82338,21.33132,-46.67649",Obj_BombArrow_A_02,Normal,,,CDungeon_TBox_Dungeon_Iron_FinalTrial_3675721223,candidate_needs_flag_validation
dungeon,FinalTrial_Static.xml,TBox_Dungeon_Stone,-526543921,3768423375,"-32.8,15.6164,31.6018",Weapon_Sword_029,Normal,,,CDungeon_TBox_Dungeon_Stone_3768423375,candidate_needs_flag_validation
dungeon,FinalTrial_Static.xml,TBox_Dungeon_Stone,-330523318,3964443978,"45.5,16.9,43.4",Weapon_Lsword_036,Normal,,,CDungeon_TBox_Dungeon_Stone_3964443978,candidate_needs_flag_validation
dungeon,FinalTrial_Static_NoGrudgeMerge.xml,TBox_Dungeon_Stone,1443111722,1443111722,"0,17.8642,62.5",Weapon_Shield_026,Normal,,,CDungeon_TBox_Dungeon_Stone_1443111722,candidate_needs_flag_validation
dungeon,FinalTrial_Static_NoGrudgeMerge.xml,TBox_Dungeon_Stone,1773704879,1773704879,"31,37.754,-43.35",Item_Ore_A,Normal,,,CDungeon_TBox_Dungeon_Stone_1773704879,candidate_needs_flag_validation
dungeon,FinalTrial_Static_NoGrudgeMerge.xml,TBox_Dungeon_Stone,-1930665754,2364301542,"104,10.74004,-25.5",Weapon_Bow_016,Normal,,,CDungeon_TBox_Dungeon_Stone_2364301542,candidate_needs_flag_validation
dungeon,FinalTrial_Static_NoGrudgeMerge.xml,TBox_Dungeon_Stone,-1799581058,2495386238,"-139,8.220097,-25.5",Weapon_Spear_027,Normal,,,CDungeon_TBox_Dungeon_Stone_2495386238,candidate_needs_flag_validation
dungeon,FinalTrial_Static_NoGrudgeMerge.xml,TBox_Dungeon_Iron_FinalTrial,-619246073,3675721223,"23.82338,21.33132,-46.67649",Obj_BombArrow_A_02,Normal,,,CDungeon_TBox_Dungeon_Iron_FinalTrial_3675721223,candidate_needs_flag_validation
dungeon,FinalTrial_Static_NoGrudgeMerge.xml,TBox_Dungeon_Stone,-526543921,3768423375,"-32.8,15.6164,31.6018",Weapon_Sword_029,Normal,,,CDungeon_TBox_Dungeon_Stone_3768423375,candidate_needs_flag_validation
dungeon,FinalTrial_Static_NoGrudgeMerge.xml,TBox_Dungeon_Stone,-330523318,3964443978,"45.5,16.9,43.4",Weapon_Lsword_036,Normal,,,CDungeon_TBox_Dungeon_Stone_3964443978,candidate_needs_flag_validation
dungeon,RemainsElectric_Static.xml,TBox_Dungeon_Stone,543487524,543487524,"6.544724E-08,101.1,-62.5",Item_Enemy_26,Normal,,,CDungeon_TBox_Dungeon_Stone_543487524,candidate_needs_flag_validation
dungeon,RemainsElectric_Static.xml,TBox_Dungeon_Stone,583928903,583928903,"0,164.5,-12.5",Item_Ore_D,Normal,,,CDungeon_TBox_Dungeon_Stone_583928903,candidate_needs_flag_validation
dungeon,RemainsElectric_Static.xml,TBox_Dungeon_Stone,890156340,890156340,"-1.191135E-06,102.75,123.5",Weapon_Shield_003,Normal,,,CDungeon_TBox_Dungeon_Stone_890156340,candidate_needs_flag_validation
dungeon,RemainsElectric_Static.xml,TBox_Dungeon_Iron,1107920290,1107920290,"-28,100,25",Item_Enemy_28,Normal,,,CDungeon_TBox_Dungeon_Iron_1107920290,candidate_needs_flag_validation
dungeon,RemainsElectric_Static.xml,TBox_Dungeon_Iron,1439251665,1439251665,"11,147.95,-25",Item_Enemy_27,Normal,,,CDungeon_TBox_Dungeon_Iron_1439251665,candidate_needs_flag_validation
dungeon,RemainsElectric_Static.xml,TBox_Dungeon_Stone,2024040400,2024040400,"2,112,0",Weapon_Bow_035,Normal,,,CDungeon_TBox_Dungeon_Stone_2024040400,candidate_needs_flag_validation
dungeon,RemainsElectric_Static.xml,TBox_Dungeon_Stone,-1792200636,2502766660,"-2,112,0",Item_Enemy_29,Normal,,,CDungeon_TBox_Dungeon_Stone_2502766660,candidate_needs_flag_validation
dungeon,RemainsElectric_Static.xml,TBox_Dungeon_Iron_Hanged,-1265164423,3029802873,"0,79.98438,-76",Item_Enemy_30,Normal,,,CDungeon_TBox_Dungeon_Iron_Hanged_3029802873,candidate_needs_flag_validation
dungeon,RemainsElectric_Static.xml,TBox_Dungeon_Stone,-759785421,3535181875,"31.5,100,-25",Obj_BombArrow_A_02,Normal,,,CDungeon_TBox_Dungeon_Stone_3535181875,candidate_needs_flag_validation
dungeon,RemainsElectric_Static_NoGrudgeMerge.xml,TBox_Dungeon_Stone,543487524,543487524,"6.544724E-08,101.1,-62.5",Item_Enemy_26,Normal,,,CDungeon_TBox_Dungeon_Stone_543487524,candidate_needs_flag_validation
dungeon,RemainsElectric_Static_NoGrudgeMerge.xml,TBox_Dungeon_Stone,583928903,583928903,"0,164.5,-12.5",Item_Ore_D,Normal,,,CDungeon_TBox_Dungeon_Stone_583928903,candidate_needs_flag_validation
dungeon,RemainsElectric_Static_NoGrudgeMerge.xml,TBox_Dungeon_Stone,890156340,890156340,"-1.191135E-06,102.75,123.5",Weapon_Shield_003,Normal,,,CDungeon_TBox_Dungeon_Stone_890156340,candidate_needs_flag_validation
dungeon,RemainsElectric_Static_NoGrudgeMerge.xml,TBox_Dungeon_Iron,1107920290,1107920290,"-28,100,25",Item_Enemy_28,Normal,,,CDungeon_TBox_Dungeon_Iron_1107920290,candidate_needs_flag_validation
dungeon,RemainsElectric_Static_NoGrudgeMerge.xml,TBox_Dungeon_Iron,1439251665,1439251665,"11,147.95,-25",Item_Enemy_27,Normal,,,CDungeon_TBox_Dungeon_Iron_1439251665,candidate_needs_flag_validation
dungeon,RemainsElectric_Static_NoGrudgeMerge.xml,TBox_Dungeon_Stone,2024040400,2024040400,"2,112,0",Weapon_Bow_035,Normal,,,CDungeon_TBox_Dungeon_Stone_2024040400,candidate_needs_flag_validation
dungeon,RemainsElectric_Static_NoGrudgeMerge.xml,TBox_Dungeon_Stone,-1792200636,2502766660,"-2,112,0",Item_Enemy_29,Normal,,,CDungeon_TBox_Dungeon_Stone_2502766660,candidate_needs_flag_validation
dungeon,RemainsElectric_Static_NoGrudgeMerge.xml,TBox_Dungeon_Iron_Hanged,-1265164423,3029802873,"0,79.98438,-76",Item_Enemy_30,Normal,,,CDungeon_TBox_Dungeon_Iron_Hanged_3029802873,candidate_needs_flag_validation
dungeon,RemainsElectric_Static_NoGrudgeMerge.xml,TBox_Dungeon_Stone,-759785421,3535181875,"31.5,100,-25",Obj_BombArrow_A_02,Normal,,,CDungeon_TBox_Dungeon_Stone_3535181875,candidate_needs_flag_validation
dungeon,RemainsFire_Static.xml,TBox_Dungeon_Stone,80984099,80984099,"-2,12,-5",Weapon_Bow_035,Normal,,,CDungeon_TBox_Dungeon_Stone_80984099,candidate_needs_flag_validation
dungeon,RemainsFire_Static.xml,TBox_Dungeon_Wood,142838264,142838264,"15.25781,0,-17.57031",Obj_ArrowBundle_A_01,Normal,,,CDungeon_TBox_Dungeon_Wood_142838264,candidate_needs_flag_validation
dungeon,RemainsFire_Static.xml,TBox_Dungeon_Wood,421030062,421030062,"5,0,3.5",Weapon_Sword_043,Normal,,,CDungeon_TBox_Dungeon_Wood_421030062,candidate_needs_flag_validation
dungeon,RemainsFire_Static.xml,TBox_Dungeon_Wood,551066994,551066994,"-6.396065,0,20.00954",Weapon_Sword_006,Normal,,,CDungeon_TBox_Dungeon_Wood_551066994,candidate_needs_flag_validation
dungeon,RemainsFire_Static.xml,TBox_Dungeon_Stone,572020553,572020553,"0.6400159,60.76562,1.922851E-07",Item_Enemy_30,Normal,,,CDungeon_TBox_Dungeon_Stone_572020553,candidate_needs_flag_validation
dungeon,RemainsFire_Static.xml,TBox_Dungeon_Stone,654620011,654620011,"0,15,127.5",Item_Enemy_27,Normal,,,CDungeon_TBox_Dungeon_Stone_654620011,candidate_needs_flag_validation
dungeon,RemainsFire_Static.xml,TBox_Dungeon_Wood,935051534,935051534,"15.1875,0,-21.82813",Obj_ArrowBundle_A_01,Normal,,,CDungeon_TBox_Dungeon_Wood_935051534,candidate_needs_flag_validation
dungeon,RemainsFire_Static.xml,TBox_Dungeon_Wood,1739313242,1739313242,"-0.5171468,18.44809,0.7688429",Obj_IceArrow_A_03,Normal,,,CDungeon_TBox_Dungeon_Wood_1739313242,candidate_needs_flag_validation
dungeon,RemainsFire_Static.xml,TBox_Dungeon_Iron,-1720314156,2574653140,"26.5,14.8,25",Item_Enemy_26,Normal,,,CDungeon_TBox_Dungeon_Iron_2574653140,candidate_needs_flag_validation
dungeon,RemainsFire_Static.xml,TBox_Dungeon_Wood,-417946275,3877021021,"-6,0,-41",Weapon_Bow_035,Normal,,,CDungeon_TBox_Dungeon_Wood_3877021021,candidate_needs_flag_validation
dungeon,RemainsFire_Static.xml,TBox_Dungeon_Stone,-212505768,4082461528,"-24.5,-10.5,-22",PutRupee_Silver,Normal,,,CDungeon_TBox_Dungeon_Stone_4082461528,candidate_needs_flag_validation
dungeon,RemainsFire_Static_NoGrudgeMerge.xml,TBox_Dungeon_Stone,80984099,80984099,"-2,12,-5",Weapon_Bow_035,Normal,,,CDungeon_TBox_Dungeon_Stone_80984099,candidate_needs_flag_validation
dungeon,RemainsFire_Static_NoGrudgeMerge.xml,TBox_Dungeon_Wood,142838264,142838264,"15.25781,0,-17.57031",Obj_ArrowBundle_A_01,Normal,,,CDungeon_TBox_Dungeon_Wood_142838264,candidate_needs_flag_validation
dungeon,RemainsFire_Static_NoGrudgeMerge.xml,TBox_Dungeon_Wood,421030062,421030062,"5,0,3.5",Weapon_Sword_043,Normal,,,CDungeon_TBox_Dungeon_Wood_421030062,candidate_needs_flag_validation
dungeon,RemainsFire_Static_NoGrudgeMerge.xml,TBox_Dungeon_Wood,551066994,551066994,"-6.396065,0,20.00954",Weapon_Sword_006,Normal,,,CDungeon_TBox_Dungeon_Wood_551066994,candidate_needs_flag_validation
dungeon,RemainsFire_Static_NoGrudgeMerge.xml,TBox_Dungeon_Stone,572020553,572020553,"0.6400159,60.76562,1.922851E-07",Item_Enemy_30,Normal,,,CDungeon_TBox_Dungeon_Stone_572020553,candidate_needs_flag_validation
dungeon,RemainsFire_Static_NoGrudgeMerge.xml,TBox_Dungeon_Stone,654620011,654620011,"0,15,127.5",Item_Enemy_27,Normal,,,CDungeon_TBox_Dungeon_Stone_654620011,candidate_needs_flag_validation
dungeon,RemainsFire_Static_NoGrudgeMerge.xml,TBox_Dungeon_Wood,935051534,935051534,"15.1875,0,-21.82813",Obj_ArrowBundle_A_01,Normal,,,CDungeon_TBox_Dungeon_Wood_935051534,candidate_needs_flag_validation
dungeon,RemainsFire_Static_NoGrudgeMerge.xml,TBox_Dungeon_Wood,1739313242,1739313242,"-0.5171468,18.44809,0.7688429",Obj_IceArrow_A_03,Normal,,,CDungeon_TBox_Dungeon_Wood_1739313242,candidate_needs_flag_validation
dungeon,RemainsFire_Static_NoGrudgeMerge.xml,TBox_Dungeon_Iron,-1720314156,2574653140,"26.5,14.8,25",Item_Enemy_26,Normal,,,CDungeon_TBox_Dungeon_Iron_2574653140,candidate_needs_flag_validation
dungeon,RemainsFire_Static_NoGrudgeMerge.xml,TBox_Dungeon_Wood,-417946275,3877021021,"-6,0,-41",Weapon_Bow_035,Normal,,,CDungeon_TBox_Dungeon_Wood_3877021021,candidate_needs_flag_validation
dungeon,RemainsFire_Static_NoGrudgeMerge.xml,TBox_Dungeon_Stone,-212505768,4082461528,"-24.5,-10.5,-22",PutRupee_Silver,Normal,,,CDungeon_TBox_Dungeon_Stone_4082461528,candidate_needs_flag_validation
dungeon,RemainsWater_Static.xml,TBox_Dungeon_Stone,456917981,456917981,"0,61.19999,52.5",Weapon_Spear_003,Normal,,,CDungeon_TBox_Dungeon_Stone_456917981,candidate_needs_flag_validation
dungeon,RemainsWater_Static.xml,TBox_Dungeon_Iron,703988891,703988891,"10.5,6,34.5",Item_Enemy_28,Normal,,,CDungeon_TBox_Dungeon_Iron_703988891,candidate_needs_flag_validation
dungeon,RemainsWater_Static.xml,TBox_Dungeon_Stone,1261793201,1261793201,"8.102506E-08,7.45,187.5",Item_Enemy_29,Normal,,,CDungeon_TBox_Dungeon_Stone_1261793201,candidate_needs_flag_validation
dungeon,RemainsWater_Static.xml,TBox_Dungeon_Stone,-767803893,3527163403,"-19.5,35.8,-48",PutRupee_Silver,Normal,,,CDungeon_TBox_Dungeon_Stone_3527163403,candidate_needs_flag_validation
dungeon,RemainsWater_Static.xml,TBox_Dungeon_Stone,-517645795,3777321501,"-31.5,110.1526,30.00781",Obj_IceArrow_A_02,Normal,,,CDungeon_TBox_Dungeon_Stone_3777321501,candidate_needs_flag_validation
dungeon,RemainsWater_Static.xml,TBox_Dungeon_Stone,-419528126,3875439170,"3,55,18",Obj_FireArrow_A_02,Normal,,,CDungeon_TBox_Dungeon_Stone_3875439170,candidate_needs_flag_validation
dungeon,RemainsWater_Static.xml,TBox_Dungeon_Stone,-23391748,4271575548,"-0.25,40.69141,2.351563",Item_Enemy_30,Normal,,,CDungeon_TBox_Dungeon_Stone_4271575548,candidate_needs_flag_validation
dungeon,RemainsWater_Static_NoGrudgeMerge.xml,TBox_Dungeon_Stone,456917981,456917981,"0,61.19999,52.5",Weapon_Spear_003,Normal,,,CDungeon_TBox_Dungeon_Stone_456917981,candidate_needs_flag_validation
dungeon,RemainsWater_Static_NoGrudgeMerge.xml,TBox_Dungeon_Iron,703988891,703988891,"10.5,6,34.5",Item_Enemy_28,Normal,,,CDungeon_TBox_Dungeon_Iron_703988891,candidate_needs_flag_validation
dungeon,RemainsWater_Static_NoGrudgeMerge.xml,TBox_Dungeon_Stone,1261793201,1261793201,"8.102506E-08,7.45,187.5",Item_Enemy_29,Normal,,,CDungeon_TBox_Dungeon_Stone_1261793201,candidate_needs_flag_validation
dungeon,RemainsWater_Static_NoGrudgeMerge.xml,TBox_Dungeon_Stone,-767803893,3527163403,"-19.5,35.8,-48",PutRupee_Silver,Normal,,,CDungeon_TBox_Dungeon_Stone_3527163403,candidate_needs_flag_validation
dungeon,RemainsWater_Static_NoGrudgeMerge.xml,TBox_Dungeon_Stone,-517645795,3777321501,"-31.5,110.1526,30.00781",Obj_IceArrow_A_02,Normal,,,CDungeon_TBox_Dungeon_Stone_3777321501,candidate_needs_flag_validation
dungeon,RemainsWater_Static_NoGrudgeMerge.xml,TBox_Dungeon_Stone,-419528126,3875439170,"3,55,18",Obj_FireArrow_A_02,Normal,,,CDungeon_TBox_Dungeon_Stone_3875439170,candidate_needs_flag_validation
dungeon,RemainsWater_Static_NoGrudgeMerge.xml,TBox_Dungeon_Stone,-23391748,4271575548,"-0.25,40.69141,2.351563",Item_Enemy_30,Normal,,,CDungeon_TBox_Dungeon_Stone_4271575548,candidate_needs_flag_validation
dungeon,RemainsWind_Static.xml,TBox_Dungeon_Stone,388540865,388540865,"24.39844,-10,44.5",Obj_BombArrow_A_02,Normal,,,CDungeon_TBox_Dungeon_Stone_388540865,candidate_needs_flag_validation
dungeon,RemainsWind_Static.xml,TBox_Dungeon_Stone,404901059,404901059,"0,4,-137.5",Item_Ore_C,Normal,,,CDungeon_TBox_Dungeon_Stone_404901059,candidate_needs_flag_validation
dungeon,RemainsWind_Static.xml,TBox_Dungeon_Wood,1346994567,1346994567,"-99.58208,13.99012,29.88356",Obj_IceArrow_A_02,Normal,,,CDungeon_TBox_Dungeon_Wood_1346994567,candidate_needs_flag_validation
dungeon,RemainsWind_Static.xml,TBox_Dungeon_Stone,1407963741,1407963741,"1.47149E-06,7.531503,158",Item_Enemy_31,Normal,,,CDungeon_TBox_Dungeon_Stone_1407963741,candidate_needs_flag_validation
dungeon,RemainsWind_Static.xml,TBox_Dungeon_Stone,1515121245,1515121245,"0.1015615,-20.93024,34.82813",Item_Enemy_29,Normal,,,CDungeon_TBox_Dungeon_Stone_1515121245,candidate_needs_flag_validation
dungeon,RemainsWind_Static.xml,TBox_Dungeon_Stone,1716309953,1716309953,"77.5,8.3,21",Weapon_Lsword_003,Normal,,,CDungeon_TBox_Dungeon_Stone_1716309953,candidate_needs_flag_validation
dungeon,RemainsWind_Static.xml,TBox_Dungeon_Stone,-357923502,3937043794,"14.75,9.1,18.5",Item_Enemy_30,Normal,,,CDungeon_TBox_Dungeon_Stone_3937043794,candidate_needs_flag_validation
dungeon,RemainsWind_Static.xml,TBox_Dungeon_Stone,-302592446,3992374850,"-34.5,5,18",Weapon_Bow_035,Normal,,,CDungeon_TBox_Dungeon_Stone_3992374850,candidate_needs_flag_validation
dungeon,RemainsWind_Static_NoGrudgeMerge.xml,TBox_Dungeon_Stone,388540865,388540865,"24.39844,-10,44.5",Obj_BombArrow_A_02,Normal,,,CDungeon_TBox_Dungeon_Stone_388540865,candidate_needs_flag_validation
dungeon,RemainsWind_Static_NoGrudgeMerge.xml,TBox_Dungeon_Stone,404901059,404901059,"0,4,-137.5",Item_Ore_C,Normal,,,CDungeon_TBox_Dungeon_Stone_404901059,candidate_needs_flag_validation
dungeon,RemainsWind_Static_NoGrudgeMerge.xml,TBox_Dungeon_Wood,1346994567,1346994567,"-99.58208,13.99012,29.88356",Obj_IceArrow_A_02,Normal,,,CDungeon_TBox_Dungeon_Wood_1346994567,candidate_needs_flag_validation
dungeon,RemainsWind_Static_NoGrudgeMerge.xml,TBox_Dungeon_Stone,1407963741,1407963741,"1.47149E-06,7.531503,158",Item_Enemy_31,Normal,,,CDungeon_TBox_Dungeon_Stone_1407963741,candidate_needs_flag_validation
dungeon,RemainsWind_Static_NoGrudgeMerge.xml,TBox_Dungeon_Stone,1515121245,1515121245,"0.1015615,-20.93024,34.82813",Item_Enemy_29,Normal,,,CDungeon_TBox_Dungeon_Stone_1515121245,candidate_needs_flag_validation
dungeon,RemainsWind_Static_NoGrudgeMerge.xml,TBox_Dungeon_Stone,1716309953,1716309953,"77.5,8.3,21",Weapon_Lsword_003,Normal,,,CDungeon_TBox_Dungeon_Stone_1716309953,candidate_needs_flag_validation
dungeon,RemainsWind_Static_NoGrudgeMerge.xml,TBox_Dungeon_Stone,-357923502,3937043794,"14.75,9.1,18.5",Item_Enemy_30,Normal,,,CDungeon_TBox_Dungeon_Stone_3937043794,candidate_needs_flag_validation
dungeon,RemainsWind_Static_NoGrudgeMerge.xml,TBox_Dungeon_Stone,-302592446,3992374850,"-34.5,5,18",Weapon_Bow_035,Normal,,,CDungeon_TBox_Dungeon_Stone_3992374850,candidate_needs_flag_validation
dungeon,Set_Dungeon_RemainsWater.xml,TBox_Dungeon_Stone,257076453,257076453,"13.46094,7.799896,-7.472806",Item_Enemy_29,Normal,,,CDungeon_TBox_Dungeon_Stone_257076453,candidate_needs_flag_validation
dungeon,Set_Dungeon_RemainsWater.xml,TBox_Dungeon_Stone,303041152,303041152,"14,1.5,-56",Item_Enemy_28,Normal,,,CDungeon_TBox_Dungeon_Stone_303041152,candidate_needs_flag_validation
dungeon,Set_Dungeon_RemainsWater.xml,TBox_Dungeon_Stone,497232031,497232031,"14,-4.872192,77.72461",Item_Enemy_27,Normal,,,CDungeon_TBox_Dungeon_Stone_497232031,candidate_needs_flag_validation
dungeon,Set_Dungeon_RemainsWater.xml,TBox_Dungeon_Stone,811349037,811349037,"17,21.5,8.5",Item_Enemy_30,Normal,,,CDungeon_TBox_Dungeon_Stone_811349037,candidate_needs_flag_validation
dungeon,Set_Dungeon_RemainsWater.xml,TBox_Dungeon_Iron,-673700831,3621266465,"24.5,-17,25",Item_Enemy_29,Normal,,,CDungeon_TBox_Dungeon_Iron_3621266465,candidate_needs_flag_validation
trial,A-1_Static.xml,TBox_Dungeon_Wood_AreaCulling,452454445,452454445,"-4168.11,313.8748,-3893.795",Obj_FireArrow_A_03,Normal,,,CDungeon_TBox_Dungeon_Wood_AreaCulling_452454445,candidate_needs_flag_validation
trial,A-1_Static.xml,TBox_Dungeon_Iron,469590919,469590919,"-4530.138,302.4063,-3571.145",Obj_ElectricArrow_A_02,Normal,,,CDungeon_TBox_Dungeon_Iron_469590919,candidate_needs_flag_validation
trial,A-1_Static.xml,TBox_Dungeon_Wood_AreaCulling,571657376,571657376,"-4131.954,313.8748,-3806.334",Weapon_Sword_051,Normal,,,CDungeon_TBox_Dungeon_Wood_AreaCulling_571657376,candidate_needs_flag_validation
trial,A-1_Static.xml,TBox_Dungeon_Wood_AreaCulling,1683482510,1683482510,"-4467.563,345.2921,-3345",Weapon_Sword_002,Normal,,,CDungeon_TBox_Dungeon_Wood_AreaCulling_1683482510,candidate_needs_flag_validation
trial,A-1_Static.xml,TBox_Dungeon_Wood_AreaCulling,1979524167,1979524167,"-4495.477,341.2452,-3384.086",Weapon_Bow_002,Normal,,,CDungeon_TBox_Dungeon_Wood_AreaCulling_1979524167,candidate_needs_flag_validation
trial,A-1_Static.xml,TBox_Dungeon_Iron,-1115002829,3179964467,"-4479.081,314.0011,-3611.023",Obj_FireArrow_A_02,Normal,,,CDungeon_TBox_Dungeon_Iron_3179964467,candidate_needs_flag_validation
trial,A-1_Static.xml,TBox_Dungeon_Iron,-871506286,3423461010,"-4224,342.4,-3323",Weapon_Spear_032,Normal,,,CDungeon_TBox_Dungeon_Iron_3423461010,candidate_needs_flag_validation
trial,A-2_Static.xml,TBox_Dungeon_Stone,174323478,174323478,"-4791,300.2222,-2550",Obj_AncientArrow_C_01,Normal,,,CDungeon_TBox_Dungeon_Stone_174323478,candidate_needs_flag_validation
trial,A-2_Static.xml,TBox_Dungeon_Iron,236853965,236853965,"-4530.906,299.8281,-1988.287",Weapon_Shield_003,Normal,,,CDungeon_TBox_Dungeon_Iron_236853965,candidate_needs_flag_validation
trial,A-2_Static.xml,TBox_Dungeon_Stone,456421641,456421641,"-4791,300.0054,-2000",Weapon_Sword_024,Normal,,,CDungeon_TBox_Dungeon_Stone_456421641,candidate_needs_flag_validation
trial,A-2_Static.xml,TBox_Dungeon_Stone,1241851576,1241851576,"-4791,300.0013,-2546",Weapon_Bow_035,Normal,,,CDungeon_TBox_Dungeon_Stone_1241851576,candidate_needs_flag_validation
trial,A-2_Static.xml,TBox_Dungeon_Stone,1274667194,1274667194,"-4791,300,-1992",Weapon_Bow_036,Normal,,,CDungeon_TBox_Dungeon_Stone_1274667194,candidate_needs_flag_validation
trial,A-2_Static.xml,TBox_Dungeon_Stone,1482414257,1482414257,"-4791,300,-2542",Armor_011_Lower,Normal,,,CDungeon_TBox_Dungeon_Stone_1482414257,candidate_needs_flag_validation
trial,A-2_Static.xml,TBox_Dungeon_Iron,1521240634,1521240634,"-4535.667,300.5,-2662.232",Obj_IceArrow_A_03,Normal,,,CDungeon_TBox_Dungeon_Iron_1521240634,candidate_needs_flag_validation
trial,A-2_Static.xml,TBox_Dungeon_Wood_AreaCulling,-2141380112,2153587184,"-4223.399,300.2596,-2929.174",Weapon_Spear_025,Normal,,,CDungeon_TBox_Dungeon_Wood_AreaCulling_2153587184,candidate_needs_flag_validation
trial,A-2_Static.xml,TBox_Dungeon_Stone,-1561413149,2733554147,"-4791,300.0013,-1996",Weapon_Shield_022,Normal,,,CDungeon_TBox_Dungeon_Stone_2733554147,candidate_needs_flag_validation
trial,A-2_Static.xml,TBox_Dungeon_Stone,-1112375909,3182591387,"-4463.844,301.558,-2255.443",Obj_BombArrow_A_02,Normal,,,CDungeon_TBox_Dungeon_Stone_3182591387,candidate_needs_flag_validation
trial,B-1_Static.xml,TBox_Dungeon_Wood_AreaCulling,938107,938107,"-3382.035,303.7422,-3567.109",Obj_ArrowBundle_A_02,Normal,,,CDungeon_TBox_Dungeon_Wood_AreaCulling_938107,candidate_needs_flag_validation
trial,B-1_Static.xml,TBox_Dungeon_Stone,223901593,223901593,"-3616,302,-3115.5",Weapon_Bow_040,Normal,,,CDungeon_TBox_Dungeon_Stone_223901593,candidate_needs_flag_validation
trial,B-1_Static.xml,TBox_Dungeon_Stone,550209937,550209937,"-3091,300.1015,-3742.18",Weapon_Shield_041,Normal,,,CDungeon_TBox_Dungeon_Stone_550209937,candidate_needs_flag_validation
trial,B-1_Static.xml,TBox_Dungeon_Wood_AreaCulling,813105602,813105602,"-3768.5,342.253,-3383.5",Weapon_Sword_031,Normal,,,CDungeon_TBox_Dungeon_Wood_AreaCulling_813105602,candidate_needs_flag_validation
trial,B-1_Static.xml,TBox_Dungeon_Stone,1125891243,1125891243,"-3091,300.1993,-3745.734",Weapon_Sword_041,Normal,,,CDungeon_TBox_Dungeon_Stone_1125891243,candidate_needs_flag_validation
trial,B-1_Static.xml,TBox_Dungeon_Stone,1841209160,1841209160,"-3091,300.2344,-3749.461",Weapon_Spear_037,Normal,,,CDungeon_TBox_Dungeon_Stone_1841209160,candidate_needs_flag_validation
trial,B-1_Static.xml,TBox_Dungeon_Wood_AreaCulling,-1860370052,2434597244,"-3889.335,304.0208,-3597.186",Weapon_Bow_002,Normal,,,CDungeon_TBox_Dungeon_Wood_AreaCulling_2434597244,candidate_needs_flag_validation
trial,B-1_Static.xml,TBox_Dungeon_Stone,-1789690922,2505276374,"-3091,300.1671,-3198.656",Weapon_Sword_003,Normal,,,CDungeon_TBox_Dungeon_Stone_2505276374,candidate_needs_flag_validation
trial,B-1_Static.xml,TBox_Dungeon_Iron,-1579629716,2715337580,"-3838.5,300,-3125",Weapon_Lsword_041,Normal,,,CDungeon_TBox_Dungeon_Iron_2715337580,candidate_needs_flag_validation
trial,B-1_Static.xml,TBox_Dungeon_Stone,-949267343,3345699953,"-3091,300.1289,-3192.719",Weapon_Bow_017,Normal,,,CDungeon_TBox_Dungeon_Stone_3345699953,candidate_needs_flag_validation
trial,B-1_Static.xml,TBox_Dungeon_Iron,-865596321,3429370975,"-3367.344,342.5,-3317.438",Weapon_Shield_003,Normal,,,CDungeon_TBox_Dungeon_Iron_3429370975,candidate_needs_flag_validation
trial,B-1_Static.xml,TBox_Dungeon_Stone,-785689825,3509277471,"-3091.031,300.1864,-3195.617",Armor_001_Lower,Normal,,,CDungeon_TBox_Dungeon_Stone_3509277471,candidate_needs_flag_validation
trial,B-1_Static.xml,TBox_Dungeon_Iron,-663530167,3631437129,"-3631.465,302.0391,-3623.16",Obj_ArrowBundle_A_02,Normal,,,CDungeon_TBox_Dungeon_Iron_3631437129,candidate_needs_flag_validation
trial,B-1_Static.xml,TBox_Dungeon_Wood_AreaCulling,-483650218,3811317078,"-3381.056,305.0217,-3613.067",Weapon_Bow_014,Normal,,,CDungeon_TBox_Dungeon_Wood_AreaCulling_3811317078,candidate_needs_flag_validation
trial,B-1_Static.xml,TBox_Dungeon_Wood_AreaCulling,-192075566,4102891730,"-3430.616,341.253,-3316.198",Weapon_Bow_002,Normal,,,CDungeon_TBox_Dungeon_Wood_AreaCulling_4102891730,candidate_needs_flag_validation
trial,B-1_Static.xml,TBox_Dungeon_Stone,-182024746,4112942550,"-3381,304,-3100.5",Obj_ArrowBundle_A_02,Normal,,,CDungeon_TBox_Dungeon_Stone_4112942550,candidate_needs_flag_validation
trial,B-2_Static.xml,TBox_Dungeon_Iron,245520230,245520230,"-3388.853,305.9256,-2016.772",Obj_BombArrow_A_02,Normal,,,CDungeon_TBox_Dungeon_Iron_245520230,candidate_needs_flag_validation
trial,B-2_Static.xml,TBox_Dungeon_Stone,374517867,374517867,"-3699.858,333.6408,-1999.677",Obj_BombArrow_A_02,Normal,,,CDungeon_TBox_Dungeon_Stone_374517867,candidate_needs_flag_validation
trial,B-2_Static.xml,TBox_Dungeon_Stone,565925996,565925996,"-3841.629,309.9774,-2696.966",Weapon_Shield_003,Normal,,,CDungeon_TBox_Dungeon_Stone_565925996,candidate_needs_flag_validation
trial,B-2_Static.xml,TBox_Dungeon_Iron,1291205972,1291205972,"-3857.245,309.8124,-2681.541",Weapon_Bow_035,Normal,,,CDungeon_TBox_Dungeon_Iron_1291205972,candidate_needs_flag_validation
trial,B-2_Static.xml,TBox_Dungeon_Stone,1362194037,1362194037,"-3091,300.0013,-2296",Weapon_Lsword_037,Normal,,,CDungeon_TBox_Dungeon_Stone_1362194037,candidate_needs_flag_validation
trial,B-2_Static.xml,TBox_Dungeon_Iron,2107255720,2107255720,"-3595.342,304.8903,-2447.587",Obj_AncientArrow_C_01,Normal,,,CDungeon_TBox_Dungeon_Iron_2107255720,candidate_needs_flag_validation
trial,B-2_Static.xml,TBox_Dungeon_Wood_AreaCulling,-2115759908,2179207388,"-3099.628,299.9,-1981.283",Weapon_Bow_036,Normal,,,CDungeon_TBox_Dungeon_Wood_AreaCulling_2179207388,candidate_needs_flag_validation
trial,B-2_Static.xml,TBox_Dungeon_Stone,-2066363433,2228603863,"-3091,300,-2292",Weapon_Shield_033,Normal,,,CDungeon_TBox_Dungeon_Stone_2228603863,candidate_needs_flag_validation
trial,B-2_Static.xml,TBox_Dungeon_Stone,-1785880747,2509086549,"-3091.008,300.0013,-2695.477",Armor_001_Upper,Normal,,,CDungeon_TBox_Dungeon_Stone_2509086549,candidate_needs_flag_validation
trial,B-2_Static.xml,TBox_Dungeon_Stone,-1118584694,3176382602,"-3322.169,300.3,-2238.191",Obj_BombArrow_A_02,Normal,,,CDungeon_TBox_Dungeon_Stone_3176382602,candidate_needs_flag_validation
trial,B-2_Static.xml,TBox_Dungeon_Stone,-1082996744,3211970552,"-3091,300.0013,-2698.555",Weapon_Spear_025,Normal,,,CDungeon_TBox_Dungeon_Stone_3211970552,candidate_needs_flag_validation
trial,B-2_Static.xml,TBox_Dungeon_Stone,-689052560,3605914736,"-3091,300.2222,-2300",Armor_001_Upper,Normal,,,CDungeon_TBox_Dungeon_Stone_3605914736,candidate_needs_flag_validation
trial,B-2_Static.xml,TBox_Dungeon_Wood_AreaCulling,-524182542,3770784754,"-3115.542,311.7,-1984.963",Weapon_Shield_022,Normal,,,CDungeon_TBox_Dungeon_Wood_AreaCulling_3770784754,candidate_needs_flag_validation
trial,B-2_Static.xml,TBox_Dungeon_Stone,-312761900,3982205396,"-3571.634,300.453,-2255.776",Obj_AncientArrow_C_01,Normal,,,CDungeon_TBox_Dungeon_Stone_3982205396,candidate_needs_flag_validation
trial,B-2_Static.xml,TBox_Dungeon_Stone,-49712269,4245255027,"-3091,300,-2692.719",Weapon_Sword_025,Normal,,,CDungeon_TBox_Dungeon_Stone_4245255027,candidate_needs_flag_validation
trial,B-2_Static.xml,TBox_Dungeon_Iron,-1558865,4293408431,"-3634.976,299.55,-2706.521",Weapon_Sword_047,Normal,,,CDungeon_TBox_Dungeon_Iron_4293408431,candidate_needs_flag_validation
overworld,A-1_Dynamic.xml,TBox_Field_Iron,-328826349,3966140947,"-4426.84,412.2,-3681.15",Item_Ore_B,,,,,candidate_needs_flag_validation
overworld,A-1_Static.xml,TBox_Field_Enemy,562065515,562065515,"-4044.476,303.116,-3192.649",Obj_FireArrow_A_02,,,,,candidate_needs_flag_validation
overworld,A-1_Static.xml,TBox_Field_Iron,934506065,934506065,"-4406.068,423.9962,-3677.348",Weapon_Spear_003,,,,,candidate_needs_flag_validation
overworld,A-1_Static.xml,TBox_Field_Enemy,1451704573,1451704573,"-4425.887,396.9984,-3394.269",Weapon_Bow_017,,,,,candidate_needs_flag_validation
overworld,A-1_Static.xml,TBox_Field_Stone,-1790822215,2504145081,"-4327.59,396.6976,-3330.21",Item_Ore_C,,,,,candidate_needs_flag_validation
overworld,A-1_Static.xml,TBox_Field_Stone,-1260410724,3034556572,"-4033.494,465.9868,-3757.432",Weapon_Lsword_024,,,,,candidate_needs_flag_validation
overworld,A-1_Static.xml,TBox_Field_Stone,-1142436063,3152531233,"-4151.681,283.1188,-3799.651",Obj_BombArrow_A_03,,,,,candidate_needs_flag_validation
overworld,A-1_Static.xml,TBox_Field_Stone,-1047362977,3247604319,"-4138.065,468.3659,-3734.632",PutRupee_Silver,,,,,candidate_needs_flag_validation
overworld,A-1_Static.xml,TBox_Field_Iron,-311986962,3982980334,"-4399.895,381.0784,-2998.998",Weapon_Bow_035,,,,,candidate_needs_flag_validation
overworld,A-2_Dynamic.xml,TBox_Field_Wood,300913965,300913965,"-4490.471,339.2556,-2535.137",Obj_BombArrow_A_02,,,,,candidate_needs_flag_validation
overworld,A-2_Dynamic.xml,TBox_Field_Iron,1082549397,1082549397,"-4455.382,212.0367,-2159.492",Item_Ore_B,,,,,candidate_needs_flag_validation
overworld,A-2_Dynamic.xml,TBox_Field_Iron,-1532139254,2762828042,"-4245.488,308.8683,-2887.502",Obj_BombArrow_A_02,,,,,candidate_needs_flag_validation
overworld,A-2_Dynamic.xml,TBox_Field_Iron,-432630121,3862337175,"-4337.399,400.8497,-2723.287",Item_Ore_B,,,,,candidate_needs_flag_validation
overworld,A-2_Dynamic.xml,TBox_Field_Iron,-2581090,4292386206,"-4428.196,213.4138,-2223.86",Weapon_Bow_035,,,,,candidate_needs_flag_validation
overworld,A-2_Static.xml,TBox_Field_Iron,191517764,191517764,"-4167.998,120.4219,-2435.043",Weapon_Sword_048,,,,,candidate_needs_flag_validation
overworld,A-2_Static.xml,TBox_Field_Enemy,1046310171,1046310171,"-4060.5,197.9653,-2622.469",Weapon_Spear_033,,,,,candidate_needs_flag_validation
overworld,A-3_Dynamic.xml,TBox_Field_Iron,1062031406,1062031406,"-4225.957,209.6665,-1734.905",Item_Ore_A,,,,,candidate_needs_flag_validation
overworld,A-3_Dynamic.xml,TBox_Field_Iron,1574761993,1574761993,"-4174.079,212.002,-1753.038",Weapon_Sword_031,,,,,candidate_needs_flag_validation
overworld,A-3_Dynamic.xml,TBox_Field_Iron,1978005036,1978005036,"-4159.562,211.3299,-1695.181",Obj_ElectricArrow_A_03,,,,,candidate_needs_flag_validation
overworld,A-3_Dynamic.xml,TBox_Field_Iron,-2052116670,2242850626,"-4494.913,231.8799,-2029.452",Weapon_Sword_034,,,,,candidate_needs_flag_validation
overworld,A-3_Dynamic.xml,TBox_Field_Iron,-494158681,3800808615,"-4131.637,213.4672,-1730.27",Item_Ore_C,,,,,candidate_needs_flag_validation
overworld,A-3_Static.xml,TBox_Field_Enemy,1149811241,1149811241,"-3997.925,364.6915,-1985.42",Obj_IceArrow_A_02,,,,,candidate_needs_flag_validation
overworld,A-3_Static.xml,TBox_Field_Enemy,1769347722,1769347722,"-4397.733,222.0736,-1945.024",Weapon_Bow_017,,,,,candidate_needs_flag_validation
overworld,A-4_Static.xml,TBox_Field_Enemy,1153264704,1153264704,"-4137.627,204.1461,-566.4517",Weapon_Sword_003,,,,,candidate_needs_flag_validation
overworld,A-5_Dynamic.xml,TBox_Field_Iron,235380293,235380293,"-4233.122,792.6809,825.1345",Item_Ore_B,,,,,candidate_needs_flag_validation
overworld,A-5_Dynamic.xml,TBox_Field_Iron,275172052,275172052,"-4129.901,788.7013,966.3439",Obj_FireArrow_A_03,,,,,candidate_needs_flag_validation
overworld,A-5_Dynamic.xml,TBox_Field_Iron,419833188,419833188,"-4067.94,784.1995,812.7606",Weapon_Lsword_029,,,,,candidate_needs_flag_validation
overworld,A-5_Dynamic.xml,TBox_Field_Iron,677118654,677118654,"-4615.5,627,910.5",Weapon_Sword_030,,,,,candidate_needs_flag_validation
overworld,A-5_Dynamic.xml,TBox_Field_Iron,708513020,708513020,"-4226.197,779.9436,730.8873",Item_Ore_D,,,,,candidate_needs_flag_validation
overworld,A-5_Dynamic.xml,TBox_Field_Iron,1088776091,1088776091,"-4541,615,787",PutRupee_Purple,,,,,candidate_needs_flag_validation
overworld,A-5_Dynamic.xml,TBox_Field_Iron,1401384830,1401384830,"-4400.356,624.2866,700.7216",Weapon_Spear_003,,,,,candidate_needs_flag_validation
overworld,A-5_Dynamic.xml,TBox_Field_Iron,1705997727,1705997727,"-4416.392,629.8348,735.1199",Weapon_Shield_026,,,,,candidate_needs_flag_validation
overworld,A-5_Dynamic.xml,TBox_Field_Iron,1937646263,1937646263,"-4278.149,795.9943,768.5302",PutRupee_Purple,,,,,candidate_needs_flag_validation
overworld,A-5_Dynamic.xml,TBox_Field_Iron,-1924650489,2370316807,"-4648.674,624.4203,963.2209",Item_Ore_D,,,,,candidate_needs_flag_validation
overworld,A-5_Dynamic.xml,TBox_Field_Iron,-1824501238,2470466058,"-4571.591,618.5076,729.7609",PutRupee_Purple,,,,,candidate_needs_flag_validation
overworld,A-5_Dynamic.xml,TBox_Field_Iron,-1795897734,2499069562,"-4494.491,613.3156,699.5233",Item_Ore_C,,,,,candidate_needs_flag_validation
overworld,A-5_Dynamic.xml,TBox_Field_Iron,-1725160823,2569806473,"-3966.197,762.6384,609.4968",Weapon_Sword_030,,,,,candidate_needs_flag_validation
overworld,A-5_Dynamic.xml,TBox_Field_Iron,-1376505469,2918461827,"-4421.903,613.922,567.08",Weapon_Sword_048,,,,,candidate_needs_flag_validation
overworld,A-5_Dynamic.xml,TBox_Field_Iron,-1350909166,2944058130,"-4028.951,792.4294,718.7723",Item_Ore_E,,,,,candidate_needs_flag_validation
overworld,A-5_Dynamic.xml,TBox_Field_Iron,-1077822558,3217144738,"-4511.281,615.0892,733.0972",Weapon_Bow_035,,,,,candidate_needs_flag_validation
overworld,A-5_Dynamic.xml,TBox_Field_Iron,-954118869,3340848427,"-4153.626,799.4456,722.1402",PutRupee_Purple,,,,,candidate_needs_flag_validation
overworld,A-5_Dynamic.xml,TBox_Field_Iron,-613240012,3681727284,"-4010.794,794.8752,874.1071",Obj_BombArrow_A_02,,,,,candidate_needs_flag_validation
overworld,A-5_Dynamic.xml,TBox_Field_Iron,-613142779,3681824517,"-4230.841,788.1245,848.5323",PutRupee_Purple,,,,,candidate_needs_flag_validation
overworld,A-5_Dynamic.xml,TBox_Field_Iron,-552557799,3742409497,"-4170.739,783.2858,798.7152",Obj_ArrowBundle_A_01,,,,,candidate_needs_flag_validation
overworld,A-5_Dynamic.xml,TBox_Field_Iron,-517473880,3777493416,"-4553.268,619.4994,974.083",PutRupee_Purple,,,,,candidate_needs_flag_validation
overworld,A-5_Dynamic.xml,TBox_Field_Iron,-349610974,3945356322,"-4537.549,616.1094,875.7889",Obj_FireArrow_A_03,,,,,candidate_needs_flag_validation
overworld,A-5_Dynamic.xml,TBox_Field_Iron,-269492549,4025474747,"-3912.439,779.5385,785.694",Item_Ore_E,,,,,candidate_needs_flag_validation
overworld,A-5_Dynamic.xml,TBox_Field_Iron,-259785718,4035181578,"-4230.044,777.6145,602.7311",Weapon_Shield_036,,,,,candidate_needs_flag_validation
overworld,A-5_Dynamic.xml,TBox_Field_Iron,-84198042,4210769254,"-4027.633,795.5341,927.5338",Weapon_Sword_003,,,,,candidate_needs_flag_validation
overworld,A-5_Dynamic.xml,TBox_Field_Iron,-61036158,4233931138,"-3937.027,788.7729,754.5813",Weapon_Sword_029,,,,,candidate_needs_flag_validation
overworld,A-5_Dynamic.xml,TBox_Field_Iron,-55081583,4239885713,"-4506.453,620.408,842.25",Item_Ore_C,,,,,candidate_needs_flag_validation
overworld,A-5_Dynamic.xml,TBox_Field_Iron,-1032994,4293934302,"-4391.822,621.6204,836.1955",PutRupee_Silver,,,,,candidate_needs_flag_validation
overworld,A-6_Dynamic.xml,TBox_Field_Iron,85065275,85065275,"-4098.939,557.8826,1193.142",PutRupee_Purple,,,,,candidate_needs_flag_validation
overworld,A-6_Dynamic.xml,TBox_Field_Iron,130530844,130530844,"-4374.636,607.9658,1041.728",PutRupee_Purple,,,,,candidate_needs_flag_validation
overworld,A-6_Dynamic.xml,TBox_Field_Iron,297334505,297334505,"-4004.076,587.5382,1226.015",Item_Ore_B,,,,,candidate_needs_flag_validation
overworld,A-6_Dynamic.xml,TBox_Field_Iron,370374453,370374453,"-4375.209,594.1998,1132.838",Item_Ore_C,,,,,candidate_needs_flag_validation
overworld,A-6_Dynamic.xml,TBox_Field_Iron,507951821,507951821,"-4614.474,567.7293,1425.784",Item_Ore_F,,,,,candidate_needs_flag_validation
overworld,A-6_Dynamic.xml,TBox_Field_Iron,530571635,530571635,"-4733.629,610.6542,1432.391",Obj_ArrowBundle_A_01,,,,,candidate_needs_flag_validation
overworld,A-6_Dynamic.xml,TBox_Field_Iron,1019895495,1019895495,"-4724.609,560.0331,1501.352",Weapon_Bow_015,,,,,candidate_needs_flag_validation
overworld,A-6_Dynamic.xml,TBox_Field_Iron,1731294309,1731294309,"-4016.003,529.8453,1323.737",Item_Ore_F,,,,,candidate_needs_flag_validation
overworld,A-6_Dynamic.xml,TBox_Field_Iron,1992338821,1992338821,"-4450.555,569.2906,1332.546",Item_Ore_F,,,,,candidate_needs_flag_validation
overworld,A-6_Dynamic.xml,TBox_Field_Iron,2082874460,2082874460,"-4481.565,620.4906,1041.447",Obj_FireArrow_A_03,,,,,candidate_needs_flag_validation
overworld,A-6_Dynamic.xml,TBox_Field_Iron,-1674681304,2620285992,"-4771.066,611.4268,1384.784",PutRupee_Purple,,,,,candidate_needs_flag_validation
overworld,A-6_Dynamic.xml,TBox_Field_Iron,-1441006890,2853960406,"-4710.224,618.2357,1300.307",Obj_FireArrow_A_03,,,,,candidate_needs_flag_validation
overworld,A-6_Dynamic.xml,TBox_Field_Iron,-1086774964,3208192332,"-4364.274,627.6389,1077.123",PutRupee_Purple,,,,,candidate_needs_flag_validation
overworld,A-6_Dynamic.xml,TBox_Field_Iron,-997524076,3297443220,"-4044.057,538.1495,1275.261",PutRupee_Silver,,,,,candidate_needs_flag_validation
overworld,A-6_Dynamic.xml,TBox_Field_Iron,-800420838,3494546458,"-4479.835,628.0226,1150.743",PutRupee_Silver,,,,,candidate_needs_flag_validation
overworld,A-6_Dynamic.xml,TBox_Field_Iron,-394374408,3900592888,"-4296.082,601.4645,1095.59",Obj_BombArrow_A_02,,,,,candidate_needs_flag_validation
overworld,A-6_Dynamic.xml,TBox_Field_Iron,-201097724,4093869572,"-4306.575,492.6751,1372.223",Weapon_Lsword_029,,,,,candidate_needs_flag_validation
overworld,A-6_Dynamic.xml,TBox_Field_Iron,-97540061,4197427235,"-4113.087,559.9807,1382.026",Weapon_Bow_015,,,,,candidate_needs_flag_validation
overworld,A-6_Dynamic.xml,TBox_Field_Iron,-82492911,4212474385,"-4610.641,626.8524,1277.446",Weapon_Bow_035,,,,,candidate_needs_flag_validation
overworld,A-6_Static.xml,TBox_Field_Enemy,432831078,432831078,"-4760.392,617.8088,1367.748",Weapon_Bow_015,,,,,candidate_needs_flag_validation
overworld,A-6_Static.xml,TBox_Field_Enemy,1408506157,1408506157,"-4430.387,639.0462,1079.567",Weapon_Lsword_003,,,,,candidate_needs_flag_validation
overworld,A-6_Static.xml,TBox_Field_Iron,-634754321,3660212975,"-3998.496,616.5139,1162.888",Obj_IceArrow_A_03,,,,,candidate_needs_flag_validation
overworld,A-6_Static.xml,TBox_Field_Iron,-95524552,4199442744,"-4169.309,600.3847,1149.595",Item_Ore_D,,,,,candidate_needs_flag_validation
overworld,A-7_Dynamic.xml,TBox_Field_Iron,238676055,238676055,"-4065.908,153.5944,2297.625",Obj_ArrowBundle_A_01,,,,,candidate_needs_flag_validation
overworld,A-7_Dynamic.xml,TBox_Field_Iron,728790229,728790229,"-4089.33,150.96,2777.93",Weapon_Spear_029,,,,,candidate_needs_flag_validation
overworld,A-7_Dynamic.xml,TBox_Field_Iron,1219292146,1219292146,"-4044.34,149.59,2715.551",Obj_ElectricArrow_A_03,,,,,candidate_needs_flag_validation
overworld,A-7_Dynamic.xml,TBox_Field_Iron,1603123707,1603123707,"-4118.09,151.31,2051.18",Obj_FireArrow_A_03,,,,,candidate_needs_flag_validation
overworld,A-7_Dynamic.xml,TBox_Field_Iron,2099137307,2099137307,"-4126.993,158.8674,2585.337",Obj_ArrowBundle_A_02,,,,,candidate_needs_flag_validation
overworld,A-7_Dynamic.xml,TBox_Field_Wood,2105406180,2105406180,"-4498.394,172.7911,2137.479",Weapon_Shield_026,,,,,candidate_needs_flag_validation
overworld,A-7_Dynamic.xml,TBox_Field_Iron,-1478428506,2816538790,"-4190.6,149.04,2068.05",Weapon_Spear_029,,,,,candidate_needs_flag_validation
overworld,A-7_Dynamic.xml,TBox_Field_Stone,-1435574268,2859393028,"-4938.5,140.0988,2156.9",PutRupee_Gold,,,,,candidate_needs_flag_validation
overworld,A-7_Dynamic.xml,TBox_Field_Iron,-798558426,3496408870,"-4020.98,158.98,2201.35",Weapon_Sword_030,,,,,candidate_needs_flag_validation
overworld,A-7_Dynamic.xml,TBox_Field_Iron,-435968390,3858998906,"-4109.422,147.82,2112.028",Obj_IceArrow_A_03,,,,,candidate_needs_flag_validation
overworld,A-7_Static.xml,TBox_Field_Wood,1253211792,1253211792,"-4600.494,139.5942,2650.499",Obj_FireArrow_A_02,,,,,candidate_needs_flag_validation
overworld,A-7_Static.xml,TBox_Field_Iron,-2078713980,2216253316,"-4575.591,139.6298,2602.039",Weapon_Spear_024,,,,,candidate_needs_flag_validation
overworld,A-8_Dynamic.xml,TBox_Field_Iron,757198158,757198158,"-4189.588,139.535,3081.607",Item_Ore_C,,,,,candidate_needs_flag_validation
overworld,A-8_Dynamic.xml,TBox_Field_Wood,950706040,950706040,"-4559.681,143.803,3095.799",PutRupee_Purple,,,,,candidate_needs_flag_validation
overworld,A-8_Dynamic.xml,TBox_Field_Iron,962481589,962481589,"-4618.978,130.1268,3547.01",Item_Ore_C,,,,,candidate_needs_flag_validation
overworld,A-8_Dynamic.xml,TBox_Field_Wood,1524125403,1524125403,"-4541.996,144.7831,3201.993",Weapon_Sword_029,,,,,candidate_needs_flag_validation
overworld,A-8_Dynamic.xml,TBox_Field_Wood,-1629705439,2665261857,"-4407.502,143.3679,3087.874",Obj_IceArrow_A_03,,,,,candidate_needs_flag_validation
overworld,A-8_Dynamic.xml,TBox_Field_Wood,-1360537520,2934429776,"-4604.303,139.4939,3190.398",PutRupee_Silver,,,,,candidate_needs_flag_validation
overworld,A-8_Dynamic.xml,TBox_Field_Wood,-686647436,3608319860,"-4518.201,142.8443,3124.198",Obj_FireArrow_A_02,,,,,candidate_needs_flag_validation
overworld,A-8_Static.xml,TBox_Field_Enemy,-1936435529,2358531767,"-4647.196,137.3934,3864.865",Item_Ore_A,,,,,candidate_needs_flag_validation
overworld,A-8_Static.xml,TBox_Field_Enemy,-74226143,4220741153,"-4876.363,150.5407,3555.919",Weapon_Lsword_035,,,,,candidate_needs_flag_validation
overworld,B-1_Dynamic.xml,TBox_Field_Iron,364857245,364857245,"-3162.5,440.4301,-3492.5",Weapon_Bow_017,,,,,candidate_needs_flag_validation
overworld,B-1_Dynamic.xml,TBox_Field_Iron,1102353536,1102353536,"-3735.365,412.418,-3789.226",Item_Ore_A,,,,,candidate_needs_flag_validation
overworld,B-1_Dynamic.xml,TBox_Field_Iron,1160943436,1160943436,"-3916.187,338.2777,-3827.194",Weapon_Bow_035,,,,,candidate_needs_flag_validation
overworld,B-1_Dynamic.xml,TBox_Field_Iron,1623139313,1623139313,"-3527,421.6527,-3118",Item_Ore_C,,,,,candidate_needs_flag_validation
overworld,B-1_Dynamic.xml,TBox_Field_Iron,1848407939,1848407939,"-3635.477,475.6206,-3309.158",Obj_BombArrow_A_02,,,,,candidate_needs_flag_validation
overworld,B-1_Dynamic.xml,TBox_Field_Iron,1893981910,1893981910,"-3979.221,177.7216,-2846.601",PutRupee_Silver,,,,,candidate_needs_flag_validation
overworld,B-1_Dynamic.xml,TBox_Field_Iron,2055560919,2055560919,"-3523.661,584.58,-3466.914",Weapon_Bow_035,,,,,candidate_needs_flag_validation
overworld,B-1_Dynamic.xml,TBox_Field_Iron,-2140241891,2154725405,"-3531.89,494.6389,-3380.801",Item_Ore_B,,,,,candidate_needs_flag_validation
overworld,B-1_Dynamic.xml,TBox_Field_Iron,-2002064131,2292903165,"-3108.044,582.4218,-3395.733",Item_Ore_C,,,,,candidate_needs_flag_validation
overworld,B-1_Dynamic.xml,TBox_Field_Iron,-1182654164,3112313132,"-3787.49,426.8856,-3076.108",Obj_IceArrow_A_03,,,,,candidate_needs_flag_validation
overworld,B-1_Static.xml,TBox_Field_Enemy,1166023328,1166023328,"-3949.752,432.7234,-3162.004",Weapon_Shield_003,,,,,candidate_needs_flag_validation
overworld,B-1_Static.xml,TBox_Field_Stone,1857299176,1857299176,"-4034.524,297.6067,-3163.194",Item_Ore_B,,,,,candidate_needs_flag_validation
overworld,B-1_Static.xml,TBox_Field_Wood,-1875830335,2419136961,"-3692.336,354.866,-3832.974",Obj_FireArrow_A_03,,,,,candidate_needs_flag_validation
overworld,B-1_Static.xml,TBox_Field_Iron,-1476717666,2818249630,"-3060.352,592.2546,-3334.71",Obj_BombArrow_A_02,,,,,candidate_needs_flag_validation
overworld,B-1_Static.xml,TBox_Field_Stone,-806204589,3488762707,"-3860.132,494.0332,-3727.261",Obj_ElectricArrow_A_03,,,,,candidate_needs_flag_validation
overworld,B-2_Dynamic.xml,TBox_Field_Iron,554021750,554021750,"-3870.476,84.49637,-2307.246",PutRupee_Gold,,,,,candidate_needs_flag_validation
overworld,B-2_Dynamic.xml,TBox_Field_Iron,737157778,737157778,"-3024.955,619.8383,-2755.89",Weapon_Sword_024,,,,,candidate_needs_flag_validation
overworld,B-2_Dynamic.xml,TBox_Field_Stone,1441938348,1441938348,"-3566.4,247.6221,-2260.1",Weapon_Sword_048,,,,,candidate_needs_flag_validation
overworld,B-2_Dynamic.xml,TBox_Field_Wood,1493548515,1493548515,"-3035.5,219.4745,-2353.524",Obj_ElectricArrow_A_03,,,,,candidate_needs_flag_validation
overworld,B-2_Dynamic.xml,TBox_Field_Iron,1510666715,1510666715,"-3425.5,370.3587,-2378.5",PutRupee_Silver,,,,,candidate_needs_flag_validation
overworld,B-2_Dynamic.xml,TBox_Field_Wood,1823339420,1823339420,"-3438.809,527.5035,-2601.427",Obj_FireArrow_A_03,,,,,candidate_needs_flag_validation
overworld,B-2_Dynamic.xml,TBox_Field_Iron,1930134405,1930134405,"-3824.36,84.7607,-2275.142",Weapon_Sword_003,,,,,candidate_needs_flag_validation
overworld,B-2_Dynamic.xml,TBox_Field_Wood,-1959791937,2335175359,"-3229.114,487.2471,-2416.485",Obj_FireArrow_A_03,,,,,candidate_needs_flag_validation
overworld,B-2_Dynamic.xml,TBox_Field_Iron,-1760858464,2534108832,"-3457.995,391.3722,-2240.702",PutRupee_Gold,,,,,candidate_needs_flag_validation
overworld,B-2_Dynamic.xml,TBox_Field_Stone,-1725604604,2569362692,"-3087,226.9317,-2120",Item_Ore_B,,,,,candidate_needs_flag_validation
overworld,B-2_Dynamic.xml,TBox_Field_Stone,-1643439830,2651527466,"-3186,313.6606,-1904",Weapon_Bow_016,,,,,candidate_needs_flag_validation
overworld,B-2_Static.xml,TBox_Field_Wood,1413590562,1413590562,"-3480.244,299.0102,-2073.898",Obj_ElectricArrow_A_03,,,,,candidate_needs_flag_validation
overworld,B-2_Static.xml,TBox_Field_Iron,1506497297,1506497297,"-3421.351,386.8863,-2342.855",Weapon_Shield_003,,,,,candidate_needs_flag_validation
overworld,B-2_Static.xml,TBox_Field_Enemy,1766782611,1766782611,"-3359.074,535.3302,-2895.255",PutRupee_Gold,,,,,candidate_needs_flag_validation
overworld,B-2_Static.xml,TBox_Field_Stone,-1572817637,2722149659,"-3118.711,424.2433,-2456.203",PutRupee_Silver,,,,,candidate_needs_flag_validation
overworld,B-2_Static.xml,TBox_Field_Wood,-1569845458,2725121838,"-3591.852,377.861,-2724.059",Obj_BombArrow_A_02,,,,,candidate_needs_flag_validation
overworld,B-2_Static.xml,TBox_Field_Stone,-1130309811,3164657485,"-3309.035,473.2031,-2368.989",PutRupee_Silver,,,,,candidate_needs_flag_validation
overworld,B-2_Static.xml,TBox_Field_Iron,-447999661,3846967635,"-3162.33,521.108,-2986.041",Obj_IceArrow_A_03,,,,,candidate_needs_flag_validation
overworld,B-2_Static.xml,TBox_Field_Iron,-373747860,3921219436,"-3161.443,330.8473,-2297.594",Obj_BombArrow_A_02,,,,,candidate_needs_flag_validation
overworld,B-2_Static.xml,TBox_Field_Stone,-258229004,4036738292,"-3800.679,267.3764,-2316.636",Weapon_Bow_017,,,,,candidate_needs_flag_validation
overworld,B-3_Dynamic.xml,TBox_Field_Stone,43619475,43619475,"-3304.913,270.6035,-1330.63",PutRupee_Silver,,,,,candidate_needs_flag_validation
overworld,B-3_Dynamic.xml,TBox_Field_Iron,317834611,317834611,"-3374.855,176.9118,-1244.826",PutRupee_Gold,,,,,candidate_needs_flag_validation
overworld,B-3_Dynamic.xml,TBox_Field_Iron,-2103666787,2191300509,"-3466.17,176.6611,-1399.667",Obj_ElectricArrow_A_03,,,,,candidate_needs_flag_validation
overworld,B-3_Dynamic.xml,TBox_Field_Stone,-1896777170,2398190126,"-3266.743,265.8479,-1313.606",Obj_BombArrow_A_03,,,,,candidate_needs_flag_validation
overworld,B-3_Dynamic.xml,TBox_Field_Iron,-1278075250,3016892046,"-3282.805,176.7285,-1478.234",Weapon_Lsword_051,,,,,candidate_needs_flag_validation
overworld,B-3_Dynamic.xml,TBox_Field_Stone,-101299528,4193667768,"-3317.608,247.6651,-1355.736",Weapon_Spear_032,,,,,candidate_needs_flag_validation
overworld,B-3_Static.xml,TBox_Field_Stone_NoReaction,1994756610,1994756610,"-3630.367,323.5691,-1828.17",Weapon_Bow_028,,,,,candidate_needs_flag_validation
overworld,B-3_Static.xml,TBox_Field_Stone,-1910225824,2384741472,"-3297.889,250.1168,-1361.706",Item_Ore_D,,,,,candidate_needs_flag_validation
overworld,B-3_Static.xml,TBox_Field_Wood,-1706663619,2588303677,"-3557.676,254.1169,-1503.588",Obj_ElectricArrow_A_03,,,,,candidate_needs_flag_validation
overworld,B-3_Static.xml,TBox_Field_Iron,-1204620440,3090346856,"-3509.7,400.9,-1121.2",Weapon_Bow_016,Normal,,,,candidate_needs_flag_validation
overworld,B-3_Static.xml,TBox_Field_Wood,-737840468,3557126828,"-3183.374,330.198,-1063.87",Obj_ArrowBundle_A_02,,,,,candidate_needs_flag_validation
overworld,B-4_Dynamic.xml,TBox_Field_Stone,88585716,88585716,"-3566.015,318.4151,-590.6578",Weapon_Sword_048,,,,,candidate_needs_flag_validation
overworld,B-4_Dynamic.xml,TBox_Field_Stone,1406995855,1406995855,"-3667.922,346.9569,-940.8672",Obj_BombArrow_A_02,,,,,candidate_needs_flag_validation
overworld,B-4_Dynamic.xml,TBox_Field_Iron,-1571824438,2723142858,"-3637.48,233.0849,-767.4874",Weapon_Lsword_003,,,,,candidate_needs_flag_validation
overworld,B-4_Dynamic.xml,TBox_Field_Stone,-1563525819,2731441477,"-3551.491,317.3475,-594.2257",PutRupee_Silver,,,,,candidate_needs_flag_validation
overworld,B-4_Dynamic.xml,TBox_Field_Stone,-708227629,3586739667,"-3480.325,305.5737,-554.1465",Item_Ore_E,,,,,candidate_needs_flag_validation
overworld,B-4_Static.xml,TBox_Field_Enemy,418291669,418291669,"-3906.271,162.9289,-80.46582",Item_Ore_C,,,,,candidate_needs_flag_validation
overworld,B-4_Static.xml,TBox_Field_Wood,484243667,484243667,"-3812.418,350.0088,-382.1308",Weapon_Bow_016,,,,,candidate_needs_flag_validation
overworld,B-4_Static.xml,TBox_Field_Iron,2123040883,2123040883,"-3056.3,271.5,-572.7",Weapon_Bow_036,Normal,,,,candidate_needs_flag_validation
overworld,B-4_Static.xml,TBox_Field_Iron,-410887735,3884079561,"-3178.8,271.6295,-566",Item_Ore_B,Normal,,,,candidate_needs_flag_validation
overworld,B-5_Dynamic.xml,TBox_Field_Iron,185132469,185132469,"-3719.926,717.9266,859.7261",Weapon_Lsword_029,,,,,candidate_needs_flag_validation
overworld,B-5_Dynamic.xml,TBox_Field_Iron,222423612,222423612,"-3532.602,249.6954,366.2983",Weapon_Shield_036,,,,,candidate_needs_flag_validation
overworld,B-5_Dynamic.xml,TBox_Field_Iron,312182765,312182765,"-3600.79,723.0371,855.9791",Obj_FireArrow_A_03,,,,,candidate_needs_flag_validation
overworld,B-5_Dynamic.xml,TBox_Field_Iron,766927520,766927520,"-3778.61,736.7927,871.305",Item_Ore_C,,,,,candidate_needs_flag_validation
overworld,B-5_Dynamic.xml,TBox_Field_Iron,852165051,852165051,"-3491.015,703.4232,982.0546",Weapon_Spear_003,,,,,candidate_needs_flag_validation
overworld,B-5_Dynamic.xml,TBox_Field_Iron,1197778593,1197778593,"-3483.425,705.1083,863.2034",Obj_ArrowBundle_A_01,,,,,candidate_needs_flag_validation
overworld,B-5_Dynamic.xml,TBox_Field_Iron,1471186924,1471186924,"-3738.967,728.3215,806.0586",Obj_ArrowBundle_A_02,,,,,candidate_needs_flag_validation
overworld,B-5_Dynamic.xml,TBox_Field_Iron,2023665230,2023665230,"-3662.275,720.0695,783.6251",Item_Ore_E,,,,,candidate_needs_flag_validation
overworld,B-5_Dynamic.xml,TBox_Field_Iron,-1806103699,2488863597,"-3399.192,701.3118,973.3217",Obj_ArrowBundle_A_01,,,,,candidate_needs_flag_validation
overworld,B-5_Dynamic.xml,TBox_Field_Iron,-1779299490,2515667806,"-3652.7,716.8831,885.3969",Item_Ore_E,,,,,candidate_needs_flag_validation
overworld,B-5_Dynamic.xml,TBox_Field_Iron,-1611172275,2683795021,"-3949.644,794.374,995.6478",Weapon_Shield_003,,,,,candidate_needs_flag_validation
overworld,B-5_Dynamic.xml,TBox_Field_Iron,-1577611961,2717355335,"-3747.208,669.7487,942.4495",Obj_ArrowBundle_A_01,,,,,candidate_needs_flag_validation
overworld,B-5_Dynamic.xml,TBox_Field_Iron,-1407009570,2887957726,"-3677.581,721.6514,828.4668",PutRupee_Purple,,,,,candidate_needs_flag_validation
overworld,B-5_Dynamic.xml,TBox_Field_Iron,-1357100896,2937866400,"-3444.231,701.4206,904.2944",Obj_FireArrow_A_03,,,,,candidate_needs_flag_validation
overworld,B-5_Dynamic.xml,TBox_Field_Iron,-1276150049,3018817247,"-3547.618,710.5406,845.3998",Item_Ore_E,,,,,candidate_needs_flag_validation
overworld,B-5_Dynamic.xml,TBox_Field_Iron,-1201878415,3093088881,"-3510.259,715.7714,917.4515",PutRupee_Purple,,,,,candidate_needs_flag_validation
overworld,B-5_Dynamic.xml,TBox_Field_Iron,-601834483,3693132813,"-3620.648,718.6578,801.7842",Obj_ElectricArrow_A_03,,,,,candidate_needs_flag_validation
overworld,B-5_Dynamic.xml,TBox_Field_Iron,-269754738,4025212558,"-3397.676,701.3315,930.4567",Weapon_Bow_015,,,,,candidate_needs_flag_validation
overworld,B-5_Dynamic.xml,TBox_Field_Iron,-81397405,4213569891,"-3560.362,658.67,964.3307",Obj_ArrowBundle_A_02,,,,,candidate_needs_flag_validation
overworld,B-5_Static.xml,TBox_Field_Enemy,-1494125745,2800841551,"-3618.727,599.8917,943.4792",Item_Ore_B,,,,,candidate_needs_flag_validation
overworld,B-6_Dynamic.xml,TBox_Field_Iron,26391794,26391794,"-3078,667.0082,1617.5",PutRupee_Purple,,,,,candidate_needs_flag_validation
overworld,B-6_Dynamic.xml,TBox_Field_Iron,36009935,36009935,"-3624.34,580.0681,1607.964",PutRupee_Purple,,,,,candidate_needs_flag_validation
overworld,B-6_Dynamic.xml,TBox_Field_Iron,69905208,69905208,"-3518.5,440.5,1300.5",Item_Ore_D,,,,,candidate_needs_flag_validation
overworld,B-6_Dynamic.xml,TBox_Field_Iron,160190496,160190496,"-3227.051,644.7381,1592.144",Item_Ore_C,,,,,candidate_needs_flag_validation
overworld,B-6_Dynamic.xml,TBox_Field_Iron,214791822,214791822,"-3508,440.5547,1311.5",Item_Ore_B,,,,,candidate_needs_flag_validation
overworld,B-6_Dynamic.xml,TBox_Field_Stone,293738793,293738793,"-3529.816,455.333,1320.631",Item_Ore_D,,,,,candidate_needs_flag_validation
overworld,B-6_Dynamic.xml,TBox_Field_Iron,748227650,748227650,"-3792.516,468.1508,1681.463",Obj_BombArrow_A_02,,,,,candidate_needs_flag_validation
overworld,B-6_Dynamic.xml,TBox_Field_Stone,859339332,859339332,"-3121.925,550.3192,1325.758",Obj_FireArrow_A_03,,,,,candidate_needs_flag_validation
overworld,B-6_Dynamic.xml,TBox_Field_Iron,984289322,984289322,"-3509.5,440.5459,1301",Item_Ore_D,,,,,candidate_needs_flag_validation
overworld,B-6_Dynamic.xml,TBox_Field_Stone,1010046799,1010046799,"-3687.8,441.2656,1342.348",Item_Ore_C,,,,,candidate_needs_flag_validation
overworld,B-6_Dynamic.xml,TBox_Field_Iron,1068730519,1068730519,"-3472.765,622.1735,1135.254",PutRupee_Purple,,,,,candidate_needs_flag_validation
overworld,B-6_Dynamic.xml,TBox_Field_Iron,1164859773,1164859773,"-3267.142,601.4536,1092.172",PutRupee_Purple,,,,,candidate_needs_flag_validation
overworld,B-6_Dynamic.xml,TBox_Field_Stone,1195250099,1195250099,"-3547.44,437.2656,1386.309",Item_Ore_C,,,,,candidate_needs_flag_validation
overworld,B-6_Dynamic.xml,TBox_Field_Iron,1429812883,1429812883,"-3046.06,683.5141,1081.306",Weapon_Shield_022,,,,,candidate_needs_flag_validation
overworld,B-6_Dynamic.xml,TBox_Field_Iron,1529964834,1529964834,"-3196.637,583.6835,1186.63",Item_Ore_E,,,,,candidate_needs_flag_validation
overworld,B-6_Dynamic.xml,TBox_Field_Iron,1549603485,1549603485,"-3733.547,600.0488,1198.229",Item_Ore_E,,,,,candidate_needs_flag_validation
overworld,B-6_Dynamic.xml,TBox_Field_Iron,1559548426,1559548426,"-3412.84,625.2075,1140.341",PutRupee_Silver,,,,,candidate_needs_flag_validation
overworld,B-6_Dynamic.xml,TBox_Field_Stone,1580711597,1580711597,"-3793.345,467.8521,1675.627",Item_Ore_E,,,,,candidate_needs_flag_validation
overworld,B-6_Dynamic.xml,TBox_Field_Iron,1722978285,1722978285,"-3679.609,594.8662,1140.921",Item_Ore_B,,,,,candidate_needs_flag_validation
overworld,B-6_Dynamic.xml,TBox_Field_Stone,1748775430,1748775430,"-3512.146,443.2746,1304.586",Item_Fruit_H,,,,,candidate_needs_flag_validation
overworld,B-6_Dynamic.xml,TBox_Field_Iron,1813492430,1813492430,"-3249.242,506.4092,1463.638",Weapon_Shield_036,,,,,candidate_needs_flag_validation
overworld,B-6_Dynamic.xml,TBox_Field_Iron,1850654508,1850654508,"-3851.059,676.4474,1107.38",Weapon_Bow_015,,,,,candidate_needs_flag_validation
overworld,B-6_Dynamic.xml,TBox_Field_Iron,1965946491,1965946491,"-3801.14,601.9312,1198.957",Weapon_Bow_015,,,,,candidate_needs_flag_validation
overworld,B-6_Dynamic.xml,TBox_Field_Iron,2116087794,2116087794,"-3180.691,572.0487,1032.038",Weapon_Bow_035,,,,,candidate_needs_flag_validation
overworld,B-6_Dynamic.xml,TBox_Field_Iron,2139413692,2139413692,"-3015.826,682.4788,1503.849",Item_Ore_F,,,,,candidate_needs_flag_validation
overworld,B-6_Dynamic.xml,TBox_Field_Iron,-2045909577,2249057719,"-3444.75,650.8307,1066.452",Obj_ElectricArrow_A_03,,,,,candidate_needs_flag_validation
overworld,B-6_Dynamic.xml,TBox_Field_Iron,-1912074526,2382892770,"-3211.896,640.3568,1537.551",Obj_ElectricArrow_A_03,,,,,candidate_needs_flag_validation
overworld,B-6_Dynamic.xml,TBox_Field_Iron,-1660453739,2634513557,"-3429.491,631.3053,1189.213",PutRupee_Purple,,,,,candidate_needs_flag_validation
overworld,B-6_Dynamic.xml,TBox_Field_Wood,-1639689229,2655278067,"-3748.9,629.6484,1075.9",Weapon_Spear_025,,,,,candidate_needs_flag_validation
overworld,B-6_Dynamic.xml,TBox_Field_Iron,-1618867267,2676100029,"-3114.337,666.0223,1629.248",Weapon_Spear_029,,,,,candidate_needs_flag_validation
overworld,B-6_Dynamic.xml,TBox_Field_Iron,-1544466939,2750500357,"-3805.304,604.754,1281.724",Item_Ore_E,,,,,candidate_needs_flag_validation
overworld,B-6_Dynamic.xml,TBox_Field_Iron,-1483690929,2811276367,"-3363.593,621.4777,1103.854",Weapon_Lsword_029,,,,,candidate_needs_flag_validation
overworld,B-6_Dynamic.xml,TBox_Field_Iron,-1470966036,2824001260,"-3092.252,665.37,1543.661",Weapon_Bow_015,,,,,candidate_needs_flag_validation
overworld,B-6_Dynamic.xml,TBox_Field_Iron,-1412113487,2882853809,"-3525.238,573.4611,1540.997",Obj_FireArrow_A_03,,,,,candidate_needs_flag_validation
overworld,B-6_Dynamic.xml,TBox_Field_Iron,-1410324131,2884643165,"-3730.325,626.2485,1246.34",Obj_ElectricArrow_A_03,,,,,candidate_needs_flag_validation
overworld,B-6_Dynamic.xml,TBox_Field_Stone,-1047524465,3247442831,"-3208.187,180.0832,1855.845",Item_Ore_A,,,,,candidate_needs_flag_validation
overworld,B-6_Dynamic.xml,TBox_Field_Stone,-963110850,3331856446,"-3532.175,443.2656,1355.2",PutRupee_Gold,,,,,candidate_needs_flag_validation
overworld,B-6_Dynamic.xml,TBox_Field_Wood,-792712051,3502255245,"-3273.706,465.3503,1413.298",Obj_ArrowBundle_A_01,,,,,candidate_needs_flag_validation
overworld,B-6_Dynamic.xml,TBox_Field_Stone,-760077306,3534889990,"-3564.323,453.2094,1337.268",PutRupee_Silver,,,,,candidate_needs_flag_validation
overworld,B-6_Dynamic.xml,TBox_Field_Iron,-759143752,3535823544,"-3793.435,468.1847,1679.635",PutRupee_Gold,,,,,candidate_needs_flag_validation
overworld,B-6_Dynamic.xml,TBox_Field_Iron,-751509251,3543458045,"-3469.962,565.7425,1506.423",Obj_ElectricArrow_A_03,,,,,candidate_needs_flag_validation
overworld,B-6_Dynamic.xml,TBox_Field_Stone,-611567032,3683400264,"-3635.541,441.2122,1335.053",PutRupee_Purple,,,,,candidate_needs_flag_validation
overworld,B-6_Dynamic.xml,TBox_Field_Stone,-575807216,3719160080,"-3531.14,443.2656,1351.336",PutRupee_Gold,,,,,candidate_needs_flag_validation
overworld,B-6_Dynamic.xml,TBox_Field_Iron,-541783122,3753184174,"-3931.683,538.815,1368.783",Weapon_Bow_015,,,,,candidate_needs_flag_validation
overworld,B-6_Dynamic.xml,TBox_Field_Stone,-476562065,3818405231,"-3570.231,455.2704,1313.602",Item_Ore_D,,,,,candidate_needs_flag_validation
overworld,B-6_Dynamic.xml,TBox_Field_Iron,-445887501,3849079795,"-3390.696,638.3563,1538.555",Item_Ore_F,,,,,candidate_needs_flag_validation
overworld,B-6_Dynamic.xml,TBox_Field_Iron,-337011229,3957956067,"-3306.179,646.4105,1590.715",PutRupee_Purple,,,,,candidate_needs_flag_validation
overworld,B-6_Dynamic.xml,TBox_Field_Iron,-323739117,3971228179,"-3841.625,631.2626,1236.267",Weapon_Shield_026,,,,,candidate_needs_flag_validation
overworld,B-6_Dynamic.xml,TBox_Field_Iron,-202913021,4092054275,"-3903.461,549.4279,1215.836",Obj_ArrowBundle_A_01,,,,,candidate_needs_flag_validation
overworld,B-6_Dynamic.xml,TBox_Field_Iron,-7542511,4287424785,"-3327.32,624.6152,1088.687",Item_Ore_F,,,,,candidate_needs_flag_validation
overworld,B-6_Dynamic.xml,TBox_Field_Iron,-3261668,4291705628,"-3624.772,661.9943,1032.873",PutRupee_Silver,,,,,candidate_needs_flag_validation
overworld,B-6_Static.xml,TBox_Field_Iron,30547543,30547543,"-3660.5,227.8558,1937.4",Obj_BombArrow_A_02,,,,,candidate_needs_flag_validation
overworld,B-6_Static.xml,TBox_Field_Iron,199399775,199399775,"-3792.812,328.5684,1851.293",Obj_FireArrow_A_03,,,,,candidate_needs_flag_validation
overworld,B-6_Static.xml,TBox_Field_Iron,289940332,289940332,"-3597.844,596.6493,1114.024",PutRupee_Purple,,,,,candidate_needs_flag_validation
overworld,B-6_Static.xml,TBox_Field_Stone_NoReaction,854114284,854114284,"-3451,440.688,1331.5",Obj_Armor_115_Head,,,,,candidate_needs_flag_validation
overworld,B-6_Static.xml,TBox_Field_Wood,1087571833,1087571833,"-3417.68,644.8813,1147.41",Obj_BombArrow_A_02,,,,,candidate_needs_flag_validation
overworld,B-6_Static.xml,TBox_Field_Iron,1680416200,1680416200,"-3667.6,231.5,1896.2",Weapon_Sword_030,Normal,,,,candidate_needs_flag_validation
overworld,B-6_Static.xml,TBox_Field_Iron,1794283002,1794283002,"-3671.2,238.7,1871.3",Item_Ore_D,Normal,,,,candidate_needs_flag_validation
overworld,B-6_Static.xml,TBox_Field_Iron,-1912877106,2382090190,"-3987.868,591.6488,1177.619",Item_Ore_C,,,,,candidate_needs_flag_validation
overworld,B-7_Dynamic.xml,TBox_Field_Iron,528853506,528853506,"-3536.502,141.5636,2746.996",Obj_ArrowBundle_A_02,,,,,candidate_needs_flag_validation
overworld,B-7_Dynamic.xml,TBox_Field_Iron,1009245369,1009245369,"-3593.023,220.1752,2044.413",Item_Ore_D,,,,,candidate_needs_flag_validation
overworld,B-7_Dynamic.xml,TBox_Field_Iron,1152452426,1152452426,"-3242.501,122.9556,2562.665",PutRupee_Silver,,,,,candidate_needs_flag_validation
overworld,B-7_Dynamic.xml,TBox_Field_Iron,1655137296,1655137296,"-3265.125,128.2588,2628.479",PutRupee_Purple,,,,,candidate_needs_flag_validation
overworld,B-7_Dynamic.xml,TBox_Field_Stone,1732323234,1732323234,"-3383.742,180.0518,2131.968",Obj_IceArrow_A_02,,,,,candidate_needs_flag_validation
overworld,B-7_Dynamic.xml,TBox_Field_Iron,2053491615,2053491615,"-3785,255.851,2157",PutRupee_Silver,,,,,candidate_needs_flag_validation
overworld,B-7_Dynamic.xml,TBox_Field_Iron,-1989506779,2305460517,"-3780.094,149.3208,2964.471",Weapon_Bow_015,,,,,candidate_needs_flag_validation
overworld,B-7_Dynamic.xml,TBox_Field_Iron,-1977749551,2317217745,"-3488.5,146.1575,2757",PutRupee_Silver,,,,,candidate_needs_flag_validation
overworld,B-7_Dynamic.xml,TBox_Field_Iron,-1948999198,2345968098,"-3921.95,155.9947,2311.582",Weapon_Lsword_029,,,,,candidate_needs_flag_validation
overworld,B-7_Dynamic.xml,TBox_Field_Iron,-1866889670,2428077626,"-3118.5,133.2,2481.5",Obj_ArrowBundle_A_02,,,,,candidate_needs_flag_validation
overworld,B-7_Dynamic.xml,TBox_Field_Iron,-1747527974,2547439322,"-3886.5,146.821,2544.5",PutRupee_Purple,,,,,candidate_needs_flag_validation
overworld,B-7_Dynamic.xml,TBox_Field_Iron,-1362820416,2932146880,"-3707.4,140.9,2663.9",Obj_ArrowBundle_A_02,,,,,candidate_needs_flag_validation
overworld,B-7_Dynamic.xml,TBox_Field_Wood,-1171815532,3123151764,"-3905.496,158.414,2540.003",Obj_IceArrow_A_03,,,,,candidate_needs_flag_validation
overworld,B-7_Dynamic.xml,TBox_Field_Iron,-671470529,3623496767,"-3731.6,137.7,2600",Weapon_Bow_015,,,,,candidate_needs_flag_validation
overworld,B-7_Dynamic.xml,TBox_Field_Iron,-351855086,3943112210,"-3717.4,138.2,2655.3",Item_Ore_C,,,,,candidate_needs_flag_validation
overworld,B-7_Dynamic.xml,TBox_Field_Iron,-194818698,4100148598,"-3849.954,243.6362,2162.415",Weapon_Bow_035,,,,,candidate_needs_flag_validation
overworld,B-7_Dynamic.xml,TBox_Field_Wood,-80706825,4214260471,"-3779.491,152.5542,2893.322",PutRupee_Silver,,,,,candidate_needs_flag_validation
overworld,B-7_Static.xml,TBox_Field_Iron,492030687,492030687,"-3592.172,127.0855,2558.911",PutRupee_Silver,,,,,candidate_needs_flag_validation
overworld,B-7_Static.xml,TBox_Field_Stone_NoReaction,1129053593,1129053593,"-3890.264,157.7403,2971.597",Weapon_Shield_037,,,,,candidate_needs_flag_validation
overworld,B-7_Static.xml,TBox_Field_Enemy,1177129274,1177129274,"-3247.116,131.2026,2227.259",Weapon_Spear_029,,,,,candidate_needs_flag_validation
overworld,B-7_Static.xml,TBox_Field_Stone_NoReaction,-1990852819,2304114477,"-3889.193,157.7403,2972.667",Weapon_Sword_052,,,,,candidate_needs_flag_validation
overworld,B-7_Static.xml,TBox_Field_Iron_NoReaction,-1070760956,3224206340,"-3236.473,128.1416,2596.449",Weapon_Bow_035,,,,,candidate_needs_flag_validation
overworld,B-7_Static.xml,TBox_Field_Iron,-184964310,4110002986,"-3035,127.4151,2436.5",Weapon_Shield_026,,,,,candidate_needs_flag_validation
overworld,B-8_Dynamic.xml,TBox_Field_Iron,249226348,249226348,"-3751.359,150.6079,3602.25",Obj_BombArrow_A_03,,,,,candidate_needs_flag_validation
overworld,B-8_Dynamic.xml,TBox_Field_Stone,1999356160,1999356160,"-3432.911,161.1246,3131.577",Weapon_Bow_015,,,,,candidate_needs_flag_validation
overworld,C-1_Dynamic.xml,TBox_Field_Iron,87655617,87655617,"-2257.852,504.413,-3043.596",Obj_BombArrow_A_02,,,,,candidate_needs_flag_validation
overworld,C-1_Dynamic.xml,TBox_Field_Iron,1444486421,1444486421,"-2689.475,346.5926,-3347.22",Weapon_Shield_003,,,,,candidate_needs_flag_validation
overworld,C-1_Dynamic.xml,TBox_Field_Iron,1796411624,1796411624,"-2164.787,562.5377,-3299.264",Obj_IceArrow_A_03,,,,,candidate_needs_flag_validation
overworld,C-1_Dynamic.xml,TBox_Field_Iron,-869759933,3425207363,"-2094.95,380.0621,-3763.712",Weapon_Bow_013,,,,,candidate_needs_flag_validation
overworld,C-1_Dynamic.xml,TBox_Field_Iron,-609345036,3685622260,"-2228.48,520.04,-3461.09",Weapon_Spear_003,,,,,candidate_needs_flag_validation
overworld,C-1_Static.xml,TBox_Field_Stone,1407137022,1407137022,"-2357,495.9781,-3302.254",Weapon_Bow_035,,,,,candidate_needs_flag_validation
overworld,C-1_Static.xml,TBox_Field_Iron,1498077515,1498077515,"-2468.694,503.4638,-3112.966",Item_Ore_C,,,,,candidate_needs_flag_validation
overworld,C-1_Static.xml,TBox_Field_Stone,1790025404,1790025404,"-2309.847,482.0472,-3572.684",PutRupee_Gold,,,,,candidate_needs_flag_validation
overworld,C-2_Dynamic.xml,TBox_Field_Wood,430630870,430630870,"-2272.449,477.8792,-2825.341",Obj_FireArrow_A_03,,,,,candidate_needs_flag_validation
overworld,C-2_Dynamic.xml,TBox_Field_Wood,2127983644,2127983644,"-2391.248,469.6907,-2097.552",Weapon_Bow_013,,,,,candidate_needs_flag_validation
overworld,C-2_Dynamic.xml,TBox_Field_Iron,-1373356769,2921610527,"-2786.674,441.7257,-2358.262",PutRupee_Silver,,,,,candidate_needs_flag_validation
overworld,C-2_Dynamic.xml,TBox_Field_Iron,-1263398072,3031569224,"-2427.712,419.669,-1987.022",PutRupee_Silver,,,,,candidate_needs_flag_validation
overworld,C-2_Dynamic.xml,TBox_Field_Iron,-831740923,3463226373,"-2776,416.4659,-2026",Weapon_Bow_013,,,,,candidate_needs_flag_validation
overworld,C-2_Dynamic.xml,TBox_Field_Iron,-660322040,3634645256,"-2678.083,725.9772,-2804.772",Obj_IceArrow_A_03,,,,,candidate_needs_flag_validation
overworld,C-2_Static.xml,TBox_Field_Wood,278435547,278435547,"-2238.6,486,-2175.4",Item_Ore_C,Normal,,,,candidate_needs_flag_validation
overworld,C-2_Static.xml,TBox_Field_Iron,422501104,422501104,"-2950.2,375.5,-2142.8",Weapon_Sword_031,Normal,,,,candidate_needs_flag_validation
overworld,C-2_Static.xml,TBox_Field_Iron,873002914,873002914,"-2204.5,506.5,-2112.2",Weapon_Spear_032,Normal,,,,candidate_needs_flag_validation
overworld,C-2_Static.xml,TBox_Field_Stone,1094385771,1094385771,"-2221.21,441.9512,-2844.568",PutRupee_Silver,,,,,candidate_needs_flag_validation
overworld,C-2_Static.xml,TBox_Field_Wood,1125107508,1125107508,"-2918.4,379.7016,-2119.4",Item_Ore_C,Normal,,,,candidate_needs_flag_validation
overworld,C-2_Static.xml,TBox_Field_Iron_NoReaction_Collabo,1367988891,1367988891,"-2605,583,-2652",Armor_185_Lower,Normal,,,,candidate_needs_flag_validation
overworld,C-2_Static.xml,TBox_Field_Wood,1766076031,1766076031,"-2803.8,506.077,-2375.2",Weapon_Shield_042,Normal,,,,candidate_needs_flag_validation
overworld,C-2_Static.xml,TBox_Field_Enemy,1845994126,1845994126,"-2657.367,490.0017,-2398.134",Weapon_Spear_032,,,,,candidate_needs_flag_validation
overworld,C-2_Static.xml,TBox_Field_Iron,2095607697,2095607697,"-2881.79,383.5092,-2159.858",Weapon_Shield_042,,,,,candidate_needs_flag_validation
overworld,C-2_Static.xml,TBox_Field_Stone,-1290869859,3004097437,"-2854.544,707.3677,-3082.873",Obj_ElectricArrow_A_03,,,,,candidate_needs_flag_validation
overworld,C-2_Static.xml,TBox_Field_Iron,-895301971,3399665325,"-2814.878,670.3524,-2878.882",Weapon_Sword_049,,,,,candidate_needs_flag_validation
overworld,C-2_Static.xml,TBox_Field_Iron,-531100239,3763867057,"-2963.391,512.9036,-2509.405",Obj_FireArrow_A_03,,,,,candidate_needs_flag_validation
overworld,C-2_Static.xml,TBox_Field_Stone,-515777509,3779189787,"-2298.039,331.914,-2403.471",Weapon_Shield_003,,,,,candidate_needs_flag_validation
overworld,C-2_Static.xml,TBox_Field_Stone,-283355413,4011611883,"-2923.623,301.0574,-2133.823",PutRupee_Silver,,,,,candidate_needs_flag_validation
overworld,C-3_Dynamic.xml,TBox_Field_Iron,1876238077,1876238077,"-2291.134,401.5262,-1915.733",Weapon_Bow_017,,,,,candidate_needs_flag_validation
overworld,C-3_Dynamic.xml,TBox_Field_Iron,-912124599,3382842697,"-2333.564,400.0018,-1938.001",Obj_ArrowBundle_A_02,,,,,candidate_needs_flag_validation
overworld,C-3_Static.xml,TBox_Field_Stone,-1648255206,2646712090,"-2261.724,320.7408,-1744.711",Obj_IceArrow_A_03,,,,,candidate_needs_flag_validation
overworld,C-3_Static.xml,TBox_Field_Stone,-1260182448,3034784848,"-2970.988,404.6831,-1786.948",Obj_IceArrow_A_03,,,,,candidate_needs_flag_validation
overworld,C-3_Static.xml,TBox_Field_Enemy,-1224136418,3070830878,"-2621.657,448.9828,-1946.743",Item_Ore_C,,,,,candidate_needs_flag_validation
overworld,C-3_Static.xml,TBox_Field_Wood,-1152416075,3142551221,"-2962.202,322.4134,-1700.937",Weapon_Sword_003,,,,,candidate_needs_flag_validation
overworld,C-3_Static.xml,TBox_Field_Stone,-774359706,3520607590,"-2659.799,307.0852,-1611.287",PutRupee_Silver,,,,,candidate_needs_flag_validation
overworld,C-3_Static.xml,TBox_Field_Wood,-22374636,4272592660,"-2735.3,375.1,-1964.9",Weapon_Sword_049,Normal,,,,candidate_needs_flag_validation
overworld,C-4_Dynamic.xml,TBox_Field_Wood,345113310,345113310,"-2699.531,339.0304,-879.5359",Obj_ElectricArrow_A_03,,,,,candidate_needs_flag_validation
overworld,C-4_Dynamic.xml,TBox_Field_Iron,-1797181556,2497785740,"-2669.2,326.9,-898.7001",Weapon_Shield_003,,,,,candidate_needs_flag_validation
overworld,C-4_Static.xml,TBox_Field_Iron,1326734489,1326734489,"-2672.4,339.8,-895.6",Weapon_Lsword_055,Normal,,,,candidate_needs_flag_validation
overworld,C-4_Static.xml,TBox_Field_Enemy,1610925690,1610925690,"-2826.581,355.3745,-716.224",Weapon_Lsword_003,,,,,candidate_needs_flag_validation
overworld,C-4_Static.xml,TBox_Field_Stone,2055474776,2055474776,"-2845.853,300.4139,-843.6023",PutRupee_Purple,,,,,candidate_needs_flag_validation
overworld,C-5_Dynamic.xml,TBox_Field_Iron,70676703,70676703,"-2359.898,310.2496,216.289",PutRupee_Silver,,,,,candidate_needs_flag_validation
overworld,C-5_Dynamic.xml,TBox_Field_Wood,519268736,519268736,"-2037.403,395.4644,298.5883",Weapon_Spear_025,,,,,candidate_needs_flag_validation
overworld,C-5_Dynamic.xml,TBox_Field_Iron,1602544782,1602544782,"-2529.246,303.6765,647.4295",Weapon_Lsword_051,,,,,candidate_needs_flag_validation
overworld,C-5_Dynamic.xml,TBox_Field_Iron,2144669829,2144669829,"-2738.181,104.9059,460.3074",PutRupee_Silver,,,,,candidate_needs_flag_validation
overworld,C-5_Dynamic.xml,TBox_Field_Wood,-514954792,3780012504,"-2536.3,305.4973,676.5861",Item_Ore_E,,,,,candidate_needs_flag_validation
overworld,C-5_Dynamic.xml,TBox_Field_Iron,-435728028,3859239268,"-2342.641,348.3747,680.8051",Weapon_Bow_013,,,,,candidate_needs_flag_validation
overworld,C-5_Static.xml,TBox_Field_Iron_NoReaction_Aoc,81579026,81579026,"-2295.862,455.0159,343.4723",GameRomHorseReins_10,Normal,,,,candidate_needs_flag_validation
overworld,C-5_Static.xml,TBox_Field_Stone,195085511,195085511,"-2028.208,278.8337,499.9698",Item_Ore_D,,,,,candidate_needs_flag_validation
overworld,C-5_Static.xml,TBox_Field_Iron,303823410,303823410,"-2685.5,114.3343,426",Item_Ore_F,,,,,candidate_needs_flag_validation
overworld,C-5_Static.xml,TBox_Field_Iron,743549766,743549766,"-2139.439,331.143,505.8111",PutRupee_Purple,,,,,candidate_needs_flag_validation
overworld,C-5_Static.xml,TBox_Field_Stone,1099237980,1099237980,"-2342.016,397.2582,549.3824",PutRupee_Silver,,,,,candidate_needs_flag_validation
overworld,C-5_Static.xml,TBox_Field_Iron,1333419385,1333419385,"-2294.006,111.1221,97.94989",Obj_ElectricArrow_A_03,,,,,candidate_needs_flag_validation
overworld,C-5_Static.xml,TBox_Field_Iron,-2061653147,2233314149,"-2304.339,106.1389,72.38111",Item_Ore_E,,,,,candidate_needs_flag_validation
overworld,C-5_Static.xml,TBox_Field_Stone,-479010706,3815956590,"-2198.976,351.7566,509.9233",Obj_IceArrow_A_03,,,,,candidate_needs_flag_validation
overworld,C-5_Static.xml,TBox_Field_Iron,-464287013,3830680283,"-2703,114.3792,431",Item_Ore_E,,,,,candidate_needs_flag_validation
overworld,C-6_Dynamic.xml,TBox_Field_Iron,195317545,195317545,"-2607.698,648.6605,1613.257",Obj_ArrowBundle_A_01,,,,,candidate_needs_flag_validation
overworld,C-6_Dynamic.xml,TBox_Field_Iron,234388252,234388252,"-2560.641,672.822,1579.181",Weapon_Sword_030,,,,,candidate_needs_flag_validation
overworld,C-6_Dynamic.xml,TBox_Field_Iron,306014001,306014001,"-2644.649,677.4912,1639.035",Obj_FireArrow_A_03,,,,,candidate_needs_flag_validation
overworld,C-6_Dynamic.xml,TBox_Field_Iron,836749965,836749965,"-2131.007,250.3206,1970.179",PutRupee_Purple,,,,,candidate_needs_flag_validation
overworld,C-6_Dynamic.xml,TBox_Field_Iron,890774752,890774752,"-2737.981,634.0165,1487.054",Obj_FireArrow_A_02,,,,,candidate_needs_flag_validation
overworld,C-6_Dynamic.xml,TBox_Field_Iron,1400211312,1400211312,"-2251.154,217.9398,1747.317",Weapon_Shield_026,,,,,candidate_needs_flag_validation
overworld,C-6_Dynamic.xml,TBox_Field_Iron,2061310186,2061310186,"-2985.602,663.985,1553.586",PutRupee_Silver,,,,,candidate_needs_flag_validation
overworld,C-6_Dynamic.xml,TBox_Field_Iron,-1259988165,3034979131,"-2632.476,677.6024,1515.952",Obj_ElectricArrow_A_03,,,,,candidate_needs_flag_validation
overworld,C-6_Dynamic.xml,TBox_Field_Iron,-170237930,4124729366,"-2627.016,679.4364,1560.581",Item_Ore_F,,,,,candidate_needs_flag_validation
overworld,C-6_Static.xml,TBox_Field_Enemy,112042483,112042483,"-2174.645,260.6016,1850.939",Weapon_Bow_035,,,,,candidate_needs_flag_validation
overworld,C-6_Static.xml,TBox_Field_Wood,1446344031,1446344031,"-2163.5,249.9532,1702",Obj_FireArrow_A_03,,,,,candidate_needs_flag_validation
overworld,C-6_Static.xml,TBox_Field_Wood,-1778534180,2516433116,"-2112.096,208.9892,1702.404",PutRupee_Purple,,,,,candidate_needs_flag_validation
overworld,C-6_Static.xml,TBox_Field_Wood,-1168108606,3126858690,"-2745.093,630.0564,1417.703",Obj_ArrowBundle_A_02,,,,,candidate_needs_flag_validation
overworld,C-7_Dynamic.xml,TBox_Field_Iron,664766686,664766686,"-2986.539,117.9659,2918.423",Item_Ore_D,,,,,candidate_needs_flag_validation
overworld,C-7_Dynamic.xml,TBox_Field_Iron,1060034856,1060034856,"-2965.7,120.5047,2858.3",Item_Ore_E,,,,,candidate_needs_flag_validation
overworld,C-7_Dynamic.xml,TBox_Field_Iron,1901053128,1901053128,"-2908.329,131.1016,2883.061",PutRupee_Purple,,,,,candidate_needs_flag_validation
overworld,C-7_Dynamic.xml,TBox_Field_Iron,2076156603,2076156603,"-2319.893,455.2686,2429.627",Obj_BombArrow_A_02,,,,,candidate_needs_flag_validation
overworld,C-7_Dynamic.xml,TBox_Field_Iron,-2076239985,2218727311,"-2284.413,454.2556,2443.371",Item_Ore_C,,,,,candidate_needs_flag_validation
overworld,C-7_Dynamic.xml,TBox_Field_Stone,-571421005,3723546291,"-2857.33,195.1882,2320.828",Weapon_Bow_015,,,,,candidate_needs_flag_validation
overworld,C-7_Dynamic.xml,TBox_Field_Stone,-522375131,3772592165,"-2735.83,152.326,2268.553",Weapon_Sword_029,,,,,candidate_needs_flag_validation
overworld,C-7_Dynamic.xml,TBox_Field_Iron,-320478475,3974488821,"-2264.672,355.9096,2161.396",Obj_IceArrow_A_03,,,,,candidate_needs_flag_validation
overworld,C-7_Static.xml,TBox_Field_Wood,725308796,725308796,"-2132.5,421,2460",Item_Ore_B,Normal,,,,candidate_needs_flag_validation
overworld,C-7_Static.xml,TBox_Field_Enemy,1081762818,1081762818,"-2322.914,384.3308,2233.236",Item_Ore_D,,,,,candidate_needs_flag_validation
overworld,C-7_Static.xml,TBox_Field_Iron,-1305344826,2989622470,"-2148.5,427,2443.5",Weapon_Spear_029,Normal,,,,candidate_needs_flag_validation
overworld,C-7_Static.xml,TBox_Field_Iron,-1204756075,3090211221,"-2587.684,161.7522,2037.932",Item_Ore_B,,,,,candidate_needs_flag_validation
overworld,C-7_Static.xml,TBox_Field_Iron_NoReaction,-1080723002,3214244294,"-2780.031,134.3258,2235.158",Obj_IceArrow_A_02,,,,,candidate_needs_flag_validation
overworld,C-7_Static.xml,TBox_Field_Stone_NoReaction,-11125146,4283842150,"-2815.909,135.1327,2221.999",Item_Ore_A,,,,,candidate_needs_flag_validation
overworld,C-8_Dynamic.xml,TBox_Field_Iron,1880894645,1880894645,"-2588.414,104.7975,3253.992",Obj_BombArrow_A_02,,,,,candidate_needs_flag_validation
overworld,D-1_Dynamic.xml,TBox_Field_Wood,-1240084269,3054883027,"-1280.596,506.9693,-3120.333",Obj_ElectricArrow_A_03,,,,,candidate_needs_flag_validation
overworld,D-1_Dynamic.xml,TBox_Field_Iron,-1026779046,3268188250,"-1278.202,488.462,-3329.052",Obj_IceArrow_A_03,,,,,candidate_needs_flag_validation
overworld,D-1_Dynamic.xml,TBox_Field_Iron,-736440099,3558527197,"-1839.718,351.4443,-3174.739",Weapon_Shield_042,,,,,candidate_needs_flag_validation
overworld,D-1_Static.xml,TBox_Field_Stone,504874141,504874141,"-1210.898,466.9092,-3059.532",Obj_FireArrow_A_03,,,,,candidate_needs_flag_validation
overworld,D-1_Static.xml,TBox_Field_Stone,-1599904121,2695063175,"-1025.87,320.986,-3458.338",PutRupee_Silver,,,,,candidate_needs_flag_validation
overworld,D-1_Static.xml,TBox_Field_Stone,-643377195,3651590101,"-1138.043,454.7747,-3210.668",PutRupee_Silver,,,,,candidate_needs_flag_validation
overworld,D-2_Dynamic.xml,TBox_Field_Stone,186643694,186643694,"-1224.54,1.300013,-2497.451",Item_Enemy_31,,,,,candidate_needs_flag_validation
overworld,D-2_Dynamic.xml,TBox_Field_Stone,636083304,636083304,"-1127.324,21.05398,-2575.168",Obj_FireArrow_A_03,,,,,candidate_needs_flag_validation
overworld,D-2_Dynamic.xml,TBox_Field_Stone,1378726307,1378726307,"-1312.259,1.300013,-2410.96",PutRupee_Gold,,,,,candidate_needs_flag_validation
overworld,D-2_Dynamic.xml,TBox_Field_Stone,2094766373,2094766373,"-1331.996,22.53905,-2424.643",Weapon_Spear_032,,,,,candidate_needs_flag_validation
overworld,D-2_Dynamic.xml,TBox_Field_Stone,-1345836722,2949130574,"-1224.855,21.05399,-2483.555",PutRupee_Silver,,,,,candidate_needs_flag_validation
overworld,D-2_Dynamic.xml,TBox_Field_Iron,-1299185085,2995782211,"-1908.744,347.1546,-2262.402",Obj_ElectricArrow_A_03,,,,,candidate_needs_flag_validation
overworld,D-2_Static.xml,TBox_Field_Stone_NoReaction,993561984,993561984,"-1069.994,23.64009,-2683.156",Armor_005_Head,,,,,candidate_needs_flag_validation
overworld,D-2_Static.xml,TBox_Field_Stone_NoReaction,1761649191,1761649191,"-1066.411,23.64009,-2682.759",Armor_005_Lower,,,,,candidate_needs_flag_validation
overworld,D-2_Static.xml,TBox_Field_Iron_NoReaction,-2055117580,2239849716,"-1653.797,343.5918,-2625.113",Weapon_Spear_032,,,,,candidate_needs_flag_validation
overworld,D-2_Static.xml,TBox_Field_Iron_NoReaction,-1669736785,2625230511,"-1687.622,338.3969,-2539.697",Item_Ore_J,,,,,candidate_needs_flag_validation
overworld,D-2_Static.xml,TBox_Field_Stone_NoReaction,-1398301527,2896665769,"-1071.007,23.64009,-2686.616",Armor_005_Upper,,,,,candidate_needs_flag_validation
overworld,D-3_Dynamic.xml,TBox_Field_Iron,370794488,370794488,"-1692.395,316.1407,-1126.993",PutRupee_Silver,,,,,candidate_needs_flag_validation
overworld,D-3_Static.xml,TBox_Field_Wood,9268528,9268528,"-1778.289,217.1468,-1688.327",Obj_ElectricArrow_A_03,,,,,candidate_needs_flag_validation
overworld,D-3_Static.xml,TBox_Field_Wood,36541502,36541502,"-1780.044,219.375,-1669.124",PutRupee_Silver,,,,,candidate_needs_flag_validation
overworld,D-3_Static.xml,TBox_Field_Iron_NoReaction,1489808006,1489808006,"-1542.008,212.0024,-1761.31",PutRupee_Gold,,,,,candidate_needs_flag_validation
overworld,D-3_Static.xml,TBox_Field_Enemy,-1604420303,2690546993,"-1950.151,216.6969,-1539.465",Item_Ore_D,,,,,candidate_needs_flag_validation
overworld,D-4_Dynamic.xml,TBox_Field_Iron,203206732,203206732,"-1182.914,112.9168,-149.6505",PutRupee_Purple,,,,,candidate_needs_flag_validation
overworld,D-4_Dynamic.xml,TBox_Field_Wood,1903790114,1903790114,"-1805.614,254.4223,-701.1287",PutRupee_Purple,,,,,candidate_needs_flag_validation
overworld,D-4_Dynamic.xml,TBox_Field_Iron,2011178569,2011178569,"-2024.502,262.2088,-60.99966",Item_Ore_D,,,,,candidate_needs_flag_validation
overworld,D-4_Dynamic.xml,TBox_Field_Wood,-1008811079,3286156217,"-1751.601,254.4589,-789.9767",Obj_FireArrow_A_03,,,,,candidate_needs_flag_validation
overworld,D-4_Dynamic.xml,TBox_Field_Wood,-521740055,3773227241,"-1387.559,194.0679,-350.5825",Obj_BombArrow_A_02,,,,,candidate_needs_flag_validation
overworld,D-4_Dynamic.xml,TBox_Field_Iron,-341533365,3953433931,"-1028.296,111.5696,-539.4031",PutRupee_Silver,,,,,candidate_needs_flag_validation
overworld,D-4_Dynamic.xml,TBox_Field_Iron,-51619314,4243347982,"-1327.5,133.2839,-519",PutRupee_Silver,,,,,candidate_needs_flag_validation
overworld,D-4_Static.xml,TBox_Field_Wood,1370307555,1370307555,"-1705,306.5938,-870",Weapon_Bow_017,Normal,,,,candidate_needs_flag_validation
overworld,D-4_Static.xml,TBox_Field_Enemy,1795066482,1795066482,"-1213.164,121.4962,-163.0257",Weapon_Spear_032,,,,,candidate_needs_flag_validation
overworld,D-4_Static.xml,TBox_Field_Iron,-2100799713,2194167583,"-1062.8,146.3,-497.7",Weapon_Lsword_047,Normal,,,,candidate_needs_flag_validation
overworld,D-4_Static.xml,TBox_Field_Wood,-1240131868,3054835428,"-1726.564,299.5938,-879.625",Item_Ore_C,Normal,,,,candidate_needs_flag_validation
overworld,D-4_Static.xml,TBox_Field_Wood,-1055775118,3239192178,"-1111.6,147.5,-456.5",Item_Ore_A,Normal,,,,candidate_needs_flag_validation
overworld,D-5_Dynamic.xml,TBox_Field_Stone,181926113,181926113,"-1358.5,114.3522,238.5",Weapon_Spear_003,,,,,candidate_needs_flag_validation
overworld,D-5_Dynamic.xml,TBox_Field_Iron,1061698721,1061698721,"-1374.324,112.1727,349.2995",PutRupee_Silver,,,,,candidate_needs_flag_validation
overworld,D-5_Dynamic.xml,TBox_Field_Iron,1420845522,1420845522,"-1362.5,114.4974,770.0001",PutRupee_Purple,,,,,candidate_needs_flag_validation
overworld,D-5_Dynamic.xml,TBox_Field_Iron,1833151420,1833151420,"-1381.001,114.2961,280.4996",Item_Ore_E,,,,,candidate_needs_flag_validation
overworld,D-5_Dynamic.xml,TBox_Field_Iron,-1506182731,2788784565,"-1981.976,286.5714,199.8518",Item_Ore_E,,,,,candidate_needs_flag_validation
overworld,D-5_Dynamic.xml,TBox_Field_Iron,-351450905,3943516391,"-1185.113,112.3285,958.9242",Item_Ore_E,,,,,candidate_needs_flag_validation
overworld,D-5_Static.xml,TBox_Field_Iron_NoReaction_Aoc,408756811,408756811,"-1402.26,113.9166,219.3553",Armor_173_Head,Normal,,,,candidate_needs_flag_validation
overworld,D-5_Static.xml,TBox_Field_Iron,1930580661,1930580661,"-1318.1,115,773.6",Weapon_Sword_029,Normal,,,,candidate_needs_flag_validation
overworld,D-5_Static.xml,TBox_Field_Iron,-1192034763,3102932533,"-1685.8,207.1,106.5",Weapon_Bow_036,Normal,,,,candidate_needs_flag_validation
overworld,D-5_Static.xml,TBox_Field_Iron,-805974365,3488992931,"-1693.5,206.6,158.7",Item_Ore_D,Normal,,,,candidate_needs_flag_validation
overworld,D-6_Dynamic.xml,TBox_Field_Iron,93487111,93487111,"-1770.996,115.8297,1243.253",PutRupee_Purple,,,,,candidate_needs_flag_validation
overworld,D-6_Dynamic.xml,TBox_Field_Stone,217594417,217594417,"-1434.511,292.2918,1733.994",Obj_ArrowBundle_A_01,,,,,candidate_needs_flag_validation
overworld,D-6_Dynamic.xml,TBox_Field_Iron,467957087,467957087,"-1156.999,237.0926,1324",Item_Ore_F,,,,,candidate_needs_flag_validation
overworld,D-6_Dynamic.xml,TBox_Field_Stone,591392381,591392381,"-1366.19,222.9214,1498.363",Item_Ore_E,,,,,candidate_needs_flag_validation
overworld,D-6_Dynamic.xml,TBox_Field_Stone,1122331722,1122331722,"-1111.826,237.3624,1894.349",Armor_043_Lower,,,,,candidate_needs_flag_validation
overworld,D-6_Dynamic.xml,TBox_Field_Stone,1335244483,1335244483,"-1113.034,237.3254,1890.582",Armor_043_Upper,,,,,candidate_needs_flag_validation
overworld,D-6_Dynamic.xml,TBox_Field_Iron,1836137588,1836137588,"-1833.502,111.7412,1442.694",PutRupee_Purple,,,,,candidate_needs_flag_validation
overworld,D-6_Dynamic.xml,TBox_Field_Stone,2009260213,2009260213,"-1265.507,219.8638,1563.779",Obj_ArrowBundle_A_02,,,,,candidate_needs_flag_validation
overworld,D-6_Dynamic.xml,TBox_Field_Wood,-1289309623,3005657673,"-1432.081,323.1733,1953.014",Item_Ore_E,,,,,candidate_needs_flag_validation
overworld,D-6_Dynamic.xml,TBox_Field_Iron,-443391182,3851576114,"-1812.691,112.4458,1438.467",Obj_FireArrow_A_02,,,,,candidate_needs_flag_validation
overworld,D-6_Dynamic.xml,TBox_Field_Iron,-72569067,4222398229,"-1150.15,222.1874,1198.9",Obj_BombArrow_A_02,,,,,candidate_needs_flag_validation
overworld,D-6_Static.xml,TBox_Field_Wood,350171171,350171171,"-1463.23,258.2108,1797.85",Item_Ore_F,,,,,candidate_needs_flag_validation
overworld,D-6_Static.xml,TBox_Field_Iron,695521123,695521123,"-1592.9,136.3943,1000.8",Item_Ore_B,Normal,,,,candidate_needs_flag_validation
overworld,D-6_Static.xml,TBox_Field_Iron,773393274,773393274,"-1701.8,106.8713,1579.7",Item_Ore_A,Normal,,,,candidate_needs_flag_validation
overworld,D-6_Static.xml,TBox_Field_Iron_NoReaction,1140709720,1140709720,"-1414.48,136.9597,1248.506",PutRupee_Silver,,,,,candidate_needs_flag_validation
overworld,D-6_Static.xml,TBox_Field_Iron_NoReaction_Aoc,1244520185,1244520185,"-1200.466,152.653,1229.242",Armor_171_Head,Normal,,,,candidate_needs_flag_validation
overworld,D-6_Static.xml,TBox_Field_Iron,1495153644,1495153644,"-1646.8,111.48,1549.7",Item_Ore_A,Normal,,,,candidate_needs_flag_validation
overworld,D-6_Static.xml,TBox_Field_Iron,1584660469,1584660469,"-1147,144.2,1047.1",Weapon_Shield_003,Normal,,,,candidate_needs_flag_validation
overworld,D-6_Static.xml,TBox_Field_Iron,1633197501,1633197501,"-1474.5,158.5938,1839.5",Item_Ore_B,Normal,,,,candidate_needs_flag_validation
overworld,D-6_Static.xml,TBox_Field_Stone,-1667509827,2627457469,"-1834.947,174.635,1921.016",Item_Ore_F,,,,,candidate_needs_flag_validation
overworld,D-6_Static.xml,TBox_Field_Wood,-1333944615,2961022681,"-1620.8,136.0506,1036.3",Weapon_Shield_036,Normal,,,,candidate_needs_flag_validation
overworld,D-6_Static.xml,TBox_Field_Wood,-1223664960,3071302336,"-1691,134.9,1544.2",Weapon_Shield_026,Normal,,,,candidate_needs_flag_validation
overworld,D-6_Static.xml,TBox_Field_Wood,-1156668896,3138298400,"-1449.329,260.4974,1795.881",Obj_ArrowBundle_A_01,,,,,candidate_needs_flag_validation
overworld,D-6_Static.xml,TBox_Field_Wood,-1072207274,3222760022,"-1109.7,143.4,984.8",Item_Ore_C,Normal,,,,candidate_needs_flag_validation
overworld,D-6_Static.xml,TBox_Field_Iron,-912185731,3382781565,"-1654.6,97.20072,1958.2",Weapon_Shield_026,Normal,,,,candidate_needs_flag_validation
overworld,D-6_Static.xml,TBox_Field_Enemy,-843882112,3451085184,"-1297.036,295.8294,1682.822",Item_Ore_F,,,,,candidate_needs_flag_validation
overworld,D-6_Static.xml,TBox_Field_Enemy,-707882117,3587085179,"-1200.987,193.1048,1628.903",Item_Ore_E,,,,,candidate_needs_flag_validation
overworld,D-6_Static.xml,TBox_Field_Iron,-386092691,3908874605,"-1478.547,108.25,1812.992",Weapon_Lsword_029,Normal,,,,candidate_needs_flag_validation
overworld,D-6_Static.xml,TBox_Field_Wood,-236486612,4058480684,"-1348,249.2,1870.3",Weapon_Bow_002,Normal,,,,candidate_needs_flag_validation
overworld,D-6_Static.xml,TBox_Field_Stone,-169208717,4125758579,"-1064.036,205.0113,1785.11",Item_Ore_F,,,,,candidate_needs_flag_validation
overworld,D-6_Static.xml,TBox_Field_Wood,-128857081,4166110215,"-1783,106.8588,1493",Weapon_Bow_015,Normal,,,,candidate_needs_flag_validation
overworld,D-6_Static.xml,TBox_Field_Stone,-92049957,4202917339,"-1444.929,193.5831,1617.322",Obj_FireArrow_A_03,,,,,candidate_needs_flag_validation
overworld,D-7_Dynamic.xml,TBox_Field_Wood,208016799,208016799,"-1673.474,130.6225,2199.48",Obj_IceArrow_A_03,,,,,candidate_needs_flag_validation
overworld,D-7_Dynamic.xml,TBox_Field_Iron,231707920,231707920,"-1857.435,263.9255,2597.095",Item_Ore_D,,,,,candidate_needs_flag_validation
overworld,D-7_Dynamic.xml,TBox_Field_Iron,415503958,415503958,"-1977.403,120.2306,2344.3",Weapon_Spear_029,,,,,candidate_needs_flag_validation
overworld,D-7_Dynamic.xml,TBox_Field_Iron,608422654,608422654,"-1775.876,92.96754,2344.656",PutRupee_Purple,,,,,candidate_needs_flag_validation
overworld,D-7_Dynamic.xml,TBox_Field_Iron,614466614,614466614,"-1089.043,250.7833,2157.96",Obj_FireArrow_A_03,,,,,candidate_needs_flag_validation
overworld,D-7_Dynamic.xml,TBox_Field_Iron,1403466912,1403466912,"-1089.051,250.8607,2159.552",Obj_ArrowBundle_A_01,,,,,candidate_needs_flag_validation
overworld,D-7_Dynamic.xml,TBox_Field_Wood,2080206557,2080206557,"-1067.991,327.5382,2221.979",Item_Ore_F,,,,,candidate_needs_flag_validation
overworld,D-7_Dynamic.xml,TBox_Field_Iron,-1791498417,2503468879,"-1650.203,86.06355,2087.036",Item_Ore_E,,,,,candidate_needs_flag_validation
overworld,D-7_Dynamic.xml,TBox_Field_Wood,-1304842540,2990124756,"-1011.187,287.0235,2155.599",Obj_ArrowBundle_A_01,,,,,candidate_needs_flag_validation
overworld,D-7_Dynamic.xml,TBox_Field_Iron,-1155225967,3139741329,"-1790.591,184.3407,2172.501",Weapon_Sword_030,,,,,candidate_needs_flag_validation
overworld,D-7_Dynamic.xml,TBox_Field_Iron,-1021826767,3273140529,"-1092.862,250.8336,2160.107",Weapon_Bow_003,,,,,candidate_needs_flag_validation
overworld,D-7_Dynamic.xml,TBox_Field_Iron,-913963973,3381003323,"-1032.055,247.3931,2088.035",Item_Ore_F,,,,,candidate_needs_flag_validation
overworld,D-7_Dynamic.xml,TBox_Field_Iron,-668203523,3626763773,"-1570.244,83.94651,2141.783",PutRupee_Purple,,,,,candidate_needs_flag_validation
overworld,D-7_Dynamic.xml,TBox_Field_Iron,-565789368,3729177928,"-1038.695,247.2986,2032.606",Item_Ore_F,,,,,candidate_needs_flag_validation
overworld,D-7_Dynamic.xml,TBox_Field_Wood,-248624205,4046343091,"-1084.906,295.546,2142.64",Obj_FireArrow_A_03,,,,,candidate_needs_flag_validation
overworld,D-7_Static.xml,TBox_Field_Wood,407446232,407446232,"-1032.359,293.5795,2264.433",Obj_ArrowBundle_A_01,,,,,candidate_needs_flag_validation
overworld,D-7_Static.xml,TBox_Field_Iron_NoReaction_Aoc,759164510,759164510,"-1451.488,317.606,2028.067",Obj_BombArrow_A_02,Normal,,,,candidate_needs_flag_validation
overworld,D-7_Static.xml,TBox_Field_Iron,1116013200,1116013200,"-1111.5,265.6,2132.5",Weapon_Lsword_003,Normal,,,,candidate_needs_flag_validation
overworld,D-7_Static.xml,TBox_Field_Wood,1272405920,1272405920,"-1060.293,249.1998,2021.437",Weapon_Shield_002,Normal,,,,candidate_needs_flag_validation
overworld,D-7_Static.xml,TBox_Field_Stone,1438899360,1438899360,"-1521.778,87.14011,2241.565",Item_Ore_D,,,,,candidate_needs_flag_validation
overworld,D-7_Static.xml,TBox_Field_Enemy,1449120336,1449120336,"-1659.196,95.23053,2383.498",Weapon_Shield_003,,,,,candidate_needs_flag_validation
overworld,D-7_Static.xml,TBox_Field_Wood,-570175532,3724791764,"-1234.3,365.4,2191.5",Obj_IceArrow_A_02,Normal,,,,candidate_needs_flag_validation
overworld,D-8_Dynamic.xml,TBox_Field_Stone,65242927,65242927,"-1847.5,177.0535,3529.9",Weapon_Sword_029,,,,,candidate_needs_flag_validation
overworld,D-8_Dynamic.xml,TBox_Field_Iron,283478570,283478570,"-1444.889,532.885,3644.161",PutRupee_Purple,,,,,candidate_needs_flag_validation
overworld,D-8_Dynamic.xml,TBox_Field_Stone,304706761,304706761,"-1760.7,177.0535,3530",PutRupee_Silver,,,,,candidate_needs_flag_validation
overworld,D-8_Dynamic.xml,TBox_Field_Stone,496333431,496333431,"-1829.2,177.0976,3405",PutRupee_Gold,,,,,candidate_needs_flag_validation
overworld,D-8_Dynamic.xml,TBox_Field_Stone,-78982660,4215984636,"-1760.8,177.0603,3425",Weapon_Shield_026,,,,,candidate_needs_flag_validation
overworld,E-1_Dynamic.xml,TBox_Field_Stone,724255579,724255579,"-825,385,-3535",Item_Ore_A,,,,,candidate_needs_flag_validation
overworld,E-1_Dynamic.xml,TBox_Field_Stone,815609585,815609585,"-825,345,-3650",PutRupee_Silver,,,,,candidate_needs_flag_validation
overworld,E-1_Dynamic.xml,TBox_Field_Iron,1035186669,1035186669,"-778.5845,340.5,-3535.002",Weapon_Shield_003,,,,,candidate_needs_flag_validation
overworld,E-1_Dynamic.xml,TBox_Field_Stone,1738703230,1738703230,"-812.5,375.5,-3533",Item_Ore_C,,,,,candidate_needs_flag_validation
overworld,E-1_Dynamic.xml,TBox_Field_Stone,-1468454307,2826512989,"-825,345,-3420",Obj_IceArrow_A_03,,,,,candidate_needs_flag_validation
overworld,E-1_Dynamic.xml,TBox_Field_Iron,-889878575,3405088721,"-710.0107,344.9998,-3534.999",Weapon_Lsword_055,,,,,candidate_needs_flag_validation
overworld,E-1_Dynamic.xml,TBox_Field_Iron,-745187119,3549780177,"-790.7895,340.3246,-3560",PutRupee_Gold,,,,,candidate_needs_flag_validation
overworld,E-1_Dynamic.xml,TBox_Field_Stone,-439563476,3855403820,"-812.5,375.5,-3535",Item_Ore_B,,,,,candidate_needs_flag_validation
overworld,E-1_Dynamic.xml,TBox_Field_Stone,-309781206,3985186090,"-812.5,375.5,-3537",Item_Ore_D,,,,,candidate_needs_flag_validation
overworld,E-1_Static.xml,TBox_Field_Stone,-1343845852,2951121444,"-987.2784,343.6189,-3060.923",Weapon_Spear_003,,,,,candidate_needs_flag_validation
overworld,E-2_Dynamic.xml,TBox_Field_Iron,-1726710027,2568257269,"-577.4961,490.6641,-2600.513",Weapon_Spear_003,,,,,candidate_needs_flag_validation
overworld,E-3_Dynamic.xml,TBox_Field_Iron,-1662013531,2632953765,"-979.598,208.7383,-1809.343",Weapon_Bow_029,,,,,candidate_needs_flag_validation
overworld,E-3_Dynamic.xml,TBox_Field_Iron,-944420962,3350546334,"-415.2639,104.6099,-1193.445",PutRupee_Silver,,,,,candidate_needs_flag_validation
overworld,E-4_Dynamic.xml,TBox_Field_Stone,91802921,91802921,"-174.4767,170.4549,-1114.398",PutRupee_Gold,,,,,candidate_needs_flag_validation
overworld,E-4_Dynamic.xml,TBox_Field_Stone,139851715,139851715,"-455.794,146.8888,-1076.871",PutRupee_Silver,,,,,candidate_needs_flag_validation
overworld,E-4_Dynamic.xml,TBox_Field_Iron,152120795,152120795,"-111.352,125.0902,-789.8322",Item_Ore_C,,,,,candidate_needs_flag_validation
overworld,E-4_Dynamic.xml,TBox_Field_Stone,199240618,199240618,"-326.4615,151.156,-1002.4",Item_Enemy_47,,,,,candidate_needs_flag_validation
overworld,E-4_Dynamic.xml,TBox_Field_Iron,207450471,207450471,"-115.2816,108.1398,-611.6567",PutRupee_Gold,,,,,candidate_needs_flag_validation
overworld,E-4_Dynamic.xml,TBox_Field_Stone,479936489,479936489,"-182.2916,235.2289,-1169.521",Item_Enemy_49,,,,,candidate_needs_flag_validation
overworld,E-4_Dynamic.xml,TBox_Field_Iron,523166592,523166592,"-64.38154,150.5142,-983.1266",Obj_AncientArrow_A_01,,,,,candidate_needs_flag_validation
overworld,E-4_Dynamic.xml,TBox_Field_Stone,536149570,536149570,"11,182.5793,-879.367",Obj_ElectricArrow_A_03,,,,,candidate_needs_flag_validation
overworld,E-4_Dynamic.xml,TBox_Field_Stone,606035849,606035849,"-168.5,131.1584,-329.5",PutRupee_Purple,,,,,candidate_needs_flag_validation
overworld,E-4_Dynamic.xml,TBox_Field_Stone,611155917,611155917,"-183.2621,176.0067,-1075.568",PutRupee_Silver,,,,,candidate_needs_flag_validation
overworld,E-4_Dynamic.xml,TBox_Field_Stone,776371786,776371786,"-62.64063,213.9363,-1044.265",Obj_AncientArrow_C_01,,,,,candidate_needs_flag_validation
overworld,E-4_Dynamic.xml,TBox_Field_Wood,776728342,776728342,"-411.1391,181.416,-854.6707",Obj_BombArrow_A_02,,,,,candidate_needs_flag_validation
overworld,E-4_Dynamic.xml,TBox_Field_Stone,796277443,796277443,"-158.5816,279.6017,-881.9357",Weapon_Spear_047,,,,,candidate_needs_flag_validation
overworld,E-4_Dynamic.xml,TBox_Field_Stone,828753638,828753638,"-14,133.843,-282",Weapon_Bow_035,,,,,candidate_needs_flag_validation
overworld,E-4_Dynamic.xml,TBox_Field_Stone,835342906,835342906,"-339.5874,238.9668,-822.6512",Obj_BombArrow_A_02,,,,,candidate_needs_flag_validation
overworld,E-4_Dynamic.xml,TBox_Field_Stone,911152910,911152910,"-259.5,420.8488,-1065.367",Obj_AncientArrow_B_01,,,,,candidate_needs_flag_validation
overworld,E-4_Dynamic.xml,TBox_Field_Iron,1007253771,1007253771,"-208.7522,104.6903,-1165.514",PutRupee_Gold,,,,,candidate_needs_flag_validation
overworld,E-4_Dynamic.xml,TBox_Field_Stone,1018768719,1018768719,"-356.2811,172.4109,-810.5813",Item_Enemy_51,,,,,candidate_needs_flag_validation
overworld,E-4_Dynamic.xml,TBox_Field_Wood,1060537711,1060537711,"-408.6626,181.4303,-852.3607",PutRupee_Silver,,,,,candidate_needs_flag_validation
overworld,E-4_Dynamic.xml,TBox_Field_Iron,1085667751,1085667751,"-150.9249,180.9406,-1172.427",Obj_IceArrow_A_03,,,,,candidate_needs_flag_validation
overworld,E-4_Dynamic.xml,TBox_Field_Stone,1100553496,1100553496,"-325.2011,181.0631,-798.5906",Obj_AncientArrow_C_01,,,,,candidate_needs_flag_validation
overworld,E-4_Dynamic.xml,TBox_Field_Stone,1108287970,1108287970,"-137.1484,134.0434,-295",Item_Ore_D,,,,,candidate_needs_flag_validation
overworld,E-4_Dynamic.xml,TBox_Field_Stone,1130610796,1130610796,"-648,128.243,-439",Obj_BombArrow_A_02,,,,,candidate_needs_flag_validation
overworld,E-4_Dynamic.xml,TBox_Field_Stone,1175755810,1175755810,"-333.5,128.1938,-403",Item_Ore_C,,,,,candidate_needs_flag_validation
overworld,E-4_Dynamic.xml,TBox_Field_Iron,1248915646,1248915646,"-401.5531,144.5916,-1021.997",Obj_IceArrow_A_02,,,,,candidate_needs_flag_validation
overworld,E-4_Dynamic.xml,TBox_Field_Stone,1337874741,1337874741,"-446,131.3805,-239",Obj_BombArrow_A_02,,,,,candidate_needs_flag_validation
overworld,E-4_Dynamic.xml,TBox_Field_Stone,1397214346,1397214346,"-133.0656,170.481,-950.4628",Item_Enemy_55,,,,,candidate_needs_flag_validation
overworld,E-4_Dynamic.xml,TBox_Field_Stone,1397757005,1397757005,"-566.5,143.6391,-321.5",Obj_FireArrow_A_03,,,,,candidate_needs_flag_validation
overworld,E-4_Dynamic.xml,TBox_Field_Stone,1467932802,1467932802,"-145.731,181.2614,-1009.618",PutRupee_Silver,,,,,candidate_needs_flag_validation
overworld,E-4_Dynamic.xml,TBox_Field_Stone,1574041919,1574041919,"-96,250.631,-932.867",Obj_BombArrow_A_02,,,,,candidate_needs_flag_validation
overworld,E-4_Dynamic.xml,TBox_Field_Stone,1610277516,1610277516,"-473.1021,144.2138,-842.9668",PutRupee_Silver,,,,,candidate_needs_flag_validation
overworld,E-4_Dynamic.xml,TBox_Field_Stone,1827679107,1827679107,"-240.1783,131.4338,-303.7266",Item_Ore_G,,,,,candidate_needs_flag_validation
overworld,E-4_Dynamic.xml,TBox_Field_Stone,1855573219,1855573219,"-254,209.6673,-742.367",Obj_AncientArrow_C_01,,,,,candidate_needs_flag_validation
overworld,E-4_Dynamic.xml,TBox_Field_Stone,1938601138,1938601138,"-89.99997,132.931,-401.5",PutRupee_Purple,,,,,candidate_needs_flag_validation
overworld,E-4_Dynamic.xml,TBox_Field_Stone,2045340421,2045340421,"-464.8711,199.7793,-945.6209",Obj_BombArrow_A_02,,,,,candidate_needs_flag_validation
overworld,E-4_Dynamic.xml,TBox_Field_Stone,-2083448163,2211519133,"-433.2004,127.4796,-1057.334",PutRupee_Silver,,,,,candidate_needs_flag_validation
overworld,E-4_Dynamic.xml,TBox_Field_Stone,-2077493679,2217473617,"-196.4629,153.1969,-1218.59",Item_Enemy_38,,,,,candidate_needs_flag_validation
overworld,E-4_Dynamic.xml,TBox_Field_Stone,-2004237375,2290729921,"-529.7422,139.5217,-694.0605",Obj_IceArrow_A_03,,,,,candidate_needs_flag_validation
overworld,E-4_Dynamic.xml,TBox_Field_Stone,-1989700051,2305267245,"-594,128.0305,-635.5",Obj_BombArrow_A_02,,,,,candidate_needs_flag_validation
overworld,E-4_Dynamic.xml,TBox_Field_Stone,-1944061639,2350905657,"-262.511,163.7228,-1163.779",Obj_ElectricArrow_A_03,,,,,candidate_needs_flag_validation
overworld,E-4_Dynamic.xml,TBox_Field_Stone,-1933382830,2361584466,"-154.7531,262.6766,-893.3374",Obj_BombArrow_A_02,,,,,candidate_needs_flag_validation
overworld,E-4_Dynamic.xml,TBox_Field_Iron,-1923407071,2371560225,"-164.7555,225.0675,-1051.938",Obj_BombArrow_A_02,,,,,candidate_needs_flag_validation
overworld,E-4_Dynamic.xml,TBox_Field_Wood,-1864024453,2430942843,"-216.216,114.32,-1180.131",Obj_AncientArrow_A_01,,,,,candidate_needs_flag_validation
overworld,E-4_Dynamic.xml,TBox_Field_Stone,-1854146143,2440821153,"-200.5467,178.681,-686.5424",Obj_BombArrow_A_02,,,,,candidate_needs_flag_validation
overworld,E-4_Dynamic.xml,TBox_Field_Stone,-1851661213,2443306083,"-77.8306,133.1844,-1147.385",PutRupee_Silver,,,,,candidate_needs_flag_validation
overworld,E-4_Dynamic.xml,TBox_Field_Iron,-1823415790,2471551506,"-389.8125,155.5172,-917.9824",Obj_IceArrow_A_03,,,,,candidate_needs_flag_validation
overworld,E-4_Dynamic.xml,TBox_Field_Iron,-1789648675,2505318621,"-644.4761,113.5976,-606.0632",Weapon_Shield_003,,,,,candidate_needs_flag_validation
overworld,E-4_Dynamic.xml,TBox_Field_Stone,-1687884422,2607082874,"-0.3376465,130.148,-828.8731",Obj_FireArrow_A_03,,,,,candidate_needs_flag_validation
overworld,E-4_Dynamic.xml,TBox_Field_Stone,-1579532148,2715435148,"-359.2154,205.9816,-921.1996",Obj_AncientArrow_C_01,,,,,candidate_needs_flag_validation
overworld,E-4_Dynamic.xml,TBox_Field_Iron,-1553806867,2741160429,"-506.3103,104.5886,-797.1696",Obj_ElectricArrow_A_03,,,,,candidate_needs_flag_validation
overworld,E-4_Dynamic.xml,TBox_Field_Iron,-1412503566,2882463730,"-224.0098,104.7345,-1177.87",Item_Ore_J,,,,,candidate_needs_flag_validation
overworld,E-4_Dynamic.xml,TBox_Field_Stone,-1402564610,2892402686,"149,132.8805,-711",Obj_BombArrow_A_02,,,,,candidate_needs_flag_validation
overworld,E-4_Dynamic.xml,TBox_Field_Stone,-1346698066,2948269230,"-201.2114,208.7793,-692.5699",Obj_IceArrow_A_03,,,,,candidate_needs_flag_validation
overworld,E-4_Dynamic.xml,TBox_Field_Iron,-1295744293,2999223003,"-360.5,104.6153,-1168.5",Item_Ore_A,,,,,candidate_needs_flag_validation
overworld,E-4_Dynamic.xml,TBox_Field_Stone,-1247380224,3047587072,"-611,132.5805,-784",Obj_AncientArrow_A_01,,,,,candidate_needs_flag_validation
overworld,E-4_Dynamic.xml,TBox_Field_Stone,-1202179686,3092787610,"-140.3954,186.9901,-1123.926",Item_Ore_B,,,,,candidate_needs_flag_validation
overworld,E-4_Dynamic.xml,TBox_Field_Stone,-1089245121,3205722175,"-331.5,256.464,-1006.367",PutRupee_Silver,,,,,candidate_needs_flag_validation
overworld,E-4_Dynamic.xml,TBox_Field_Stone,-1037312312,3257654984,"-647,132.7805,-918.5",Weapon_Bow_035,,,,,candidate_needs_flag_validation
overworld,E-4_Dynamic.xml,TBox_Field_Stone,-959124242,3335843054,"-333,226.8793,-1086.867",Obj_IceArrow_A_03,,,,,candidate_needs_flag_validation
overworld,E-4_Dynamic.xml,TBox_Field_Stone,-834994620,3459972676,"-289.6414,193.5726,-1131.104",Obj_BombArrow_A_02,,,,,candidate_needs_flag_validation
overworld,E-4_Dynamic.xml,TBox_Field_Stone,-748749092,3546218204,"-45,209.5793,-823.867",Obj_FireArrow_A_03,,,,,candidate_needs_flag_validation
overworld,E-4_Dynamic.xml,TBox_Field_Stone,-706221118,3588746178,"142,136.8435,-462",Weapon_Shield_003,,,,,candidate_needs_flag_validation
overworld,E-4_Dynamic.xml,TBox_Field_Stone,-653467904,3641499392,"-441.9164,127.9796,-1018.113",Item_Ore_D,,,,,candidate_needs_flag_validation
overworld,E-4_Dynamic.xml,TBox_Field_Stone,-649991673,3644975623,"-31.00507,155.375,-876.9238",PutRupee_Gold,,,,,candidate_needs_flag_validation
overworld,E-4_Dynamic.xml,TBox_Field_Stone,-574894224,3720073072,"-69.55322,147.7127,-1098.124",Obj_BombArrow_A_02,,,,,candidate_needs_flag_validation
overworld,E-4_Dynamic.xml,TBox_Field_Stone,-535377152,3759590144,"-248.5,195.2793,-1197.367",Obj_FireArrow_A_03,,,,,candidate_needs_flag_validation
overworld,E-4_Dynamic.xml,TBox_Field_Stone,-459035727,3835931569,"-390.2547,166.0041,-837.0971",Weapon_Shield_018,,,,,candidate_needs_flag_validation
overworld,E-4_Dynamic.xml,TBox_Field_Wood,-450270297,3844696999,"-232.7117,114.32,-1178.436",Obj_ElectricArrow_A_03,,,,,candidate_needs_flag_validation
overworld,E-4_Dynamic.xml,TBox_Field_Stone,-390495745,3904471551,"-333,128.2951,-455.5",PutRupee_Purple,,,,,candidate_needs_flag_validation
overworld,E-4_Dynamic.xml,TBox_Field_Stone,-308411437,3986555859,"-449,191.5793,-1032.367",Obj_BombArrow_A_02,,,,,candidate_needs_flag_validation
overworld,E-4_Dynamic.xml,TBox_Field_Stone,-277936734,4017030562,"-98.5,280.7793,-931.367",Obj_ElectricArrow_A_03,,,,,candidate_needs_flag_validation
overworld,E-4_Dynamic.xml,TBox_Field_Iron,-272591379,4022375917,"-594.8194,125.5861,-510.0184",PutRupee_Silver,,,,,candidate_needs_flag_validation
overworld,E-4_Dynamic.xml,TBox_Field_Stone,-193758334,4101208962,"-408.9325,118.8907,-764.7653",Item_Ore_A,,,,,candidate_needs_flag_validation
overworld,E-4_Dynamic.xml,TBox_Field_Stone,-150621195,4144346101,"-314,130.3587,-323.5",PutRupee_Purple,,,,,candidate_needs_flag_validation
overworld,E-4_Dynamic.xml,TBox_Field_Stone,-93949812,4201017484,"-387.1787,195.5945,-999.7488",Weapon_Sword_034,,,,,candidate_needs_flag_validation
overworld,E-4_Static.xml,TBox_Field_Stone,231106372,231106372,"-666.0391,141.2216,-571.084",Obj_ElectricArrow_A_03,,,,,candidate_needs_flag_validation
overworld,E-4_Static.xml,TBox_Field_Iron_NoReaction_Aoc,406427291,406427291,"-245.8048,124.5645,-86.58313",Armor_171_Upper,Normal,,,,candidate_needs_flag_validation
overworld,E-4_Static.xml,TBox_Field_Stone,473877286,473877286,"-44.12128,132.2743,-406.3373",Item_Ore_F,,,,,candidate_needs_flag_validation
overworld,E-4_Static.xml,TBox_Field_Iron,628080506,628080506,"-501.5681,126.081,-1011.581",Weapon_Shield_030,,,,,candidate_needs_flag_validation
overworld,E-4_Static.xml,TBox_Field_Iron_NoReaction_Aoc,1584160939,1584160939,"-175.263,211.334,-889.6152",Armor_179_Upper,Normal,,,,candidate_needs_flag_validation
overworld,E-4_Static.xml,TBox_Field_Iron,1594216329,1594216329,"-347.0972,215.331,-836.8568",Obj_BombArrow_A_03,,,,,candidate_needs_flag_validation
overworld,E-4_Static.xml,TBox_Field_Wood,1613917961,1613917961,"-615.5,125.8516,-650",Weapon_Sword_047,Normal,,,,candidate_needs_flag_validation
overworld,E-4_Static.xml,TBox_Field_Iron,1752241026,1752241026,"-166.2916,239.041,-881.66",Obj_AncientArrow_C_01,,,,,candidate_needs_flag_validation
overworld,E-4_Static.xml,TBox_Field_Stone,1775504681,1775504681,"10.5,163.981,-914.9139",PutRupee_Silver,,,,,candidate_needs_flag_validation
overworld,E-4_Static.xml,TBox_Field_Iron_NoReaction_Aoc,-1902950225,2392017071,"-253.9818,336.0654,-1080.477",Armor_179_Head,Normal,,,,candidate_needs_flag_validation
overworld,E-4_Static.xml,TBox_Field_Iron_NoReaction_Aoc,-1284475913,3010491383,"-681.1472,119.7231,-813.1171",Armor_174_Upper,Normal,,,,candidate_needs_flag_validation
overworld,E-4_Static.xml,TBox_Field_Iron,-919780812,3375186484,"-602.5829,126.4868,-536.9681",Obj_BombArrow_A_02,,,,,candidate_needs_flag_validation
overworld,E-4_Static.xml,TBox_Field_Iron_NoReaction_Aoc,-540436225,3754531071,"-360.5761,182.4439,-855.3672",Armor_179_Lower,Normal,,,,candidate_needs_flag_validation
overworld,E-5_Dynamic.xml,TBox_Field_Stone,154457414,154457414,"-549.5,136.0177,584",Item_Ore_E,,,,,candidate_needs_flag_validation
overworld,E-5_Dynamic.xml,TBox_Field_Stone,468536599,468536599,"-608.5,136.4702,641",PutRupee_Silver,,,,,candidate_needs_flag_validation
overworld,E-5_Dynamic.xml,TBox_Field_Stone,820697865,820697865,"-20.5,132.5029,218",Obj_ArrowBundle_A_02,,,,,candidate_needs_flag_validation
overworld,E-5_Dynamic.xml,TBox_Field_Stone,865093810,865093810,"-578,129.3844,616",Weapon_Spear_037,,,,,candidate_needs_flag_validation
overworld,E-5_Dynamic.xml,TBox_Field_Stone,1780912248,1780912248,"-626.5,129.5926,560",Weapon_Sword_025,,,,,candidate_needs_flag_validation
overworld,E-5_Dynamic.xml,TBox_Field_Stone,1807902579,1807902579,"-18.49997,131.8025,193.5",Obj_IceArrow_A_02,,,,,candidate_needs_flag_validation
overworld,E-5_Dynamic.xml,TBox_Field_Stone,2074155839,2074155839,"-754.5,137.2153,816.5",Obj_ArrowBundle_A_02,,,,,candidate_needs_flag_validation
overworld,E-5_Dynamic.xml,TBox_Field_Stone,2088975630,2088975630,"-60,133.4153,148",PutRupee_Silver,,,,,candidate_needs_flag_validation
overworld,E-5_Dynamic.xml,TBox_Field_Iron,-2080178773,2214788523,"-768.5,131.4327,918.5",PutRupee_Purple,,,,,candidate_needs_flag_validation
overworld,E-5_Dynamic.xml,TBox_Field_Stone,-704426440,3590540856,"-615.5,131.5457,628.5",Weapon_Shield_002,,,,,candidate_needs_flag_validation
overworld,E-5_Dynamic.xml,TBox_Field_Stone,-165676121,4129291175,"-782.5,138.239,906",Weapon_Lsword_002,,,,,candidate_needs_flag_validation
overworld,E-5_Static.xml,TBox_Field_Iron_NoReaction_Aoc,135294763,135294763,"-744.0352,132.5766,890.1279",Armor_174_Head,Normal,,,,candidate_needs_flag_validation
overworld,E-5_Static.xml,TBox_Field_Iron_NoReaction_Aoc,1243080332,1243080332,"-507.268,129.9986,609.9507",Armor_171_Lower,Normal,,,,candidate_needs_flag_validation
overworld,E-5_Static.xml,TBox_Field_Wood,2086905331,2086905331,"-874.8641,141.0612,975.7544",Obj_ArrowBundle_A_01,,,,,candidate_needs_flag_validation
overworld,E-5_Static.xml,TBox_Field_Iron,-2018106643,2276860653,"-771.5,171.3306,300",Weapon_Lsword_003,Normal,,,,candidate_needs_flag_validation
overworld,E-5_Static.xml,TBox_Field_Iron_NoReaction_Aoc,-1917368517,2377598779,"-31.14999,129.9111,211.6171",Armor_174_Lower,Normal,,,,candidate_needs_flag_validation
overworld,E-6_Dynamic.xml,TBox_Field_Stone,141775228,141775228,"-21.81873,177.9352,1727.974",Item_Ore_C,,,,,candidate_needs_flag_validation
overworld,E-6_Dynamic.xml,TBox_Field_Wood,275527884,275527884,"-973,188.3,1616.8",Obj_BombArrow_A_03,Normal,,,,candidate_needs_flag_validation
overworld,E-6_Dynamic.xml,TBox_Field_Iron,305852247,305852247,"-544.4975,172.8965,1939.5",Item_Ore_F,,,,,candidate_needs_flag_validation
overworld,E-6_Dynamic.xml,TBox_Field_Stone,469170580,469170580,"-283.6854,148.4568,1535.802",Item_Ore_F,,,,,candidate_needs_flag_validation
overworld,E-6_Dynamic.xml,TBox_Field_Stone,471032154,471032154,"-98.96094,118.9561,1580.567",Obj_ArrowBundle_A_02,,,,,candidate_needs_flag_validation
overworld,E-6_Dynamic.xml,TBox_Field_Stone,946822747,946822747,"-832.4333,222.0004,1963.108",Weapon_Bow_001,,,,,candidate_needs_flag_validation
overworld,E-6_Dynamic.xml,TBox_Field_Wood,1004674500,1004674500,"-641.6918,128.1386,1419.531",Item_Ore_E,,,,,candidate_needs_flag_validation
overworld,E-6_Dynamic.xml,TBox_Field_Stone,1313140003,1313140003,"-736.3218,201.9522,1865.647",Armor_001_Lower,,,,,candidate_needs_flag_validation
overworld,E-6_Dynamic.xml,TBox_Field_Stone,1558154797,1558154797,"-239.2116,118.1842,1651.764",Weapon_Bow_001,,,,,candidate_needs_flag_validation
overworld,E-6_Dynamic.xml,TBox_Field_Iron,1650509316,1650509316,"-695.4507,168.3255,1524.118",Item_Ore_E,,,,,candidate_needs_flag_validation
overworld,E-6_Dynamic.xml,TBox_Field_Wood,1778606661,1778606661,"-284.2898,127.4372,1247.97",Item_Ore_E,,,,,candidate_needs_flag_validation
overworld,E-6_Dynamic.xml,TBox_Field_Wood,1832321748,1832321748,"-964.1,206.3,1609.9",Weapon_Bow_029,Normal,,,,candidate_needs_flag_validation
overworld,E-6_Dynamic.xml,TBox_Field_Stone,-1801573950,2493393346,"-569.2,127.2954,1455.5",Weapon_Shield_034,,,,,candidate_needs_flag_validation
overworld,E-6_Dynamic.xml,TBox_Field_Stone,-1566537959,2728429337,"-870,204.4,1934.5",Item_Ore_E,,,,,candidate_needs_flag_validation
overworld,E-6_Dynamic.xml,TBox_Field_Stone,-1231582053,3063385243,"-814.7328,263.5777,1964.884",Weapon_Bow_002,,,,,candidate_needs_flag_validation
overworld,E-6_Dynamic.xml,TBox_Field_Iron,-808625347,3486341949,"-278.1299,114.2291,1740.332",Item_Ore_F,,,,,candidate_needs_flag_validation
overworld,E-6_Dynamic.xml,TBox_Field_Iron,-687909141,3607058155,"-285.0428,157.09,1585.496",Obj_FireArrow_A_03,,,,,candidate_needs_flag_validation
overworld,E-6_Dynamic.xml,TBox_Field_Stone,-593325520,3701641776,"-177.3808,113.2703,1684.879",PutRupee_Red,,,,,candidate_needs_flag_validation
overworld,E-6_Dynamic.xml,TBox_Field_Iron,-548420401,3746546895,"-684.4102,168.8497,1536.429",Item_Ore_F,,,,,candidate_needs_flag_validation
overworld,E-6_Dynamic.xml,TBox_Field_Iron,-498790477,3796176819,"-664.9649,124.0047,1142.328",Item_Ore_F,,,,,candidate_needs_flag_validation
overworld,E-6_Static.xml,TBox_Field_Stone,206270111,206270111,"-73.31247,124.6343,1047.533",PutRupee_Purple,,,,,candidate_needs_flag_validation
overworld,E-6_Static.xml,TBox_Field_Iron_NoReaction_Aoc,473644037,473644037,"-671.6528,171.7899,1522.609",Item_Ore_B,Normal,,,,candidate_needs_flag_validation
overworld,E-6_Static.xml,TBox_Field_Wood,547751767,547751767,"-348.7958,125.0416,1575.438",Obj_ArrowBundle_A_02,,,,,candidate_needs_flag_validation
overworld,E-6_Static.xml,TBox_Field_Iron_NoReaction_Aoc,1305595304,1305595304,"-448.1897,136.2118,1281.964",Armor_172_Head,Normal,,,,candidate_needs_flag_validation
overworld,E-6_Static.xml,TBox_Field_Enemy,1649297148,1649297148,"-127.1583,134.2395,1167.488",Weapon_Lsword_002,,,,,candidate_needs_flag_validation
overworld,E-6_Static.xml,TBox_Field_Stone,2029054705,2029054705,"-775.9425,174.8021,1561.833",Obj_IceArrow_A_03,,,,,candidate_needs_flag_validation
overworld,E-6_Static.xml,TBox_Field_Wood,2056288946,2056288946,"-613.4,162.9,1563",Weapon_Sword_002,Normal,,,,candidate_needs_flag_validation
overworld,E-6_Static.xml,TBox_Field_Enemy,-1799564336,2495402960,"-567.4766,178.1489,1581.522",Weapon_Sword_001,,,,,candidate_needs_flag_validation
overworld,E-6_Static.xml,TBox_Field_Enemy,-1473951002,2821016294,"-972.2294,192.9727,1572.162",Item_Ore_E,,,,,candidate_needs_flag_validation
overworld,E-6_Static.xml,TBox_Field_Enemy,-827535352,3467431944,"-621.7085,176.304,1924.884",Obj_FireArrow_A_03,,,,,candidate_needs_flag_validation
overworld,E-6_Static.xml,TBox_Field_Stone,-503727285,3791240011,"-774.8547,174.8021,1558.654",Obj_FireArrow_A_03,,,,,candidate_needs_flag_validation
overworld,E-6_Static.xml,TBox_Field_Wood,-453710063,3841257233,"-383.5,192.5727,1758.5",Weapon_Sword_003,Normal,,,,candidate_needs_flag_validation
overworld,E-6_Static.xml,TBox_Field_Iron_NoReaction_Aoc,-201750100,4093217196,"-468.5715,183.2425,2007.5",Armor_170_Upper,Normal,,,,candidate_needs_flag_validation
overworld,E-7_Dynamic.xml,TBox_Field_Wood,104119229,104119229,"-397.991,89.36839,2902.485",Obj_ElectricArrow_A_03,,,,,candidate_needs_flag_validation
overworld,E-7_Dynamic.xml,TBox_Field_Wood,748914894,748914894,"-778.5,196.2478,2125",Obj_ArrowBundle_A_02,Normal,,,,candidate_needs_flag_validation
overworld,E-7_Dynamic.xml,TBox_Field_Iron,1053938972,1053938972,"-51.79928,84.72823,2502.242",Weapon_Sword_002,,,,,candidate_needs_flag_validation
overworld,E-7_Dynamic.xml,TBox_Field_Stone,1057130287,1057130287,"-916,126,2264",Item_Ore_F,,,,,candidate_needs_flag_validation
overworld,E-7_Dynamic.xml,TBox_Field_Stone,1225298978,1225298978,"-67.25754,103.0707,2438.983",Obj_ElectricArrow_A_03,,,,,candidate_needs_flag_validation
overworld,E-7_Dynamic.xml,TBox_Field_Stone,1351790075,1351790075,"-29.3118,131.0145,2501.994",Obj_ArrowBundle_A_01,,,,,candidate_needs_flag_validation
overworld,E-7_Dynamic.xml,TBox_Field_Iron,1438333699,1438333699,"-472.5127,85.28716,2195.216",Item_Ore_E,,,,,candidate_needs_flag_validation
overworld,E-7_Dynamic.xml,TBox_Field_Iron,1721250700,1721250700,"-205.9117,80.4108,2342.21",PutRupee_Purple,,,,,candidate_needs_flag_validation
overworld,E-7_Dynamic.xml,TBox_Field_Iron,1757302122,1757302122,"-971.0026,190.1919,2343.177",Obj_FireArrow_A_03,,,,,candidate_needs_flag_validation
overworld,E-7_Dynamic.xml,TBox_Field_Stone,1795422602,1795422602,"-11.60397,103.1021,2587.828",Weapon_Bow_029,,,,,candidate_needs_flag_validation
overworld,E-7_Dynamic.xml,TBox_Field_Iron,1900840968,1900840968,"-52.43457,196.0874,2933.316",Item_Ore_E,,,,,candidate_needs_flag_validation
overworld,E-7_Dynamic.xml,TBox_Field_Wood,-1904026760,2390940536,"-19.32455,208.2837,2982.66",Weapon_Spear_002,,,,,candidate_needs_flag_validation
overworld,E-7_Dynamic.xml,TBox_Field_Wood,-1802424558,2492542738,"9.350163,197.0113,2955.677",Obj_ArrowBundle_A_02,,,,,candidate_needs_flag_validation
overworld,E-7_Dynamic.xml,TBox_Field_Iron,-1747221695,2547745601,"-41.12806,84.73161,2508.948",Weapon_Lsword_055,,,,,candidate_needs_flag_validation
overworld,E-7_Dynamic.xml,TBox_Field_Iron,-1622294295,2672673001,"-485.7112,86.85892,2616.061",Weapon_Spear_003,,,,,candidate_needs_flag_validation
overworld,E-7_Dynamic.xml,TBox_Field_Iron,-1509173611,2785793685,"-231.1665,84.11829,2630.122",Weapon_Bow_029,,,,,candidate_needs_flag_validation
overworld,E-7_Dynamic.xml,TBox_Field_Stone,-1496815284,2798152012,"-713,190.8822,2311",Obj_BombArrow_A_02,,,,,candidate_needs_flag_validation
overworld,E-7_Dynamic.xml,TBox_Field_Iron,-1440845945,2854121351,"-39.55307,196.3795,2910.854",Obj_ArrowBundle_A_02,,,,,candidate_needs_flag_validation
overworld,E-7_Dynamic.xml,TBox_Field_Iron,-1333756646,2961210650,"-42.80487,145.6172,2522.338",Weapon_Spear_027,,,,,candidate_needs_flag_validation
overworld,E-7_Dynamic.xml,TBox_Field_Iron,-985772129,3309195167,"-37.37757,84.72742,2517.809",Obj_ElectricArrow_A_03,,,,,candidate_needs_flag_validation
overworld,E-7_Dynamic.xml,TBox_Field_Iron,-959684752,3335282544,"-317.4819,94.45412,2498.059",PutRupee_Purple,,,,,candidate_needs_flag_validation
overworld,E-7_Dynamic.xml,TBox_Field_Iron,-828874546,3466092750,"-372.0942,94.46928,2692.347",PutRupee_Purple,,,,,candidate_needs_flag_validation
overworld,E-7_Dynamic.xml,TBox_Field_Iron,-803574302,3491392994,"-452.5995,73.36292,2228.587",Obj_IceArrow_A_03,,,,,candidate_needs_flag_validation
overworld,E-7_Dynamic.xml,TBox_Field_Wood,-532163414,3762803882,"-413.2892,89.36839,2888.81",Obj_ArrowBundle_A_02,,,,,candidate_needs_flag_validation
overworld,E-7_Dynamic.xml,TBox_Field_Iron,-522414338,3772552958,"-255.1862,79.98022,2319.748",Obj_ElectricArrow_A_03,,,,,candidate_needs_flag_validation
overworld,E-7_Dynamic.xml,TBox_Field_Iron,-411267216,3883700080,"-492.9799,79.96452,2218.013",Item_Ore_F,,,,,candidate_needs_flag_validation
overworld,E-7_Dynamic.xml,TBox_Field_Stone,-338925433,3956041863,"-48.55008,131.0145,2525.53",Obj_ArrowBundle_A_01,,,,,candidate_needs_flag_validation
overworld,E-7_Dynamic.xml,TBox_Field_Iron,-316066524,3978900772,"-69.29343,178.0037,2892.802",Weapon_Sword_051,,,,,candidate_needs_flag_validation
overworld,E-7_Dynamic.xml,TBox_Field_Wood,-202688801,4092278495,"-389.4506,89.3684,2890.737",Weapon_Spear_038,,,,,candidate_needs_flag_validation
overworld,E-7_Dynamic.xml,TBox_Field_Iron,-146259732,4148707564,"-229.4608,79.78996,2529.292",Obj_ElectricArrow_A_03,,,,,candidate_needs_flag_validation
overworld,E-7_Static.xml,TBox_Field_Stone,950861039,950861039,"-931.28,179.28,2206.72",Obj_BombArrow_A_02,,,,,candidate_needs_flag_validation
overworld,E-7_Static.xml,TBox_Field_Iron,-2124714054,2170253242,"-76.63916,157.5372,2383.042",Weapon_Spear_003,Normal,,,,candidate_needs_flag_validation
overworld,E-7_Static.xml,TBox_Field_Enemy,-1193927459,3101039837,"-886.4996,184.3064,2222.856",Weapon_Spear_030,,,,,candidate_needs_flag_validation
overworld,E-7_Static.xml,TBox_Field_Iron_NoReaction_Collabo,-579257727,3715709569,"126.0303,92.64844,2710.938",Armor_185_Head,Normal,,,,candidate_needs_flag_validation
overworld,E-7_Static.xml,TBox_Field_Stone,-477962676,3817004620,"-942.1,272.9993,2327.7",Weapon_Bow_001,,,,,candidate_needs_flag_validation
overworld,E-7_Static.xml,TBox_Field_Wood,-436138381,3858828915,"-180.8474,144.7453,2193.16",Obj_IceArrow_A_03,,,,,candidate_needs_flag_validation
overworld,E-7_Static.xml,TBox_Field_Stone,-153429815,4141537481,"-786,193.5223,2255.5",Armor_044_Upper,,,,,candidate_needs_flag_validation
overworld,E-8_Dynamic.xml,TBox_Field_Wood,293873791,293873791,"-63.26459,107.6374,3891.517",Obj_ElectricArrow_A_03,,,,,candidate_needs_flag_validation
overworld,E-8_Dynamic.xml,TBox_Field_Wood,298151136,298151136,"-139.7337,105.2622,3859.569",PutRupee_Silver,,,,,candidate_needs_flag_validation
overworld,E-8_Dynamic.xml,TBox_Field_Iron,441938591,441938591,"-111.0227,101.714,3873.309",PutRupee_Purple,,,,,candidate_needs_flag_validation
overworld,E-8_Dynamic.xml,TBox_Field_Iron,536499972,536499972,"-31.81836,105.1537,3612.397",Item_Ore_E,,,,,candidate_needs_flag_validation
overworld,E-8_Dynamic.xml,TBox_Field_Iron,789522239,789522239,"-244.6604,104.6549,3906.618",Weapon_Shield_002,,,,,candidate_needs_flag_validation
overworld,E-8_Dynamic.xml,TBox_Field_Iron,1469049575,1469049575,"-56.3652,106.4659,3558.745",PutRupee_Purple,,,,,candidate_needs_flag_validation
overworld,E-8_Dynamic.xml,TBox_Field_Iron,1833976329,1833976329,"-133.1645,102.4893,3404.19",PutRupee_Gold,,,,,candidate_needs_flag_validation
overworld,E-8_Dynamic.xml,TBox_Field_Iron,-1953981372,2340985924,"-379.8072,127.7266,3567.26",Obj_BombArrow_A_02,,,,,candidate_needs_flag_validation
overworld,E-8_Dynamic.xml,TBox_Field_Wood,-1869248111,2425719185,"-182.603,105.2622,3856.734",Item_Ore_E,,,,,candidate_needs_flag_validation
overworld,E-8_Static.xml,TBox_Field_Stone,-1546321777,2748645519,"-933.8246,242.0029,3459.44",PutRupee_Silver,,,,,candidate_needs_flag_validation
overworld,E-8_Static.xml,TBox_Field_Iron_NoReaction_Aoc,-1452078952,2842888344,"-164.3279,97.54435,3078.888",Armor_175_Upper,Normal,,,,candidate_needs_flag_validation
overworld,E-8_Static.xml,TBox_Field_Wood,-1163963442,3131003854,"-391.8336,150.2449,3138.379",Weapon_Shield_032,,,,,candidate_needs_flag_validation
overworld,E-8_Static.xml,TBox_Field_Stone,-1072378555,3222588741,"-897.864,208.5044,3481.938",Weapon_Spear_029,,,,,candidate_needs_flag_validation
overworld,F-1_Dynamic.xml,TBox_Field_Stone,636489135,636489135,"346.6,279.6191,-3069.1",Item_Ore_F,,,,,candidate_needs_flag_validation
overworld,F-1_Dynamic.xml,TBox_Field_Stone,793944584,793944584,"262.4866,285.44,-3064.311",Item_Ore_F,,,,,candidate_needs_flag_validation
overworld,F-1_Dynamic.xml,TBox_Field_Stone,1761515063,1761515063,"174.4664,282.4104,-3035.218",Item_Ore_B,,,,,candidate_needs_flag_validation
overworld,F-1_Dynamic.xml,TBox_Field_Stone,2005265140,2005265140,"271,283.8845,-3054.1",Item_Ore_J,,,,,candidate_needs_flag_validation
overworld,F-1_Dynamic.xml,TBox_Field_Stone,-1959574606,2335392690,"411.3,286.297,-3162.4",Item_Ore_E,,,,,candidate_needs_flag_validation
overworld,F-1_Dynamic.xml,TBox_Field_Stone,-1517075919,2777891377,"247.5,280.1,-3120.9",Item_Ore_E,,,,,candidate_needs_flag_validation
overworld,F-1_Dynamic.xml,TBox_Field_Stone,-822489454,3472477842,"448.1396,292.1676,-3020.073",Item_Ore_F,,,,,candidate_needs_flag_validation
overworld,F-1_Dynamic.xml,TBox_Field_Stone,-802826193,3492141103,"217.1,280.2,-3207.3",Item_Ore_E,,,,,candidate_needs_flag_validation
overworld,F-1_Static.xml,TBox_Field_Iron,534660948,534660948,"655.9249,360.3487,-3250.982",Item_Ore_C,,,,,candidate_needs_flag_validation
overworld,F-1_Static.xml,TBox_Field_Iron,1530743282,1530743282,"626.4575,360.3913,-3238.932",Item_Ore_B,,,,,candidate_needs_flag_validation
overworld,F-2_Dynamic.xml,TBox_Field_Wood,53105567,53105567,"804.0025,282.9722,-2339.694",PutRupee_Silver,,,,,candidate_needs_flag_validation
overworld,F-2_Dynamic.xml,TBox_Field_Wood,1973681754,1973681754,"687.4034,287.9903,-2328.602",Weapon_Shield_023,,,,,candidate_needs_flag_validation
overworld,F-2_Dynamic.xml,TBox_Field_Wood,-934224324,3360742972,"799.0715,281.5593,-2310.648",Weapon_Sword_025,,,,,candidate_needs_flag_validation
overworld,F-3_Dynamic.xml,TBox_Field_Iron,64882599,64882599,"794.0808,214.6886,-1514.082",Item_Ore_J,,,,,candidate_needs_flag_validation
overworld,F-3_Dynamic.xml,TBox_Field_Iron,372261438,372261438,"689.834,151.7793,-1283.734",Weapon_Sword_050,,,,,candidate_needs_flag_validation
overworld,F-3_Dynamic.xml,TBox_Field_Stone,406185851,406185851,"728.4274,283,-1935.024",Weapon_Spear_025,,,,,candidate_needs_flag_validation
overworld,F-3_Dynamic.xml,TBox_Field_Iron,662706173,662706173,"777.2364,253.586,-1531.62",Obj_IceArrow_A_03,,,,,candidate_needs_flag_validation
overworld,F-3_Dynamic.xml,TBox_Field_Wood,956481320,956481320,"958.5221,253.2248,-1496.432",Weapon_Bow_002,,,,,candidate_needs_flag_validation
overworld,F-3_Dynamic.xml,TBox_Field_Wood,1319867852,1319867852,"963.3965,253.7552,-1504.707",Obj_BombArrow_A_02,,,,,candidate_needs_flag_validation
overworld,F-3_Dynamic.xml,TBox_Field_Stone,1420026614,1420026614,"770.0153,192.9821,-1415.363",PutRupee_Silver,,,,,candidate_needs_flag_validation
overworld,F-3_Dynamic.xml,TBox_Field_Stone,1596209266,1596209266,"952.5,277.8263,-1650.1",Item_Ore_B,,,,,candidate_needs_flag_validation
overworld,F-3_Dynamic.xml,TBox_Field_Stone,1669353966,1669353966,"609.4707,281.8528,-1947.191",Obj_ArrowBundle_A_01,,,,,candidate_needs_flag_validation
overworld,F-3_Dynamic.xml,TBox_Field_Wood,1782046241,1782046241,"961.0706,118.6864,-1022.867",Obj_ElectricArrow_A_03,,,,,candidate_needs_flag_validation
overworld,F-3_Dynamic.xml,TBox_Field_Wood,1866611099,1866611099,"934.7509,261.6455,-1607.599",Item_Ore_C,,,,,candidate_needs_flag_validation
overworld,F-3_Dynamic.xml,TBox_Field_Iron,1893983190,1893983190,"962.8559,256.439,-1559.336",Obj_IceArrow_A_03,,,,,candidate_needs_flag_validation
overworld,F-3_Dynamic.xml,TBox_Field_Iron,2137637124,2137637124,"949.1437,255.5587,-1681.636",Obj_ElectricArrow_A_03,,,,,candidate_needs_flag_validation
overworld,F-3_Dynamic.xml,TBox_Field_Iron,-2124901554,2170065742,"868.2419,192.3939,-1436.257",Item_Ore_D,,,,,candidate_needs_flag_validation
overworld,F-3_Dynamic.xml,TBox_Field_Stone,-2106027271,2188940025,"116.0835,128.5455,-1012.625",Weapon_Bow_029,,,,,candidate_needs_flag_validation
overworld,F-3_Dynamic.xml,TBox_Field_Iron,-1734005952,2560961344,"398.1777,115.2804,-1174.198",PutRupee_Silver,,,,,candidate_needs_flag_validation
overworld,F-3_Dynamic.xml,TBox_Field_Iron,-1211307036,3083660260,"976.6968,120.3703,-1012.582",Weapon_Sword_050,,,,,candidate_needs_flag_validation
overworld,F-3_Dynamic.xml,TBox_Field_Iron,-1150711905,3144255391,"529.9995,107.7486,-1151.496",PutRupee_Silver,,,,,candidate_needs_flag_validation
overworld,F-3_Dynamic.xml,TBox_Field_Stone,-1110740138,3184227158,"901.7322,193.0319,-1398.291",Item_Ore_C,,,,,candidate_needs_flag_validation
overworld,F-3_Dynamic.xml,TBox_Field_Stone,-911458909,3383508387,"973.8,273.4471,-1625.4",PutRupee_Silver,,,,,candidate_needs_flag_validation
overworld,F-3_Dynamic.xml,TBox_Field_Stone,-260239551,4034727745,"668.1629,282.8567,-1861.895",Item_Ore_E,,,,,candidate_needs_flag_validation
overworld,F-3_Dynamic.xml,TBox_Field_Iron,-223980837,4070986459,"784.7372,214.6963,-1564.989",Weapon_Bow_002,,,,,candidate_needs_flag_validation
overworld,F-3_Dynamic.xml,TBox_Field_Iron,-211032712,4083934584,"828.4927,107.5459,-1128.987",Obj_IceArrow_A_03,,,,,candidate_needs_flag_validation
overworld,F-3_Dynamic.xml,TBox_Field_Iron,-64072087,4230895209,"195.8087,146.3987,-1010.312",Obj_ElectricArrow_A_03,,,,,candidate_needs_flag_validation
overworld,F-3_Dynamic.xml,TBox_Field_Stone,-25814652,4269152644,"866.7975,266.2589,-1626.648",Obj_BombArrow_A_02,,,,,candidate_needs_flag_validation
overworld,F-3_Dynamic.xml,TBox_Field_Stone,-25088570,4269878726,"857.8761,192.5849,-1435.42",Weapon_Lsword_051,,,,,candidate_needs_flag_validation
overworld,F-3_Static.xml,TBox_Field_Iron_GodTree,111780462,111780462,"63.90002,282.7218,-1907.8",Item_Ore_F,Normal,,,,candidate_needs_flag_validation
overworld,F-3_Static.xml,TBox_Field_Iron,328352811,328352811,"366.4407,128.131,-1165.957",Weapon_Bow_033,Normal,,,,candidate_needs_flag_validation
overworld,F-3_Static.xml,TBox_Field_Iron_GodTree,-1626568109,2668399187,"72.29999,282.4,-1861.1",Item_Ore_F,Normal,,,,candidate_needs_flag_validation
overworld,F-3_Static.xml,TBox_Field_Enemy,-785778934,3509188362,"913.8428,127.3441,-1219.115",Item_Ore_D,,,,,candidate_needs_flag_validation
overworld,F-3_Static.xml,TBox_Field_Iron_NoReaction_Aoc,-171527427,4123439869,"721.6911,280.2195,-1847.741",Armor_176_Head,Normal,,,,candidate_needs_flag_validation
overworld,F-4_Dynamic.xml,TBox_Field_Wood,494258676,494258676,"387.4443,115.1848,-699.8818",PutRupee_Purple,,,,,candidate_needs_flag_validation
overworld,F-4_Dynamic.xml,TBox_Field_Iron,537942608,537942608,"335.9981,108.2867,-676.5029",Obj_FireArrow_A_03,,,,,candidate_needs_flag_validation
overworld,F-4_Dynamic.xml,TBox_Field_Wood,1042555180,1042555180,"760.2729,180.6226,-754.8044",Obj_FireArrow_A_03,,,,,candidate_needs_flag_validation
overworld,F-4_Dynamic.xml,TBox_Field_Iron,-2035370468,2259596828,"462.9997,109.3624,-537.5088",Weapon_Lsword_002,,,,,candidate_needs_flag_validation
overworld,F-4_Dynamic.xml,TBox_Field_Iron,-1879414430,2415552866,"702.7317,114.3404,-85.1105",PutRupee_Purple,,,,,candidate_needs_flag_validation
overworld,F-4_Dynamic.xml,TBox_Field_Iron,-1752479644,2542487652,"333.393,111.4297,-756.4221",Weapon_Shield_002,,,,,candidate_needs_flag_validation
overworld,F-4_Dynamic.xml,TBox_Field_Wood,-1563274135,2731693161,"656.305,191.5968,-869.9039",Item_Ore_B,,,,,candidate_needs_flag_validation
overworld,F-4_Dynamic.xml,TBox_Field_Iron,-1187194443,3107772853,"402.6977,109.9493,-583.7825",PutRupee_Purple,,,,,candidate_needs_flag_validation
overworld,F-4_Dynamic.xml,TBox_Field_Wood,-984196025,3310771271,"665.5897,181.6277,-753.412",Obj_BombArrow_A_02,,,,,candidate_needs_flag_validation
overworld,F-4_Dynamic.xml,TBox_Field_Iron,-834934493,3460032803,"554.6427,109.3561,-493.2062",Item_Ore_E,,,,,candidate_needs_flag_validation
overworld,F-4_Dynamic.xml,TBox_Field_Iron,-251160089,4043807207,"907.3855,148.024,-253.39",Obj_FireArrow_A_03,,,,,candidate_needs_flag_validation
overworld,F-4_Static.xml,TBox_Field_Iron,-1522447425,2772519871,"491.8374,139.574,-508.2245",Weapon_Spear_047,Normal,,,,candidate_needs_flag_validation
overworld,F-4_Static.xml,TBox_Field_Iron,-767132887,3527834409,"249.8745,127.6789,-709.3244",Weapon_Shield_033,Normal,,,,candidate_needs_flag_validation
overworld,F-5_Dynamic.xml,TBox_Field_Stone,13508045,13508045,"893.2,180.8092,37.89999",Item_Ore_E,,,,,candidate_needs_flag_validation
overworld,F-5_Dynamic.xml,TBox_Field_Iron,485240907,485240907,"691.8853,140.6489,632.5945",Weapon_Sword_002,,,,,candidate_needs_flag_validation
overworld,F-5_Dynamic.xml,TBox_Field_Stone,1491795805,1491795805,"553,173.5406,166",Weapon_Lsword_051,,,,,candidate_needs_flag_validation
overworld,F-5_Dynamic.xml,TBox_Field_Iron,-795392464,3499574832,"802.4107,112.7107,815.2936",PutRupee_Purple,,,,,candidate_needs_flag_validation
overworld,F-5_Dynamic.xml,TBox_Field_Wood,-671131708,3623835588,"578.6989,176.2934,563.6695",PutRupee_Silver,,,,,candidate_needs_flag_validation
overworld,F-5_Static.xml,TBox_Field_Wood,974581977,974581977,"978.5,149.2813,968.5",Weapon_Spear_030,Normal,,,,candidate_needs_flag_validation
overworld,F-5_Static.xml,TBox_Field_Iron,-1575948475,2719018821,"679.5821,118.9253,995.676",Weapon_Spear_037,Normal,,,,candidate_needs_flag_validation
overworld,F-5_Static.xml,TBox_Field_Iron_NoReaction,-1462561810,2832405486,"924.9359,139.8022,274.549",Item_Ore_E,,,,,candidate_needs_flag_validation
overworld,F-5_Static.xml,TBox_Field_Iron,-1336881195,2958086101,"826.6416,112.7967,123.6074",Weapon_Sword_003,,,,,candidate_needs_flag_validation
overworld,F-5_Static.xml,TBox_Field_Iron,-719855661,3575111635,"810.478,147.79,-18.62695",Weapon_Lsword_030,Normal,,,,candidate_needs_flag_validation
overworld,F-6_Dynamic.xml,TBox_Field_Wood,26843095,26843095,"382.2258,114.3688,1141.474",Item_Ore_F,,,,,candidate_needs_flag_validation
overworld,F-6_Dynamic.xml,TBox_Field_Iron,300311671,300311671,"810.3166,112.3244,1640.545",Item_Ore_E,,,,,candidate_needs_flag_validation
overworld,F-6_Dynamic.xml,TBox_Field_Iron,334717340,334717340,"887.4276,113.1025,1612.713",Item_Ore_F,,,,,candidate_needs_flag_validation
overworld,F-6_Dynamic.xml,TBox_Field_Iron,472254805,472254805,"424.1682,113.908,1930.785",Weapon_Sword_041,,,,,candidate_needs_flag_validation
overworld,F-6_Dynamic.xml,TBox_Field_Iron,484706126,484706126,"992.1104,115.0622,1356.417",Item_Ore_F,,,,,candidate_needs_flag_validation
overworld,F-6_Dynamic.xml,TBox_Field_Iron,599487442,599487442,"319.7581,114.642,1481.574",Weapon_Sword_051,,,,,candidate_needs_flag_validation
overworld,F-6_Dynamic.xml,TBox_Field_Iron,657698018,657698018,"332.7559,108.3232,1242.694",Item_Ore_F,,,,,candidate_needs_flag_validation
overworld,F-6_Dynamic.xml,TBox_Field_Iron,982603570,982603570,"790.5684,114.6894,1989.331",Item_Ore_E,,,,,candidate_needs_flag_validation
overworld,F-6_Dynamic.xml,TBox_Field_Stone,1253947834,1253947834,"816.6162,117.7352,1694.336",Weapon_Lsword_056,,,,,candidate_needs_flag_validation
overworld,F-6_Dynamic.xml,TBox_Field_Iron,1496117456,1496117456,"428.5461,110.7887,1132.69",Obj_FireArrow_A_03,,,,,candidate_needs_flag_validation
overworld,F-6_Dynamic.xml,TBox_Field_Iron,1867978954,1867978954,"941.8044,112.3016,1563.995",Item_Ore_F,,,,,candidate_needs_flag_validation
overworld,F-6_Dynamic.xml,TBox_Field_Wood,1930979206,1930979206,"265.9474,115.0472,1650.819",Item_Ore_E,,,,,candidate_needs_flag_validation
overworld,F-6_Dynamic.xml,TBox_Field_Wood,2019636385,2019636385,"928.1447,128.7124,1993.588",Item_Ore_E,,,,,candidate_needs_flag_validation
overworld,F-6_Dynamic.xml,TBox_Field_Stone,2070850062,2070850062,"543.257,152.5479,1263.328",Obj_BombArrow_A_02,,,,,candidate_needs_flag_validation
overworld,F-6_Dynamic.xml,TBox_Field_Iron,-1997589043,2297378253,"909.3378,107.8285,1717.047",PutRupee_Purple,,,,,candidate_needs_flag_validation
overworld,F-6_Dynamic.xml,TBox_Field_Wood,-1863528504,2431438792,"282.1468,114.3693,1355.948",Obj_ElectricArrow_A_03,,,,,candidate_needs_flag_validation
overworld,F-6_Dynamic.xml,TBox_Field_Iron,-1662731845,2632235451,"831.1492,113.0824,1640.53",Weapon_Bow_002,,,,,candidate_needs_flag_validation
overworld,F-6_Dynamic.xml,TBox_Field_Iron,-1355352184,2939615112,"191.5808,110.0739,1603.188",PutRupee_Purple,,,,,candidate_needs_flag_validation
overworld,F-6_Dynamic.xml,TBox_Field_Iron,-1330276103,2964691193,"307.1972,116.0082,1952.34",Weapon_Bow_029,,,,,candidate_needs_flag_validation
overworld,F-6_Dynamic.xml,TBox_Field_Iron,-1225679413,3069287883,"869.8218,113.0664,1625.157",Weapon_Spear_002,,,,,candidate_needs_flag_validation
overworld,F-6_Dynamic.xml,TBox_Field_Iron,-1112930002,3182037294,"278.9559,110.6709,1404.519",Weapon_Sword_001,,,,,candidate_needs_flag_validation
overworld,F-6_Dynamic.xml,TBox_Field_Stone,-1072910322,3222056974,"48.7179,118.8368,1554.27",Weapon_Bow_001,,,,,candidate_needs_flag_validation
overworld,F-6_Dynamic.xml,TBox_Field_Stone,-1023961227,3271006069,"679.3651,162.9445,1886.073",PutRupee_Silver,,,,,candidate_needs_flag_validation
overworld,F-6_Dynamic.xml,TBox_Field_Iron,-903596309,3391370987,"328.1884,112.2142,1295.781",Item_Ore_E,,,,,candidate_needs_flag_validation
overworld,F-6_Dynamic.xml,TBox_Field_Wood,-897581065,3397386231,"312.5783,114.3693,1529.753",Item_Ore_F,,,,,candidate_needs_flag_validation
overworld,F-6_Dynamic.xml,TBox_Field_Iron,-494991428,3799975868,"392.9391,110.7775,1175.785",PutRupee_Purple,,,,,candidate_needs_flag_validation
overworld,F-6_Dynamic.xml,TBox_Field_Iron,-357795929,3937171367,"994.8774,115.2222,1358.413",Item_Ore_F,,,,,candidate_needs_flag_validation
overworld,F-6_Dynamic.xml,TBox_Field_Wood,-50689895,4244277401,"165.5161,114.3571,1643.467",PutRupee_Purple,,,,,candidate_needs_flag_validation
overworld,F-6_Dynamic.xml,TBox_Field_Iron,-1571493,4293395803,"856.3882,113.6751,1782.615",Item_Ore_F,,,,,candidate_needs_flag_validation
overworld,F-6_Dynamic.xml,TBox_Field_Iron,-1562395,4293404901,"503.1412,110.6949,1090.049",Item_Ore_F,,,,,candidate_needs_flag_validation
overworld,F-6_Static.xml,TBox_Field_Stone,181265501,181265501,"469.4581,115.0832,1954.549",PutRupee_Purple,,,,,candidate_needs_flag_validation
overworld,F-6_Static.xml,TBox_Field_Enemy,290764376,290764376,"207.5323,120.5406,1508.704",Weapon_Bow_002,,,,,candidate_needs_flag_validation
overworld,F-6_Static.xml,TBox_Field_Iron,562547623,562547623,"122,149,1586.3",Weapon_Lsword_031,Normal,,,,candidate_needs_flag_validation
overworld,F-6_Static.xml,TBox_Field_Stone,634727440,634727440,"599.0367,114.3573,1706.609",Item_Ore_E,,,,,candidate_needs_flag_validation
overworld,F-6_Static.xml,TBox_Field_Wood,652873662,652873662,"1107.099,142.5215,1833.333",Weapon_Shield_041,Normal,,,,candidate_needs_flag_validation
overworld,F-6_Static.xml,TBox_Field_Stone,1254156027,1254156027,"399.4975,114.4671,1876.072",Item_Ore_E,,,,,candidate_needs_flag_validation
overworld,F-6_Static.xml,TBox_Field_Stone,1468292364,1468292364,"257.8414,114.567,1938.588",PutRupee_Purple,,,,,candidate_needs_flag_validation
overworld,F-6_Static.xml,TBox_Field_Iron,-2079405840,2215561456,"268.6,115.2,1636.2",Weapon_Shield_002,Normal,,,,candidate_needs_flag_validation
overworld,F-6_Static.xml,TBox_Field_Enemy,-2007111710,2287855586,"505.8133,120.0896,1574.328",Item_Ore_E,,,,,candidate_needs_flag_validation
overworld,F-6_Static.xml,TBox_Field_Stone,-1438291674,2856675622,"118.515,118.8278,1500.479",Item_Ore_E,,,,,candidate_needs_flag_validation
overworld,F-6_Static.xml,TBox_Field_Iron,-1321675210,2973292086,"319.7787,128.139,1292.519",Weapon_Bow_035,Normal,,,,candidate_needs_flag_validation
overworld,F-6_Static.xml,TBox_Field_Enemy,-1168703086,3126264210,"743.3323,120.4107,1775.344",Weapon_Shield_002,,,,,candidate_needs_flag_validation
overworld,F-6_Static.xml,TBox_Field_Wood,-377691645,3917275651,"507.892,123.3551,1257.549",Weapon_Bow_001,,,,,candidate_needs_flag_validation
overworld,F-6_Static.xml,TBox_Field_Stone,-125451966,4169515330,"590.4457,126.0141,1468.156",PutRupee_Purple,,,,,candidate_needs_flag_validation
overworld,F-6_Static.xml,TBox_Field_Enemy,-10823820,4284143476,"236.1321,121.5299,1314.917",Item_Ore_E,,,,,candidate_needs_flag_validation
overworld,F-7_Dynamic.xml,TBox_Field_Iron,139569725,139569725,"777.3982,109.492,2760.726",PutRupee_Purple,,,,,candidate_needs_flag_validation
overworld,F-7_Dynamic.xml,TBox_Field_Iron,164330944,164330944,"45.0245,83.84706,2135.456",PutRupee_Silver,,,,,candidate_needs_flag_validation
overworld,F-7_Dynamic.xml,TBox_Field_Iron,303330436,303330436,"606.0784,156.608,2261.262",Weapon_Spear_002,,,,,candidate_needs_flag_validation
overworld,F-7_Dynamic.xml,TBox_Field_Wood,349167694,349167694,"330.2001,89.36839,2802.01",Obj_ElectricArrow_A_03,,,,,candidate_needs_flag_validation
overworld,F-7_Dynamic.xml,TBox_Field_Iron,477335528,477335528,"591.024,173.5098,2787.189",PutRupee_Purple,,,,,candidate_needs_flag_validation
overworld,F-7_Dynamic.xml,TBox_Field_Wood,599080023,599080023,"196.5661,89.36839,2752.15",PutRupee_Purple,,,,,candidate_needs_flag_validation
overworld,F-7_Dynamic.xml,TBox_Field_Iron,632077327,632077327,"339.298,132.956,2099.011",Item_Ore_E,,,,,candidate_needs_flag_validation
overworld,F-7_Dynamic.xml,TBox_Field_Iron,660146514,660146514,"158.0268,79.91927,2373.083",Obj_ElectricArrow_A_03,,,,,candidate_needs_flag_validation
overworld,F-7_Dynamic.xml,TBox_Field_Wood,755056013,755056013,"205.2541,89.36839,2755.591",Obj_ElectricArrow_A_03,,,,,candidate_needs_flag_validation
overworld,F-7_Dynamic.xml,TBox_Field_Wood,776493141,776493141,"733.0555,127.2212,2757.694",Obj_FireArrow_A_03,,,,,candidate_needs_flag_validation
overworld,F-7_Dynamic.xml,TBox_Field_Wood,1203619059,1203619059,"200.6845,89.36839,2760.688",Weapon_Lsword_051,,,,,candidate_needs_flag_validation
overworld,F-7_Dynamic.xml,TBox_Field_Iron,1520451930,1520451930,"695.5862,112.6358,2954.715",PutRupee_Gold,,,,,candidate_needs_flag_validation
overworld,F-7_Dynamic.xml,TBox_Field_Iron,-2123321615,2171645681,"885.6256,122.4003,2411.227",PutRupee_Gold,,,,,candidate_needs_flag_validation
overworld,F-7_Dynamic.xml,TBox_Field_Wood,-1426791900,2868175396,"326.0817,89.36841,2793.463",Item_Ore_E,,,,,candidate_needs_flag_validation
overworld,F-7_Dynamic.xml,TBox_Field_Iron,-1342938786,2952028510,"127.7492,72.5491,2541.839",Obj_ElectricArrow_A_03,,,,,candidate_needs_flag_validation
overworld,F-7_Dynamic.xml,TBox_Field_Wood,-1240341090,3054626206,"408.6118,89.36848,2765.801",Weapon_Lsword_003,,,,,candidate_needs_flag_validation
overworld,F-7_Dynamic.xml,TBox_Field_Wood,-885792679,3409174617,"334.7698,89.3684,2796.907",Weapon_Shield_025,,,,,candidate_needs_flag_validation
overworld,F-7_Dynamic.xml,TBox_Field_Iron,-735434838,3559532458,"210.4117,81.97561,2548.037",PutRupee_Purple,,,,,candidate_needs_flag_validation
overworld,F-7_Dynamic.xml,TBox_Field_Wood,-527513241,3767454055,"890.2134,160.0664,2959.951",Item_Ore_C,,,,,candidate_needs_flag_validation
overworld,F-7_Dynamic.xml,TBox_Field_Iron,-323176398,3971790898,"15.49365,83.75456,2135.031",Obj_IceArrow_A_03,,,,,candidate_needs_flag_validation
overworld,F-7_Static.xml,TBox_Field_Iron,1437174372,1437174372,"754.3068,126.5954,2763.297",Weapon_Spear_002,,,,,candidate_needs_flag_validation
overworld,F-7_Static.xml,TBox_Field_Wood,1457770742,1457770742,"736.1838,222.7643,2208.823",Obj_ArrowBundle_A_02,,,,,candidate_needs_flag_validation
overworld,F-7_Static.xml,TBox_Field_Wood,1594546169,1594546169,"61.29999,127,2067",Weapon_Spear_003,Normal,,,,candidate_needs_flag_validation
overworld,F-7_Static.xml,TBox_Field_Iron_NoReaction_Aoc,1777801040,1777801040,"830.4326,134.0305,2438.381",Armor_177_Head,Normal,,,,candidate_needs_flag_validation
overworld,F-7_Static.xml,TBox_Field_Stone,2141755056,2141755056,"430.3953,115.0374,2020.006",Obj_ArrowBundle_A_02,,,,,candidate_needs_flag_validation
overworld,F-7_Static.xml,TBox_Field_Iron,-873761146,3421206150,"774.8029,126.4932,2668.003",PutRupee_Silver,,,,,candidate_needs_flag_validation
overworld,F-8_Dynamic.xml,TBox_Field_Iron,92601747,92601747,"695.126,126.1898,3303.279",PutRupee_Silver,,,,,candidate_needs_flag_validation
overworld,F-8_Dynamic.xml,TBox_Field_Wood,240876353,240876353,"875.5821,115.3699,3183.174",Item_Ore_E,,,,,candidate_needs_flag_validation
overworld,F-8_Dynamic.xml,TBox_Field_Stone,646828635,646828635,"922.8719,133.3407,3032.688",PutRupee_Silver,,,,,candidate_needs_flag_validation
overworld,F-8_Dynamic.xml,TBox_Field_Stone,676170857,676170857,"90.73083,111.8753,3321.078",Weapon_Spear_003,,,,,candidate_needs_flag_validation
overworld,F-8_Dynamic.xml,TBox_Field_Stone,703644996,703644996,"866.2518,139.8176,3336.869",Weapon_Bow_029,,,,,candidate_needs_flag_validation
overworld,F-8_Dynamic.xml,TBox_Field_Iron,1231558654,1231558654,"94.73153,102.8263,3921.344",PutRupee_Silver,,,,,candidate_needs_flag_validation
overworld,F-8_Dynamic.xml,TBox_Field_Iron,1305945533,1305945533,"272.4861,102.7877,3900.182",Obj_BombArrow_A_02,,,,,candidate_needs_flag_validation
overworld,F-8_Dynamic.xml,TBox_Field_Iron,1379201832,1379201832,"953.2983,114.0005,3237.729",Weapon_Sword_002,,,,,candidate_needs_flag_validation
overworld,F-8_Dynamic.xml,TBox_Field_Wood,1427933274,1427933274,"862.2056,115.3703,3105.768",PutRupee_Silver,,,,,candidate_needs_flag_validation
overworld,F-8_Dynamic.xml,TBox_Field_Iron,1754409777,1754409777,"884.6359,113.936,3119.488",Weapon_Lsword_003,,,,,candidate_needs_flag_validation
overworld,F-8_Dynamic.xml,TBox_Field_Iron,2055514071,2055514071,"291.208,100.6506,3907.393",Item_Ore_E,,,,,candidate_needs_flag_validation
overworld,F-8_Dynamic.xml,TBox_Field_Iron,-1656526013,2638441283,"-8.93396,105.2185,3682.393",Obj_ArrowBundle_A_02,,,,,candidate_needs_flag_validation
overworld,F-8_Dynamic.xml,TBox_Field_Wood,-1498256518,2796710778,"429.1057,105.2623,3900.44",PutRupee_Silver,,,,,candidate_needs_flag_validation
overworld,F-8_Dynamic.xml,TBox_Field_Wood,-1288571721,3006395575,"705.8575,131.3857,3251.234",Item_Ore_F,,,,,candidate_needs_flag_validation
overworld,F-8_Dynamic.xml,TBox_Field_Stone,-1230505423,3064461873,"790.0433,186.6434,3341.149",Obj_ElectricArrow_A_03,,,,,candidate_needs_flag_validation
overworld,F-8_Dynamic.xml,TBox_Field_Iron,-1068083932,3226883364,"642.5701,102.9922,3932.527",Obj_IceArrow_A_03,,,,,candidate_needs_flag_validation
overworld,F-8_Dynamic.xml,TBox_Field_Iron,-798931388,3496035908,"841.9971,113.6947,3034.112",PutRupee_Purple,,,,,candidate_needs_flag_validation
overworld,F-8_Dynamic.xml,TBox_Field_Iron,-357942962,3937024334,"670.7076,126.2865,3239.584",Item_Ore_B,,,,,candidate_needs_flag_validation
overworld,F-8_Dynamic.xml,TBox_Field_Iron,-77472596,4217494700,"917.2968,114.0536,3228.951",Obj_ElectricArrow_A_03,,,,,candidate_needs_flag_validation
overworld,F-8_Static.xml,TBox_Field_Iron_NoReaction_Aoc,849119559,849119559,"812.9907,185.9102,3700.966",GameRomHorseSaddle_10,Normal,,,,candidate_needs_flag_validation
overworld,F-8_Static.xml,TBox_Field_Stone,883235353,883235353,"866.1294,154.0597,3547.951",Weapon_Lsword_030,,,,,candidate_needs_flag_validation
overworld,F-8_Static.xml,TBox_Field_Stone,953870732,953870732,"990.4824,129.3504,3377.943",Weapon_Spear_002,,,,,candidate_needs_flag_validation
overworld,F-8_Static.xml,TBox_Field_Stone,1044386518,1044386518,"969.0454,125.6377,3500.084",Item_Ore_E,,,,,candidate_needs_flag_validation
overworld,F-8_Static.xml,TBox_Field_Wood,1498602253,1498602253,"127.5,199.8281,3005",Item_Ore_D,Normal,,,,candidate_needs_flag_validation
overworld,F-8_Static.xml,TBox_Field_Iron,1894318025,1894318025,"123.2955,195.8157,3023.062",Weapon_Sword_060,Normal,,,,candidate_needs_flag_validation
overworld,F-8_Static.xml,TBox_Field_Stone,-2116738417,2178228879,"872.0986,224.0638,3608.015",Weapon_Bow_002,,,,,candidate_needs_flag_validation
overworld,F-8_Static.xml,TBox_Field_Iron_NoReaction,-1831494844,2463472452,"536.4746,151.9106,3425.198",PutRupee_Silver,,,,,candidate_needs_flag_validation
overworld,F-8_Static.xml,TBox_Field_Stone,-1018033230,3276934066,"825.985,228.6936,3634.887",PutRupee_Silver,,,,,candidate_needs_flag_validation
overworld,F-8_Static.xml,TBox_Field_Iron,-531111336,3763855960,"587,170.3785,3738.5",Weapon_Sword_073,Normal,,,,candidate_needs_flag_validation
overworld,G-1_Dynamic.xml,TBox_Field_Stone,1488683803,1488683803,"1947.328,431.3218,-3307.948",PutRupee_Gold,,,,,candidate_needs_flag_validation
overworld,G-2_Dynamic.xml,TBox_Field_Iron,533479225,533479225,"1636.947,560.9153,-2944.442",Obj_IceArrow_A_02,,,,,candidate_needs_flag_validation
overworld,G-2_Dynamic.xml,TBox_Field_Stone,607911630,607911630,"1928.589,508.1594,-2402.08",PutRupee_Gold,,,,,candidate_needs_flag_validation
overworld,G-2_Dynamic.xml,TBox_Field_Stone,1805177461,1805177461,"1397.158,420.6548,-2068.735",Weapon_Lsword_037,,,,,candidate_needs_flag_validation
overworld,G-2_Dynamic.xml,TBox_Field_Stone,2009900434,2009900434,"1483.944,386.4581,-2160.956",Obj_IceArrow_A_02,,,,,candidate_needs_flag_validation
overworld,G-2_Dynamic.xml,TBox_Field_Stone,2069325108,2069325108,"1662.854,527.4534,-2874.88",Obj_IceArrow_A_02,,,,,candidate_needs_flag_validation
overworld,G-2_Dynamic.xml,TBox_Field_Stone,2071543779,2071543779,"1210.696,438.8175,-2185.18",Obj_IceArrow_A_02,,,,,candidate_needs_flag_validation
overworld,G-2_Dynamic.xml,TBox_Field_Stone,-1865881781,2429085515,"1552.559,515.7477,-2536.912",Item_Ore_C,,,,,candidate_needs_flag_validation
overworld,G-2_Dynamic.xml,TBox_Field_Iron,-217195049,4077772247,"1637.075,561.0305,-2946.306",PutRupee_Purple,,,,,candidate_needs_flag_validation
overworld,G-2_Static.xml,TBox_Field_Stone_NoReaction,516117098,516117098,"1740.582,504.0761,-2447.186",Weapon_Lsword_054,,,,,candidate_needs_flag_validation
overworld,G-2_Static.xml,TBox_Field_Wood,1673894958,1673894958,"1249.559,446.8114,-2282.236",PutRupee_Silver,,,,,candidate_needs_flag_validation
overworld,G-2_Static.xml,TBox_Field_Stone,-2128135986,2166831310,"1484.615,449.0539,-2147.559",Weapon_Shield_003,,,,,candidate_needs_flag_validation
overworld,G-2_Static.xml,TBox_Field_Stone,-1577325947,2717641349,"1488.104,449.0539,-2145.603",Item_Ore_D,,,,,candidate_needs_flag_validation
overworld,G-2_Static.xml,TBox_Field_Stone,-1504186885,2790780411,"1482.487,449.0539,-2149.898",Weapon_Lsword_036,,,,,candidate_needs_flag_validation
overworld,G-2_Static.xml,TBox_Field_Iron,-343944482,3951022814,"1580.126,531.9561,-2818.757",Weapon_Bow_035,,,,,candidate_needs_flag_validation
overworld,G-3_Dynamic.xml,TBox_Field_Iron,926056347,926056347,"1003.499,105.7591,-1049",Weapon_Bow_002,,,,,candidate_needs_flag_validation
overworld,G-3_Dynamic.xml,TBox_Field_Iron,-945613584,3349353712,"1044.38,110.8804,-1035.3",PutRupee_Purple,,,,,candidate_needs_flag_validation
overworld,G-3_Dynamic.xml,TBox_Field_Stone,-7806348,4287160948,"1433.145,443.502,-1950.748",PutRupee_Silver,,,,,candidate_needs_flag_validation
overworld,G-3_Static.xml,TBox_Field_Iron_NoReaction,1101107709,1101107709,"992.8,125.7,-1132.4",Obj_IceArrow_A_02,,,,,candidate_needs_flag_validation
overworld,G-3_Static.xml,TBox_Field_Wood,1382540366,1382540366,"1039.227,265.1797,-1398.273",Weapon_Sword_025,Normal,,,,candidate_needs_flag_validation
overworld,G-3_Static.xml,TBox_Field_Wood,-1157348997,3137618299,"1020.5,275.1075,-1397.5",Item_Ore_C,Normal,,,,candidate_needs_flag_validation
overworld,G-4_Dynamic.xml,TBox_Field_Stone,246237684,246237684,"1514.608,141.1406,-297.1985",Obj_IceArrow_A_03,,,,,candidate_needs_flag_validation
overworld,G-4_Dynamic.xml,TBox_Field_Wood,655823661,655823661,"1725.436,118.1286,-90.9826",PutRupee_Gold,,,,,candidate_needs_flag_validation
overworld,G-4_Dynamic.xml,TBox_Field_Iron,655889537,655889537,"1525.807,115.6,-199.0056",Weapon_Spear_003,,,,,candidate_needs_flag_validation
overworld,G-4_Dynamic.xml,TBox_Field_Wood,1019527254,1019527254,"1081.183,202.2773,-324.3947",PutRupee_Purple,,,,,candidate_needs_flag_validation
overworld,G-4_Dynamic.xml,TBox_Field_Wood,1846342251,1846342251,"1852.308,116.732,-100.7231",Obj_ArrowBundle_A_02,,,,,candidate_needs_flag_validation
overworld,G-4_Dynamic.xml,TBox_Field_Iron,-1768546852,2526420444,"1912.885,113.3651,-96.53619",Item_Ore_E,,,,,candidate_needs_flag_validation
overworld,G-4_Dynamic.xml,TBox_Field_Iron,-1008007535,3286959761,"1102.688,109.6786,-862.678",PutRupee_Silver,,,,,candidate_needs_flag_validation
overworld,G-4_Dynamic.xml,TBox_Field_Stone,-678348723,3616618573,"1680,130.3,-840.7",Item_Ore_B,,,,,candidate_needs_flag_validation
overworld,G-4_Dynamic.xml,TBox_Field_Iron,-510579382,3784387914,"1933.552,110.3829,-70.5331",Weapon_Spear_002,,,,,candidate_needs_flag_validation
overworld,G-4_Static.xml,TBox_Field_Iron,232214255,232214255,"1307.5,130.3172,-685.5",Weapon_Bow_035,Normal,,,,candidate_needs_flag_validation
overworld,G-4_Static.xml,TBox_Field_Wood,-1686959267,2608008029,"1810.495,214.6807,-748.5726",Item_Ore_D,,,,,candidate_needs_flag_validation
overworld,G-5_Dynamic.xml,TBox_Field_Wood,198140701,198140701,"1988.343,224.2599,546.9549",PutRupee_Purple,,,,,candidate_needs_flag_validation
overworld,G-5_Dynamic.xml,TBox_Field_Iron,655045212,655045212,"1749.509,205.0578,994.1938",Weapon_Lsword_041,,,,,candidate_needs_flag_validation
overworld,G-5_Dynamic.xml,TBox_Field_Stone,932195220,932195220,"1708.89,129.2256,668.4582",Weapon_Sword_002,,,,,candidate_needs_flag_validation
overworld,G-5_Dynamic.xml,TBox_Field_Iron,1483366419,1483366419,"1709.583,114.2796,101.0048",PutRupee_Purple,,,,,candidate_needs_flag_validation
overworld,G-5_Dynamic.xml,TBox_Field_Iron,-1879093226,2415874070,"1777.425,101.2321,730.313",Obj_ArrowBundle_A_02,,,,,candidate_needs_flag_validation
overworld,G-5_Dynamic.xml,TBox_Field_Stone,-1473371794,2821595502,"1995.527,224.5376,537.5128",Obj_BombArrow_A_02,,,,,candidate_needs_flag_validation
overworld,G-5_Dynamic.xml,TBox_Field_Stone,-1226654451,3068312845,"1610.331,116.2644,308.5638",PutRupee_Purple,,,,,candidate_needs_flag_validation
overworld,G-5_Dynamic.xml,TBox_Field_Iron,-1050463831,3244503465,"1792.964,114.0574,421.0657",PutRupee_Silver,,,,,candidate_needs_flag_validation
overworld,G-5_Dynamic.xml,TBox_Field_Wood,-536753649,3758213647,"1868.009,114.381,178.0807",Item_Ore_E,,,,,candidate_needs_flag_validation
overworld,G-5_Dynamic.xml,TBox_Field_Stone,-331502259,3963465037,"1675.127,141.9531,357.1765",Obj_BombArrow_A_02,,,,,candidate_needs_flag_validation
overworld,G-5_Dynamic.xml,TBox_Field_Iron,-282282260,4012685036,"1736.541,101.2236,774.4092",Item_Ore_E,,,,,candidate_needs_flag_validation
overworld,G-5_Static.xml,TBox_Field_Enemy,-857859686,3437107610,"1292.252,135.7132,655.7745",Obj_ElectricArrow_A_03,,,,,candidate_needs_flag_validation
overworld,G-6_Dynamic.xml,TBox_Field_Iron,394040126,394040126,"1790.547,115.9214,1543.897",Obj_IceArrow_A_03,,,,,candidate_needs_flag_validation
overworld,G-6_Dynamic.xml,TBox_Field_Stone,876552493,876552493,"1372.749,325.4041,1660.55",Weapon_Lsword_031,,,,,candidate_needs_flag_validation
overworld,G-6_Dynamic.xml,TBox_Field_Iron,1034798336,1034798336,"1048.529,114.6736,1168.513",Item_Ore_E,,,,,candidate_needs_flag_validation
overworld,G-6_Dynamic.xml,TBox_Field_Wood,1234441321,1234441321,"1047.243,114.3688,1646.666",Item_Ore_F,,,,,candidate_needs_flag_validation
overworld,G-6_Dynamic.xml,TBox_Field_Stone,1261285928,1261285928,"1888.635,124.9181,1867.389",Obj_FireArrow_A_03,,,,,candidate_needs_flag_validation
overworld,G-6_Dynamic.xml,TBox_Field_Stone,2108624220,2108624220,"1153.555,256.8175,1699.857",PutRupee_Purple,,,,,candidate_needs_flag_validation
overworld,G-6_Dynamic.xml,TBox_Field_Iron,-1746308188,2548659108,"1720.912,323.7522,996.8157",Weapon_Bow_029,,,,,candidate_needs_flag_validation
overworld,G-6_Dynamic.xml,TBox_Field_Iron,-1723703675,2571263621,"1839.377,110.9737,1512.905",Item_Ore_E,,,,,candidate_needs_flag_validation
overworld,G-6_Dynamic.xml,TBox_Field_Iron,-695189916,3599777380,"1031.62,110.9174,1317.087",PutRupee_Silver,,,,,candidate_needs_flag_validation
overworld,G-6_Dynamic.xml,TBox_Field_Wood,-331275494,3963691802,"1049.236,116.3804,1900.84",Item_Ore_I,,,,,candidate_needs_flag_validation
overworld,G-6_Dynamic.xml,TBox_Field_Stone,-274750070,4020217226,"1118.355,114.7004,1039.914",Item_Ore_F,,,,,candidate_needs_flag_validation
overworld,G-6_Dynamic.xml,TBox_Field_Iron,-183193354,4111773942,"1967.423,376.6839,1293.619",PutRupee_Silver,,,,,candidate_needs_flag_validation
overworld,G-6_Static.xml,TBox_Field_Iron_NoReaction,525020201,525020201,"1782.328,116.2042,1910.037",PutRupee_Silver,,,,,candidate_needs_flag_validation
overworld,G-6_Static.xml,TBox_Field_Iron,722284165,722284165,"1732.831,138.8869,1746.114",Item_Ore_E,,,,,candidate_needs_flag_validation
overworld,G-6_Static.xml,TBox_Field_Stone,949903176,949903176,"1885.469,121.8942,1783.856",Weapon_Shield_034,,,,,candidate_needs_flag_validation
overworld,G-6_Static.xml,TBox_Field_Stone,1234325019,1234325019,"1042.327,117.4952,1701.836",Weapon_Spear_002,,,,,candidate_needs_flag_validation
overworld,G-6_Static.xml,TBox_Field_Iron,1675229188,1675229188,"1329.301,116.9326,1863.989",Weapon_Bow_001,,,,,candidate_needs_flag_validation
overworld,G-6_Static.xml,TBox_Field_Iron,-1995321609,2299645687,"1649.563,182.6816,1895.549",Weapon_Sword_002,Normal,,,,candidate_needs_flag_validation
overworld,G-6_Static.xml,TBox_Field_Enemy,-1548878308,2746088988,"1341.422,307.7784,1525.582",Item_Ore_G,,,,,candidate_needs_flag_validation
overworld,G-6_Static.xml,TBox_Field_Enemy,-1271069462,3023897834,"1511.053,120.4444,1956.254",Weapon_Sword_051,,,,,candidate_needs_flag_validation
overworld,G-6_Static.xml,TBox_Field_Stone,-383310907,3911656389,"1707.937,236.0299,1079.002",Item_Ore_D,,,,,candidate_needs_flag_validation
overworld,G-6_Static.xml,TBox_Field_Iron,-254970285,4039997011,"1804,133.4153,1525.5",Weapon_Sword_051,Normal,,,,candidate_needs_flag_validation
overworld,G-7_Dynamic.xml,TBox_Field_Iron,716855822,716855822,"1737.763,340.059,2944.73",PutRupee_Purple,,,,,candidate_needs_flag_validation
overworld,G-7_Dynamic.xml,TBox_Field_Iron,843744120,843744120,"1000.265,109.9071,2636.75",PutRupee_Purple,,,,,candidate_needs_flag_validation
overworld,G-7_Dynamic.xml,TBox_Field_Iron,1350638657,1350638657,"1133.771,154.9478,2837.24",Item_Ore_E,,,,,candidate_needs_flag_validation
overworld,G-7_Dynamic.xml,TBox_Field_Stone,1567807835,1567807835,"1680.874,113.9703,2038.715",Item_Ore_E,,,,,candidate_needs_flag_validation
overworld,G-7_Dynamic.xml,TBox_Field_Iron,1732049083,1732049083,"1044.569,132.0953,2957.132",Weapon_Lsword_002,,,,,candidate_needs_flag_validation
overworld,G-7_Dynamic.xml,TBox_Field_Iron,2008800968,2008800968,"1161.814,155.3291,2879.41",Weapon_Shield_002,,,,,candidate_needs_flag_validation
overworld,G-7_Dynamic.xml,TBox_Field_Iron,-2076188011,2218779285,"1784.598,340.1086,2947.389",Item_Ore_E,,,,,candidate_needs_flag_validation
overworld,G-7_Dynamic.xml,TBox_Field_Iron,-1580624204,2714343092,"1747.818,341.8871,2940.169",Obj_ArrowBundle_A_02,,,,,candidate_needs_flag_validation
overworld,G-7_Dynamic.xml,TBox_Field_Iron,-1253304644,3041662652,"1784.615,340.3136,2906.407",PutRupee_Purple,,,,,candidate_needs_flag_validation
overworld,G-7_Dynamic.xml,TBox_Field_Iron,-692634881,3602332415,"1788.287,340.1179,2946.848",Obj_ElectricArrow_A_03,,,,,candidate_needs_flag_validation
overworld,G-7_Dynamic.xml,TBox_Field_Iron,-487878670,3807088626,"1782.411,340.0737,2950.607",Weapon_Bow_029,,,,,candidate_needs_flag_validation
overworld,G-7_Dynamic.xml,TBox_Field_Stone,-444183556,3850783740,"1975.876,143.0787,2368.982",PutRupee_Purple,,,,,candidate_needs_flag_validation
overworld,G-7_Static.xml,TBox_Field_Iron_NoReaction_Aoc,449459230,449459230,"1288.069,188.2981,2451.235",Armor_178_Head,Normal,,,,candidate_needs_flag_validation
overworld,G-7_Static.xml,TBox_Field_Iron,520058780,520058780,"1711,115.4135,2171",Weapon_Lsword_002,Normal,,,,candidate_needs_flag_validation
overworld,G-7_Static.xml,TBox_Field_Stone,693429994,693429994,"1960.492,178.1277,2601.697",Item_Ore_G,,,,,candidate_needs_flag_validation
overworld,G-7_Static.xml,TBox_Field_Wood,710063442,710063442,"1814.895,341.0761,2916.482",Weapon_Spear_002,,,,,candidate_needs_flag_validation
overworld,G-7_Static.xml,TBox_Field_Wood,1565885892,1565885892,"1828.726,342.4669,2947.234",Obj_FireArrow_A_03,,,,,candidate_needs_flag_validation
overworld,G-7_Static.xml,TBox_Field_Stone,1582552700,1582552700,"1961.148,178.1277,2604.033",Item_Ore_C,,,,,candidate_needs_flag_validation
overworld,G-7_Static.xml,TBox_Field_Wood,1764582201,1764582201,"1923.853,115.0766,2300.441",Obj_ArrowBundle_A_02,,,,,candidate_needs_flag_validation
overworld,G-7_Static.xml,TBox_Field_Iron,1777878794,1777878794,"1650,115,2027",Weapon_Spear_002,Normal,,,,candidate_needs_flag_validation
overworld,G-7_Static.xml,TBox_Field_Stone,-1857555566,2437411730,"1950.616,178.1277,2612.73",Item_Ore_F,,,,,candidate_needs_flag_validation
overworld,G-7_Static.xml,TBox_Field_Wood,-1845525158,2449442138,"1828.37,342.4706,2946.245",Obj_IceArrow_A_03,,,,,candidate_needs_flag_validation
overworld,G-7_Static.xml,TBox_Field_Stone,-1336035504,2958931792,"1955.818,178.1399,2609.719",Item_Ore_C,,,,,candidate_needs_flag_validation
overworld,G-7_Static.xml,TBox_Field_Stone,-1144259359,3150707937,"1967.848,179.5302,2607.189",Weapon_Sword_033,,,,,candidate_needs_flag_validation
overworld,G-7_Static.xml,TBox_Field_Stone,-843936836,3451030460,"1948.901,178.1277,2610.426",Item_Ore_E,,,,,candidate_needs_flag_validation
overworld,G-7_Static.xml,TBox_Field_Wood,-419908148,3875059148,"1814.887,341.0641,2915.333",Item_Ore_C,,,,,candidate_needs_flag_validation
overworld,G-8_Dynamic.xml,TBox_Field_Iron,48319296,48319296,"1849.111,218.6232,3692.534",Obj_IceArrow_A_03,,,,,candidate_needs_flag_validation
overworld,G-8_Dynamic.xml,TBox_Field_Stone,68921327,68921327,"1774.127,152.8905,3262.906",Weapon_Lsword_051,,,,,candidate_needs_flag_validation
overworld,G-8_Dynamic.xml,TBox_Field_Wood,99574487,99574487,"1770.61,130.6654,3302.661",PutRupee_Purple,,,,,candidate_needs_flag_validation
overworld,G-8_Dynamic.xml,TBox_Field_Wood,201748986,201748986,"1776.179,181.362,3040.511",Obj_IceArrow_A_03,,,,,candidate_needs_flag_validation
overworld,G-8_Dynamic.xml,TBox_Field_Wood,287602722,287602722,"1781.875,181.3624,3060.799",Item_Ore_E,,,,,candidate_needs_flag_validation
overworld,G-8_Dynamic.xml,TBox_Field_Stone,306589109,306589109,"1059.793,160.7632,3423.767",Weapon_Sword_051,,,,,candidate_needs_flag_validation
overworld,G-8_Dynamic.xml,TBox_Field_Iron,623513864,623513864,"1303.276,114.2133,3555.084",Obj_FireArrow_A_03,,,,,candidate_needs_flag_validation
overworld,G-8_Dynamic.xml,TBox_Field_Stone,696793431,696793431,"1352.211,194.6481,3265.547",PutRupee_Silver,,,,,candidate_needs_flag_validation
overworld,G-8_Dynamic.xml,TBox_Field_Wood,747184169,747184169,"1657.492,211.2263,3188.688",PutRupee_Purple,,,,,candidate_needs_flag_validation
overworld,G-8_Dynamic.xml,TBox_Field_Iron,983742254,983742254,"1098.263,108.3689,3830.078",Item_Ore_C,,,,,candidate_needs_flag_validation
overworld,G-8_Dynamic.xml,TBox_Field_Iron,990270704,990270704,"1638.14,153.5867,3275.558",PutRupee_Purple,,,,,candidate_needs_flag_validation
overworld,G-8_Dynamic.xml,TBox_Field_Wood,1057953325,1057953325,"1048.438,120.5375,3221.565",Obj_FireArrow_A_03,,,,,candidate_needs_flag_validation
overworld,G-8_Dynamic.xml,TBox_Field_Stone,1093245165,1093245165,"1878.06,202.8922,3216.234",PutRupee_Purple,,,,,candidate_needs_flag_validation
overworld,G-8_Dynamic.xml,TBox_Field_Iron,1167755580,1167755580,"1853.517,218.6231,3694.043",Weapon_Shield_003,,,,,candidate_needs_flag_validation
overworld,G-8_Dynamic.xml,TBox_Field_Iron,1185882003,1185882003,"1625.897,153.5278,3312.644",Item_Ore_E,,,,,candidate_needs_flag_validation
overworld,G-8_Dynamic.xml,TBox_Field_Wood,1280223692,1280223692,"1697.959,270.0807,3052.103",PutRupee_Silver,,,,,candidate_needs_flag_validation
overworld,G-8_Dynamic.xml,TBox_Field_Iron,1307332435,1307332435,"1902.453,218.7658,3689.91",Item_Ore_I,,,,,candidate_needs_flag_validation
overworld,G-8_Dynamic.xml,TBox_Field_Stone,1336330295,1336330295,"1919.202,241.4947,3182.426",Obj_ArrowBundle_A_01,,,,,candidate_needs_flag_validation
overworld,G-8_Dynamic.xml,TBox_Field_Wood,1454959846,1454959846,"1768.926,130.6654,3298.597",Item_Ore_I,,,,,candidate_needs_flag_validation
overworld,G-8_Dynamic.xml,TBox_Field_Stone,1465348166,1465348166,"1666.539,292.904,3012.395",PutRupee_Purple,,,,,candidate_needs_flag_validation
overworld,G-8_Dynamic.xml,TBox_Field_Iron,1482345138,1482345138,"1807.529,175.0347,3208.391",Weapon_Bow_002,,,,,candidate_needs_flag_validation
overworld,G-8_Dynamic.xml,TBox_Field_Wood,1542514592,1542514592,"1820.413,130.6655,3594.533",PutRupee_Purple,,,,,candidate_needs_flag_validation
overworld,G-8_Dynamic.xml,TBox_Field_Wood,1627044513,1627044513,"1826.049,130.6656,3595.052",Item_Ore_I,,,,,candidate_needs_flag_validation
overworld,G-8_Dynamic.xml,TBox_Field_Iron,1825524602,1825524602,"1659.489,108.4224,3928.467",Obj_BombArrow_A_02,,,,,candidate_needs_flag_validation
overworld,G-8_Dynamic.xml,TBox_Field_Iron,1836271291,1836271291,"1608.745,125.9053,3378.875",Obj_ElectricArrow_A_03,,,,,candidate_needs_flag_validation
overworld,G-8_Dynamic.xml,TBox_Field_Wood,1860880510,1860880510,"1882.781,234.8037,3141.582",Obj_ArrowBundle_A_01,,,,,candidate_needs_flag_validation
overworld,G-8_Dynamic.xml,TBox_Field_Iron,1861981528,1861981528,"1978.259,310.3297,3077.42",PutRupee_Purple,,,,,candidate_needs_flag_validation
overworld,G-8_Dynamic.xml,TBox_Field_Stone,1924960938,1924960938,"1786.597,184.6988,3162.542",Weapon_Sword_002,,,,,candidate_needs_flag_validation
overworld,G-8_Dynamic.xml,TBox_Field_Iron,1963694381,1963694381,"1854.066,232.9265,3100.285",Obj_ElectricArrow_A_03,,,,,candidate_needs_flag_validation
overworld,G-8_Dynamic.xml,TBox_Field_Iron,2132275790,2132275790,"1858.198,234.2018,3135.044",PutRupee_Purple,,,,,candidate_needs_flag_validation
overworld,G-8_Dynamic.xml,TBox_Field_Wood,-2132498094,2162469202,"1696.945,270.0758,3052.018",PutRupee_Gold,,,,,candidate_needs_flag_validation
overworld,G-8_Dynamic.xml,TBox_Field_Iron,-2106120196,2188847100,"1817.583,116.7456,3575.759",Obj_ElectricArrow_A_03,,,,,candidate_needs_flag_validation
overworld,G-8_Dynamic.xml,TBox_Field_Stone,-2055530419,2239436877,"1737.077,155.5549,3468.644",Weapon_Sword_025,,,,,candidate_needs_flag_validation
overworld,G-8_Dynamic.xml,TBox_Field_Iron,-2003223078,2291744218,"1739.135,102.5268,3961.973",Weapon_Lsword_051,,,,,candidate_needs_flag_validation
overworld,G-8_Dynamic.xml,TBox_Field_Stone,-2002154946,2292812350,"1812.314,245.767,3162.732",Item_Ore_D,,,,,candidate_needs_flag_validation
overworld,G-8_Dynamic.xml,TBox_Field_Iron,-1968510568,2326456728,"1684.761,126.0398,3548.296",PutRupee_Purple,,,,,candidate_needs_flag_validation
overworld,G-8_Dynamic.xml,TBox_Field_Iron,-1901404047,2393563249,"1558.027,126.8825,3402.321",PutRupee_Purple,,,,,candidate_needs_flag_validation
overworld,G-8_Dynamic.xml,TBox_Field_Iron,-1799013568,2495953728,"1603.816,209.3472,3185.93",Item_Ore_E,,,,,candidate_needs_flag_validation
overworld,G-8_Dynamic.xml,TBox_Field_Iron,-1796104179,2498863117,"1684.708,266.024,3106.517",Obj_FireArrow_A_03,,,,,candidate_needs_flag_validation
overworld,G-8_Dynamic.xml,TBox_Field_Iron,-1785303168,2509664128,"1905.081,135.9225,3669.442",Weapon_Shield_003,,,,,candidate_needs_flag_validation
overworld,G-8_Dynamic.xml,TBox_Field_Wood,-1748168494,2546798802,"1824.366,130.6654,3590.998",Obj_ArrowBundle_A_02,,,,,candidate_needs_flag_validation
overworld,G-8_Dynamic.xml,TBox_Field_Iron,-1683523913,2611443383,"1911.82,106.3944,3933.18",Item_Ore_D,,,,,candidate_needs_flag_validation
overworld,G-8_Dynamic.xml,TBox_Field_Wood,-1664933682,2630033614,"1764.817,130.6658,3305.374",Obj_ArrowBundle_A_02,,,,,candidate_needs_flag_validation
overworld,G-8_Dynamic.xml,TBox_Field_Wood,-1572812576,2722154720,"1882.783,234.8004,3142.589",Obj_ElectricArrow_A_03,,,,,candidate_needs_flag_validation
overworld,G-8_Dynamic.xml,TBox_Field_Wood,-1527596739,2767370557,"1060.054,131.2432,3210.208",Item_Ore_F,,,,,candidate_needs_flag_validation
overworld,G-8_Dynamic.xml,TBox_Field_Iron,-1429488882,2865478414,"1133.337,101.1605,3822.336",PutRupee_Silver,,,,,candidate_needs_flag_validation
overworld,G-8_Dynamic.xml,TBox_Field_Iron,-1309368252,2985599044,"1104.432,102.2086,3863.978",Weapon_Spear_002,,,,,candidate_needs_flag_validation
overworld,G-8_Dynamic.xml,TBox_Field_Stone,-1166747932,3128219364,"1792.015,133.2094,3580.315",Item_Ore_E,,,,,candidate_needs_flag_validation
overworld,G-8_Dynamic.xml,TBox_Field_Iron,-1139539068,3155428228,"1758.7,175.0308,3203.077",Obj_IceArrow_A_03,,,,,candidate_needs_flag_validation
overworld,G-8_Dynamic.xml,TBox_Field_Iron,-1119355011,3175612285,"1855.015,218.6148,3690.325",Item_Ore_D,,,,,candidate_needs_flag_validation
overworld,G-8_Dynamic.xml,TBox_Field_Iron,-1059266709,3235700587,"1631.043,125.7955,3383.049",Obj_FireArrow_A_03,,,,,candidate_needs_flag_validation
overworld,G-8_Dynamic.xml,TBox_Field_Iron,-854080235,3440887061,"1737.847,117.302,3306.432",Item_Ore_E,,,,,candidate_needs_flag_validation
overworld,G-8_Dynamic.xml,TBox_Field_Wood,-791741309,3503225987,"1768.451,181.3625,3067.018",Item_Ore_F,,,,,candidate_needs_flag_validation
overworld,G-8_Dynamic.xml,TBox_Field_Stone,-781210446,3513756850,"1522.726,203.7542,3203.113",PutRupee_Purple,,,,,candidate_needs_flag_validation
overworld,G-8_Dynamic.xml,TBox_Field_Stone,-701126392,3593840904,"1961.439,237.4825,3266.555",Weapon_Sword_050,,,,,candidate_needs_flag_validation
overworld,G-8_Dynamic.xml,TBox_Field_Iron,-692247255,3602720041,"1877.421,119.944,3589.234",Weapon_Shield_002,,,,,candidate_needs_flag_validation
overworld,G-8_Dynamic.xml,TBox_Field_Wood,-534568777,3760398519,"1656.466,211.2264,3188.641",Item_Ore_E,,,,,candidate_needs_flag_validation
overworld,G-8_Dynamic.xml,TBox_Field_Iron,-437349013,3857618283,"1082.14,101.2472,3793.001",Weapon_Bow_014,,,,,candidate_needs_flag_validation
overworld,G-8_Dynamic.xml,TBox_Field_Iron,-388124141,3906843155,"1727.675,101.295,3973.875",Item_Ore_C,,,,,candidate_needs_flag_validation
overworld,G-8_Dynamic.xml,TBox_Field_Wood,-304207054,3990760242,"1359.266,223.7945,3423.744",Obj_ArrowBundle_A_01,,,,,candidate_needs_flag_validation
overworld,G-8_Dynamic.xml,TBox_Field_Iron,-283095789,4011871507,"1820.623,117.2554,3303.91",PutRupee_Purple,,,,,candidate_needs_flag_validation
overworld,G-8_Dynamic.xml,TBox_Field_Wood,-240820020,4054147276,"1800.807,282.1392,3747.737",Weapon_Lsword_002,,,,,candidate_needs_flag_validation
overworld,G-8_Static.xml,TBox_Field_Iron,10976894,10976894,"1843.5,146.3584,3609",Weapon_Sword_035,Normal,,,,candidate_needs_flag_validation
overworld,G-8_Static.xml,TBox_Field_Iron_NoReaction_Aoc,142903821,142903821,"1669.188,209.3382,3163.018",Armor_180_Head,Normal,,,,candidate_needs_flag_validation
overworld,G-8_Static.xml,TBox_Field_Wood,383692990,383692990,"1606.202,130.6655,3407.005",Obj_ElectricArrow_A_03,,,,,candidate_needs_flag_validation
overworld,G-8_Static.xml,TBox_Field_Wood,392677133,392677133,"1315.5,243.5,3180.5",Item_Ore_B,Normal,,,,candidate_needs_flag_validation
overworld,G-8_Static.xml,TBox_Field_Iron,420581026,420581026,"1626.972,261.6262,3741.67",Obj_BombArrow_A_02,,,,,candidate_needs_flag_validation
overworld,G-8_Static.xml,TBox_Field_Wood,848370940,848370940,"1791.5,193.3458,3036",Item_Ore_C,Normal,,,,candidate_needs_flag_validation
overworld,G-8_Static.xml,TBox_Field_Wood,994679130,994679130,"1650.206,270.0793,3120.434",PutRupee_Purple,,,,,candidate_needs_flag_validation
overworld,G-8_Static.xml,TBox_Field_Iron,1001778960,1001778960,"1716.497,279.0728,3685.119",Item_Ore_D,,,,,candidate_needs_flag_validation
overworld,G-8_Static.xml,TBox_Field_Iron,1069229842,1069229842,"1821.178,140.8012,3501.661",Obj_ArrowBundle_A_01,,,,,candidate_needs_flag_validation
overworld,G-8_Static.xml,TBox_Field_Wood,1123805299,1123805299,"1700,166.9189,3494",Item_Ore_D,Normal,,,,candidate_needs_flag_validation
overworld,G-8_Static.xml,TBox_Field_Iron,1167469674,1167469674,"1809,182.4077,3189.5",Weapon_Bow_013,Normal,,,,candidate_needs_flag_validation
overworld,G-8_Static.xml,TBox_Field_Iron_NoReaction_Aoc,1174572224,1174572224,"1026.206,119.1767,3239.885",Armor_180_Upper,Normal,,,,candidate_needs_flag_validation
overworld,G-8_Static.xml,TBox_Field_Iron,1478906314,1478906314,"1777,197.8618,3027",Weapon_Lsword_035,Normal,,,,candidate_needs_flag_validation
overworld,G-8_Static.xml,TBox_Field_Wood,1616967579,1616967579,"1830,137.8405,3611",Item_Ore_B,Normal,,,,candidate_needs_flag_validation
overworld,G-8_Static.xml,TBox_Field_Iron,1637373433,1637373433,"1375.344,223.7797,3424.725",Weapon_Lsword_030,,,,,candidate_needs_flag_validation
overworld,G-8_Static.xml,TBox_Field_Stone,1695514473,1695514473,"1646.284,134.1252,3407.427",Weapon_Lsword_051,,,,,candidate_needs_flag_validation
overworld,G-8_Static.xml,TBox_Field_Wood,1813328737,1813328737,"1611.847,130.6655,3407.472",Item_Ore_D,,,,,candidate_needs_flag_validation
overworld,G-8_Static.xml,TBox_Field_Wood,1949315180,1949315180,"1610.148,130.6656,3403.516",Obj_FireArrow_A_03,,,,,candidate_needs_flag_validation
overworld,G-8_Static.xml,TBox_Field_Iron,2059226658,2059226658,"1631,216.7766,3301",Weapon_Lsword_051,Normal,,,,candidate_needs_flag_validation
overworld,G-8_Static.xml,TBox_Field_Wood,2089566527,2089566527,"1676.166,130.6654,3392.714",Weapon_Bow_014,,,,,candidate_needs_flag_validation
overworld,G-8_Static.xml,TBox_Field_Iron,2110818875,2110818875,"1665,312,3150.5",Weapon_Spear_025,Normal,,,,candidate_needs_flag_validation
overworld,G-8_Static.xml,TBox_Field_Iron_NoReaction_Aoc,-2060187972,2234779324,"1832.85,160.0836,3355.488",Armor_180_Lower,Normal,,,,candidate_needs_flag_validation
overworld,G-8_Static.xml,TBox_Field_Iron,-2015831396,2279135900,"1040.5,130.4421,3226",Weapon_Shield_022,Normal,,,,candidate_needs_flag_validation
overworld,G-8_Static.xml,TBox_Field_Wood,-1889978828,2404988468,"1677.835,130.6654,3396.74",PutRupee_Purple,,,,,candidate_needs_flag_validation
overworld,G-8_Static.xml,TBox_Field_Iron,-1583201731,2711765565,"1298,240,3179",Weapon_Sword_053,Normal,,,,candidate_needs_flag_validation
overworld,G-8_Static.xml,TBox_Field_Stone,-1550409614,2744557682,"1698.733,216.334,3170.965",Weapon_Lsword_030,,,,,candidate_needs_flag_validation
overworld,G-8_Static.xml,TBox_Field_Iron,-1501213300,2793753996,"1795,140.8912,3289",Weapon_Spear_035,Normal,,,,candidate_needs_flag_validation
overworld,G-8_Static.xml,TBox_Field_Iron,-1449081326,2845885970,"1829.184,140.8012,3492.409",Item_Ore_I,,,,,candidate_needs_flag_validation
overworld,G-8_Static.xml,TBox_Field_Iron,-1191986988,3102980308,"1790.5,182.3908,3180.5",Weapon_Shield_023,Normal,,,,candidate_needs_flag_validation
overworld,G-8_Static.xml,TBox_Field_Iron_NoReaction,-625958330,3669008966,"1528.133,166.2904,3505.751",Weapon_Spear_025,,,,,candidate_needs_flag_validation
overworld,G-8_Static.xml,TBox_Field_Wood,-474734696,3820232600,"1640.5,131.59,3366.5",Weapon_Sword_062,Normal,,,,candidate_needs_flag_validation
overworld,G-8_Static.xml,TBox_Field_Iron,-372974773,3921992523,"1941,257,3282.5",Weapon_Sword_050,Normal,,,,candidate_needs_flag_validation
overworld,G-8_Static.xml,TBox_Field_Wood,-324421432,3970545864,"1672.261,130.6655,3396.275",Item_Ore_E,,,,,candidate_needs_flag_validation
overworld,G-8_Static.xml,TBox_Field_Wood,-253761014,4041206282,"1786.5,165.8941,3466",Weapon_Bow_040,Normal,,,,candidate_needs_flag_validation
overworld,G-8_Static.xml,TBox_Field_Wood,-136078908,4158888388,"1649.72,270.106,3119.542",Item_Ore_E,,,,,candidate_needs_flag_validation
overworld,H-1_Dynamic.xml,TBox_Field_Iron,303953733,303953733,"2702.473,344.5105,-3298.111",Item_Ore_B,,,,,candidate_needs_flag_validation
overworld,H-1_Dynamic.xml,TBox_Field_Iron,-251972557,4042994739,"2424.857,378.4185,-3793.114",PutRupee_Gold,,,,,candidate_needs_flag_validation
overworld,H-3_Dynamic.xml,TBox_Field_Iron,1320534692,1320534692,"2193.14,447.294,-1644.279",Obj_ElectricArrow_A_03,,,,,candidate_needs_flag_validation
overworld,H-3_Dynamic.xml,TBox_Field_Wood,-1707150938,2587816358,"2813.804,234.2872,-1254.729",Weapon_Spear_031,,,,,candidate_needs_flag_validation
overworld,H-3_Dynamic.xml,TBox_Field_Iron,-1137081320,3157885976,"2110.498,398.5547,-1537.499",Obj_IceArrow_A_03,,,,,candidate_needs_flag_validation
overworld,H-3_Dynamic.xml,TBox_Field_Iron,-1019192796,3275774500,"2694.112,228.1013,-1305.175",Obj_IceArrow_A_02,,,,,candidate_needs_flag_validation
overworld,H-3_Dynamic.xml,TBox_Field_Stone,-815569397,3479397899,"2151.777,344.0942,-1473.031",Weapon_Lsword_036,,,,,candidate_needs_flag_validation
overworld,H-3_Dynamic.xml,TBox_Field_Stone,-218868837,4076098459,"2452.5,400.8607,-1847.961",Weapon_Spear_031,,,,,candidate_needs_flag_validation
overworld,H-3_Static.xml,TBox_Field_Iron,1347548770,1347548770,"2054.286,475.6783,-1363.959",Weapon_Lsword_037,Normal,,,,candidate_needs_flag_validation
overworld,H-3_Static.xml,TBox_Field_Wood,-1300074399,2994892897,"2675.329,309.8309,-1635.588",Weapon_Lsword_003,,,,,candidate_needs_flag_validation
overworld,H-3_Static.xml,TBox_Field_Wood,-1187884201,3107083095,"2073.99,454.0635,-1394.112",Item_Ore_C,Normal,,,,candidate_needs_flag_validation
overworld,H-4_Dynamic.xml,TBox_Field_Wood,36837439,36837439,"2259.55,195.3359,-31.00685",Weapon_Bow_014,,,,,candidate_needs_flag_validation
overworld,H-4_Dynamic.xml,TBox_Field_Iron,68760609,68760609,"2301.712,153.2877,-3.730563",Item_Ore_E,,,,,candidate_needs_flag_validation
overworld,H-4_Dynamic.xml,TBox_Field_Iron,191697808,191697808,"2240.684,186.017,-64.71645",Obj_ArrowBundle_A_01,,,,,candidate_needs_flag_validation
overworld,H-4_Dynamic.xml,TBox_Field_Stone,358523342,358523342,"2898.5,270.9669,-114.5",PutRupee_Silver,,,,,candidate_needs_flag_validation
overworld,H-4_Dynamic.xml,TBox_Field_Iron,744026530,744026530,"2142.641,100.1226,-632.2811",PutRupee_Silver,,,,,candidate_needs_flag_validation
overworld,H-4_Dynamic.xml,TBox_Field_Wood,885284593,885284593,"2198.118,177.3633,-103.2101",Obj_ArrowBundle_A_01,,,,,candidate_needs_flag_validation
overworld,H-4_Dynamic.xml,TBox_Field_Wood,1355194819,1355194819,"2265.573,115.0395,-247.0089",Obj_BombArrow_A_01,,,,,candidate_needs_flag_validation
overworld,H-4_Dynamic.xml,TBox_Field_Iron,1532272583,1532272583,"2757.997,177.6537,-102.503",Weapon_Spear_027,,,,,candidate_needs_flag_validation
overworld,H-4_Dynamic.xml,TBox_Field_Iron,1535280777,1535280777,"2452.003,109.41,-273.4969",PutRupee_Silver,,,,,candidate_needs_flag_validation
overworld,H-4_Dynamic.xml,TBox_Field_Stone,2026648602,2026648602,"2632.811,205.7951,-217.4775",Weapon_Bow_002,,,,,candidate_needs_flag_validation
overworld,H-4_Dynamic.xml,TBox_Field_Iron,-2051388230,2243579066,"2810,176.3577,-164.9999",Obj_IceArrow_A_03,,,,,candidate_needs_flag_validation
overworld,H-4_Dynamic.xml,TBox_Field_Stone,-1952893116,2342074180,"2688.5,200.9391,-290",PutRupee_Purple,,,,,candidate_needs_flag_validation
overworld,H-4_Dynamic.xml,TBox_Field_Iron,-1595005010,2699962286,"2723.38,428.2895,-558.557",Weapon_Bow_013,,,,,candidate_needs_flag_validation
overworld,H-4_Dynamic.xml,TBox_Field_Stone,-1102626592,3192340704,"2282.77,198.6747,-172.8984",Obj_ArrowBundle_A_02,,,,,candidate_needs_flag_validation
overworld,H-4_Dynamic.xml,TBox_Field_Iron,-1008534459,3286432837,"2781.996,152.1145,-288.4984",Item_Ore_E,,,,,candidate_needs_flag_validation
overworld,H-4_Dynamic.xml,TBox_Field_Iron,-728220559,3566746737,"2118.4,217.3142,-885.1",Weapon_Spear_031,,,,,candidate_needs_flag_validation
overworld,H-4_Dynamic.xml,TBox_Field_Iron,-635443624,3659523672,"2662.316,326.0582,-599.5507",Obj_IceArrow_A_02,,,,,candidate_needs_flag_validation
overworld,H-4_Dynamic.xml,TBox_Field_Stone,-525259637,3769707659,"2220.781,166.6154,-70.77032",Obj_BombArrow_A_02,,,,,candidate_needs_flag_validation
overworld,H-4_Static.xml,TBox_Field_Iron,20632817,20632817,"2788,184.3253,-265",Weapon_Shield_025,Normal,,,,candidate_needs_flag_validation
overworld,H-4_Static.xml,TBox_Field_Stone,292872964,292872964,"2743.366,232.7671,-201.5195",Weapon_Spear_030,,,,,candidate_needs_flag_validation
overworld,H-4_Static.xml,TBox_Field_Stone,1509788199,1509788199,"2882.485,396.7347,-372.376",Obj_ArrowBundle_A_01,,,,,candidate_needs_flag_validation
overworld,H-4_Static.xml,TBox_Field_Iron,2029607683,2029607683,"2174.034,157.4942,-85.55044",Weapon_Shield_031,,,,,candidate_needs_flag_validation
overworld,H-4_Static.xml,TBox_Field_Iron,2139859020,2139859020,"2696.5,164.9438,-361.5",Weapon_Sword_027,Normal,,,,candidate_needs_flag_validation
overworld,H-4_Static.xml,TBox_Field_Iron,-1733972832,2560994464,"2284.5,115.7113,-247",Weapon_Spear_028,Normal,,,,candidate_needs_flag_validation
overworld,H-4_Static.xml,TBox_Field_Enemy,-1172710364,3122256932,"2499.844,177.1192,-936.4177",Weapon_Bow_035,,,,,candidate_needs_flag_validation
overworld,H-4_Static.xml,TBox_Field_Enemy,-688587233,3606380063,"2653.969,208.8558,-70.96872",Item_Ore_C,,,,,candidate_needs_flag_validation
overworld,H-4_Static.xml,TBox_Field_Iron,-504414737,3790552559,"2447,138.9219,-251",Weapon_Spear_027,Normal,,,,candidate_needs_flag_validation
overworld,H-4_Static.xml,TBox_Field_Enemy,-443201257,3851766039,"2516.499,224.4541,-773.2734",PutRupee_Silver,,,,,candidate_needs_flag_validation
overworld,H-4_Static.xml,TBox_Field_Iron,-404540692,3890426604,"2186.903,162.3159,-150.2041",Weapon_Bow_002,,,,,candidate_needs_flag_validation
overworld,H-5_Dynamic.xml,TBox_Field_Iron,-1393121368,2901845928,"2162.15,144.1018,39.09177",Weapon_Shield_002,,,,,candidate_needs_flag_validation
overworld,H-5_Static.xml,TBox_Field_Wood,266157088,266157088,"2103,209.3889,132",Item_Ore_B,Normal,,,,candidate_needs_flag_validation
overworld,H-5_Static.xml,TBox_Field_Iron,971003604,971003604,"2852.995,183.5219,33.48283",Obj_ArrowBundle_A_01,,,,,candidate_needs_flag_validation
overworld,H-5_Static.xml,TBox_Field_Iron,1979810948,1979810948,"2087.5,198.8155,124.0001",Weapon_Sword_061,Normal,,,,candidate_needs_flag_validation
overworld,H-5_Static.xml,TBox_Field_Iron,-1922939682,2372027614,"2860.974,177.6592,39.00329",Obj_IceArrow_A_03,,,,,candidate_needs_flag_validation
overworld,H-5_Static.xml,TBox_Field_Iron,-1620958799,2674008497,"2813.02,183.45,-15.91998",Weapon_Bow_014,Normal,,,,candidate_needs_flag_validation
overworld,H-5_Static.xml,TBox_Field_Iron,-709539495,3585427801,"2902.445,180.2014,31.45311",Weapon_Bow_014,,,,,candidate_needs_flag_validation
overworld,H-6_Dynamic.xml,TBox_Field_Wood,576770187,576770187,"2647.988,204.4655,1164.508",Obj_FireArrow_A_03,,,,,candidate_needs_flag_validation
overworld,H-6_Dynamic.xml,TBox_Field_Iron,721376267,721376267,"2580.283,195.4145,1074.112",PutRupee_Purple,,,,,candidate_needs_flag_validation
overworld,H-6_Dynamic.xml,TBox_Field_Stone,793213793,793213793,"2028.773,121.9949,1928.969",Weapon_Lsword_030,,,,,candidate_needs_flag_validation
overworld,H-6_Dynamic.xml,TBox_Field_Iron,1070881855,1070881855,"2607.509,205.1126,1038.498",Obj_ElectricArrow_A_02,,,,,candidate_needs_flag_validation
overworld,H-6_Dynamic.xml,TBox_Field_Iron,1122705485,1122705485,"2159.255,103.0748,1438.381",Obj_ArrowBundle_A_02,,,,,candidate_needs_flag_validation
overworld,H-6_Dynamic.xml,TBox_Field_Stone,1336487113,1336487113,"2547.115,212.0878,1082.706",Weapon_Sword_048,,,,,candidate_needs_flag_validation
overworld,H-6_Dynamic.xml,TBox_Field_Stone,1965651867,1965651867,"2348.646,143.5479,1753.893",Weapon_Lsword_031,,,,,candidate_needs_flag_validation
overworld,H-6_Dynamic.xml,TBox_Field_Iron,2112563469,2112563469,"3068.98,195.3849,1137.062",Weapon_Sword_003,,,,,candidate_needs_flag_validation
overworld,H-6_Dynamic.xml,TBox_Field_Wood,-2113421111,2181546185,"2428.903,200.6494,928.3565",Obj_BombArrow_A_02,,,,,candidate_needs_flag_validation
overworld,H-6_Dynamic.xml,TBox_Field_Iron,-1933472223,2361495073,"2471.448,195.3081,1011.224",Item_Ore_E,,,,,candidate_needs_flag_validation
overworld,H-6_Dynamic.xml,TBox_Field_Iron,-1404978849,2889988447,"2800.51,195.1955,1165.912",Item_Ore_E,,,,,candidate_needs_flag_validation
overworld,H-6_Dynamic.xml,TBox_Field_Stone,-1252549478,3042417818,"2985.978,206.8221,1169.956",Obj_IceArrow_A_03,,,,,candidate_needs_flag_validation
overworld,H-6_Dynamic.xml,TBox_Field_Iron,-746643346,3548323950,"2257.039,103.2083,1385.189",PutRupee_Purple,,,,,candidate_needs_flag_validation
overworld,H-6_Dynamic.xml,TBox_Field_Iron,-608293595,3686673701,"2713.595,195.4175,1240.013",Weapon_Sword_002,,,,,candidate_needs_flag_validation
overworld,H-6_Dynamic.xml,TBox_Field_Wood,-413737390,3881229906,"2912.012,200.6494,1133.481",PutRupee_Purple,,,,,candidate_needs_flag_validation
overworld,H-6_Static.xml,TBox_Field_Enemy,999953490,999953490,"2172.237,218.7603,1369.199",Obj_Maracas,,,,,candidate_needs_flag_validation
overworld,H-6_Static.xml,TBox_Field_Stone,1037519518,1037519518,"2355.025,202.7639,1713.532",Item_Ore_I,,,,,candidate_needs_flag_validation
overworld,H-6_Static.xml,TBox_Field_Enemy,1039277961,1039277961,"2530.37,122.1438,1843.572",Item_Ore_E,,,,,candidate_needs_flag_validation
overworld,H-6_Static.xml,TBox_Field_Stone,1216984011,1216984011,"2338.062,119.1706,1726.662",Item_Ore_E,,,,,candidate_needs_flag_validation
overworld,H-6_Static.xml,TBox_Field_Stone,2110462589,2110462589,"2339.563,119.2369,1726.597",Weapon_Shield_034,,,,,candidate_needs_flag_validation
overworld,H-6_Static.xml,TBox_Field_Wood,-1941301054,2353666242,"2675.5,276.9253,1385.5",Weapon_Sword_024,Normal,,,,candidate_needs_flag_validation
overworld,H-6_Static.xml,TBox_Field_Stone,-1683440653,2611526643,"2782.838,152.1082,1742.34",Item_Ore_F,,,,,candidate_needs_flag_validation
overworld,H-6_Static.xml,TBox_Field_Enemy,-1547349243,2747618053,"2073.248,126.7808,1821.721",Item_Ore_E,,,,,candidate_needs_flag_validation
overworld,H-6_Static.xml,TBox_Field_Stone,-742492762,3552474534,"2308.473,268.955,1249.592",PutRupee_Purple,,,,,candidate_needs_flag_validation
overworld,H-6_Static.xml,TBox_Field_Iron,-64951219,4230016077,"2257.5,238,1375.5",Weapon_Bow_029,Normal,,,,candidate_needs_flag_validation
overworld,H-7_Dynamic.xml,TBox_Field_Wood,1325848240,1325848240,"2822.691,119.3775,2121.387",Obj_ArrowBundle_A_02,,,,,candidate_needs_flag_validation
overworld,H-7_Dynamic.xml,TBox_Field_Stone,1549979885,1549979885,"2675.906,276.8286,2981.418",Obj_IceArrow_A_03,,,,,candidate_needs_flag_validation
overworld,H-7_Dynamic.xml,TBox_Field_Iron,-1472115440,2822851856,"2421.838,326.6022,2779.309",PutRupee_Gold,,,,,candidate_needs_flag_validation
overworld,H-7_Dynamic.xml,TBox_Field_Stone,-1215458878,3079508418,"2818.829,257.1418,2738.996",Weapon_Lsword_051,,,,,candidate_needs_flag_validation
overworld,H-7_Dynamic.xml,TBox_Field_Iron,-1196060440,3098906856,"2955.506,112.8951,2160.948",Item_Ore_E,,,,,candidate_needs_flag_validation
overworld,H-7_Dynamic.xml,TBox_Field_Wood,-299555116,3995412180,"2641.133,226.2479,2420.695",PutRupee_Purple,,,,,candidate_needs_flag_validation
overworld,H-7_Static.xml,TBox_Field_Enemy,2142154964,2142154964,"2490.574,212.2941,2245.823",Obj_FireArrow_A_03,,,,,candidate_needs_flag_validation
overworld,H-7_Static.xml,TBox_Field_Iron,-2051001334,2243965962,"2910.9,265.8,1993.8",Weapon_Lsword_041,Normal,,,,candidate_needs_flag_validation
overworld,H-7_Static.xml,TBox_Field_Wood,-867448201,3427519095,"2780.757,209.4825,2224.121",Obj_ArrowBundle_A_02,,,,,candidate_needs_flag_validation
overworld,H-7_Static.xml,TBox_Field_Wood,-84419985,4210547311,"2818.667,217.9951,2270.821",Item_Ore_E,,,,,candidate_needs_flag_validation
overworld,H-8_Dynamic.xml,TBox_Field_Iron,100295353,100295353,"2473.923,246.9165,3605.436",Obj_FireArrow_A_03,,,,,candidate_needs_flag_validation
overworld,H-8_Dynamic.xml,TBox_Field_Iron,286295037,286295037,"2967.011,101.3814,3501.98",Obj_FireArrow_A_03,,,,,candidate_needs_flag_validation
overworld,H-8_Dynamic.xml,TBox_Field_Iron,464024192,464024192,"2134.747,100.8852,3750.681",Weapon_Bow_035,,,,,candidate_needs_flag_validation
overworld,H-8_Dynamic.xml,TBox_Field_Iron,498854459,498854459,"2161.241,108.6536,3580.266",Item_Ore_D,,,,,candidate_needs_flag_validation
overworld,H-8_Dynamic.xml,TBox_Field_Iron,500137107,500137107,"2133.184,101.4422,3893.916",Item_Ore_D,,,,,candidate_needs_flag_validation
overworld,H-8_Dynamic.xml,TBox_Field_Iron,910468887,910468887,"2179.445,102.6764,3798.683",Item_Ore_F,,,,,candidate_needs_flag_validation
overworld,H-8_Dynamic.xml,TBox_Field_Iron,996157908,996157908,"2955.424,101.3139,3540.071",Item_Ore_F,,,,,candidate_needs_flag_validation
overworld,H-8_Dynamic.xml,TBox_Field_Iron,1223229531,1223229531,"2128.563,100.8403,3744.13",Item_Ore_E,,,,,candidate_needs_flag_validation
overworld,H-8_Dynamic.xml,TBox_Field_Iron,1225528380,1225528380,"2969.66,100.895,3778.677",Obj_ElectricArrow_A_03,,,,,candidate_needs_flag_validation
overworld,H-8_Dynamic.xml,TBox_Field_Iron,1454666335,1454666335,"2837.679,105.29,3877.223",Item_Ore_F,,,,,candidate_needs_flag_validation
overworld,H-8_Dynamic.xml,TBox_Field_Iron,1655335696,1655335696,"2194.127,22.24596,3715.967",Item_Ore_F,,,,,candidate_needs_flag_validation
overworld,H-8_Dynamic.xml,TBox_Field_Iron,1982372038,1982372038,"2068.464,103.2909,3870.342",Weapon_Sword_002,,,,,candidate_needs_flag_validation
overworld,H-8_Dynamic.xml,TBox_Field_Iron,-2095543250,2199424046,"2029.904,102.6193,3903.229",PutRupee_Silver,,,,,candidate_needs_flag_validation
overworld,H-8_Dynamic.xml,TBox_Field_Iron,-2011573689,2283393607,"2904.319,101.3927,3522.288",PutRupee_Purple,,,,,candidate_needs_flag_validation
overworld,H-8_Dynamic.xml,TBox_Field_Iron,-1890433576,2404533720,"2491.393,245.5264,3533.858",PutRupee_Red,,,,,candidate_needs_flag_validation
overworld,H-8_Dynamic.xml,TBox_Field_Iron,-1818439055,2476528241,"2906.682,100.8378,3905.859",Item_Ore_C,,,,,candidate_needs_flag_validation
overworld,H-8_Dynamic.xml,TBox_Field_Iron,-1619832060,2675135236,"2953.963,100.8404,3795.195",Item_Ore_E,,,,,candidate_needs_flag_validation
overworld,H-8_Dynamic.xml,TBox_Field_Iron,-1582058541,2712908755,"2976.898,101.6559,3695.989",PutRupee_Purple,,,,,candidate_needs_flag_validation
overworld,H-8_Dynamic.xml,TBox_Field_Iron,-1533471983,2761495313,"2940.522,102.2295,3476.033",Item_Ore_F,,,,,candidate_needs_flag_validation
overworld,H-8_Dynamic.xml,TBox_Field_Iron,-1299763841,2995203455,"2689.813,126.4881,3855.889",Item_Ore_F,,,,,candidate_needs_flag_validation
overworld,H-8_Dynamic.xml,TBox_Field_Iron,-680233014,3614734282,"2590.984,283.8795,3533.56",Weapon_Spear_030,,,,,candidate_needs_flag_validation
overworld,H-8_Dynamic.xml,TBox_Field_Iron,-437581555,3857385741,"2556.248,105.5618,3913.339",PutRupee_Silver,,,,,candidate_needs_flag_validation
overworld,H-8_Dynamic.xml,TBox_Field_Iron,-14753071,4280214225,"2988.09,99.33402,3609.848",PutRupee_Purple,,,,,candidate_needs_flag_validation
overworld,H-8_Static.xml,TBox_Field_Wood,614595506,614595506,"2800.573,201.8662,3195.394",Weapon_Bow_002,,,,,candidate_needs_flag_validation
overworld,H-8_Static.xml,TBox_Field_Gamble,1525150591,1525150591,"2976.182,118.1463,3370.532",,Normal,,,,candidate_needs_flag_validation
overworld,H-8_Static.xml,TBox_Field_Iron_NoReaction,-1709700102,2585267194,"2857.952,109.7603,3380.442",Item_Ore_J,,,,,candidate_needs_flag_validation
overworld,H-8_Static.xml,TBox_Field_Gamble,-1437454309,2857512987,"2978.515,118.1463,3372.419",,Normal,,,,candidate_needs_flag_validation
overworld,H-8_Static.xml,TBox_Field_Gamble,-787232730,3507734566,"2973.849,118.1463,3368.646",,Normal,,,,candidate_needs_flag_validation
overworld,H-8_Static.xml,TBox_Field_Enemy,-548344095,3746623201,"2102.119,132.1816,3929.952",Weapon_Spear_003,,,,,candidate_needs_flag_validation
overworld,I-1_Static.xml,TBox_Field_Iron_NoReaction_Collabo,696414052,696414052,"3636,302,-3520",Armor_185_Upper,Normal,,,,candidate_needs_flag_validation
overworld,I-1_Static.xml,TBox_Field_Wood,-713946995,3581020301,"3377.242,331.3585,-3661.082",Weapon_Spear_031,,,,,candidate_needs_flag_validation
overworld,I-2_Dynamic.xml,TBox_Field_Stone,-2083878686,2211088610,"3139.585,446.4553,-2819.606",PutRupee_Gold,,,,,candidate_needs_flag_validation
overworld,I-2_Dynamic.xml,TBox_Field_Stone,-566020712,3728946584,"3144.746,446.3324,-2811.532",Obj_BombArrow_A_03,,,,,candidate_needs_flag_validation
overworld,I-2_Static.xml,TBox_Field_Wood,515835868,515835868,"3467.278,221.0612,-2253.661",PutRupee_Purple,,,,,candidate_needs_flag_validation
overworld,I-3_Dynamic.xml,TBox_Field_Iron,44135018,44135018,"3707.904,184.045,-1294.448",Weapon_Shield_025,,,,,candidate_needs_flag_validation
overworld,I-3_Dynamic.xml,TBox_Field_Iron,388443518,388443518,"3982.29,191.1342,-1736.417",PutRupee_Gold,,,,,candidate_needs_flag_validation
overworld,I-3_Dynamic.xml,TBox_Field_Iron,1385678178,1385678178,"3734.623,188.455,-1182.77",PutRupee_Gold,,,,,candidate_needs_flag_validation
overworld,I-3_Dynamic.xml,TBox_Field_Wood,1732745671,1732745671,"3297.298,520.1732,-1493.502",Obj_FireArrow_A_03,,,,,candidate_needs_flag_validation
overworld,I-3_Dynamic.xml,TBox_Field_Iron,-2056604190,2238363106,"3738.62,181.7157,-1324.422",Weapon_Bow_014,,,,,candidate_needs_flag_validation
overworld,I-3_Dynamic.xml,TBox_Field_Iron,-1923785301,2371181995,"3735.742,179.3499,-1283.424",Obj_IceArrow_A_03,,,,,candidate_needs_flag_validation
overworld,I-3_Dynamic.xml,TBox_Field_Iron,-1565642503,2729324793,"3307.618,521.1595,-1511.447",PutRupee_Silver,,,,,candidate_needs_flag_validation
overworld,I-3_Dynamic.xml,TBox_Field_Iron,-880073514,3414893782,"3330.248,527.7555,-1479.547",Obj_BombArrow_A_02,,,,,candidate_needs_flag_validation
overworld,I-3_Static.xml,TBox_Field_Iron,382308894,382308894,"3775.5,219,-1231",Weapon_Sword_033,Normal,,,,candidate_needs_flag_validation
overworld,I-3_Static.xml,TBox_Field_Iron_NoReaction,455907821,455907821,"3202.184,306.0452,-1702.599",Weapon_Lsword_003,,,,,candidate_needs_flag_validation
overworld,I-3_Static.xml,TBox_Field_Iron,558118130,558118130,"3187,395.4161,-1422",Weapon_Lsword_024,Normal,,,,candidate_needs_flag_validation
overworld,I-3_Static.xml,TBox_Field_Wood,837372312,837372312,"3653,260.5,-1243.5",Item_Ore_D,Normal,,,,candidate_needs_flag_validation
overworld,I-3_Static.xml,TBox_Field_Iron,914656641,914656641,"3689.4,341,-991.8",Weapon_Lsword_037,Normal,,,,candidate_needs_flag_validation
overworld,I-3_Static.xml,TBox_Field_Iron,1099152663,1099152663,"3026.5,388.4153,-1247.5",Weapon_Lsword_034,Normal,,,,candidate_needs_flag_validation
overworld,I-3_Static.xml,TBox_Field_Wood,1190033678,1190033678,"3263.1,439.4,-1801.4",Item_Ore_A,Normal,,,,candidate_needs_flag_validation
overworld,I-3_Static.xml,TBox_Field_Iron,1752755875,1752755875,"3672.5,254.5,-1230",Weapon_Spear_033,Normal,,,,candidate_needs_flag_validation
overworld,I-3_Static.xml,TBox_Field_Iron,-1883192412,2411774884,"3706,195,-1232.5",Weapon_Sword_048,Normal,,,,candidate_needs_flag_validation
overworld,I-3_Static.xml,TBox_Field_Enemy,-1708656555,2586310741,"3073.551,387.4927,-1148.07",Obj_BombArrow_A_02,,,,,candidate_needs_flag_validation
overworld,I-3_Static.xml,TBox_Field_Wood,-1461708766,2833258530,"3734,199.3476,-1229",Item_Ore_B,Normal,,,,candidate_needs_flag_validation
overworld,I-3_Static.xml,TBox_Field_Wood,-1349657541,2945309755,"3610.5,343.4369,-1026",Weapon_Sword_003,Normal,,,,candidate_needs_flag_validation
overworld,I-3_Static.xml,TBox_Field_Iron_NoReaction,-1280412641,3014554655,"3940.296,232.5967,-1649.197",Obj_BombArrow_A_02,,,,,candidate_needs_flag_validation
overworld,I-3_Static.xml,TBox_Field_Wood,-956556811,3338410485,"3257.8,417.1382,-1878.8",Weapon_Sword_024,Normal,,,,candidate_needs_flag_validation
overworld,I-3_Static.xml,TBox_Field_Iron,-661984083,3632983213,"3860,344.4369,-1110",Weapon_Spear_031,Normal,,,,candidate_needs_flag_validation
overworld,I-4_Dynamic.xml,TBox_Field_Iron,1239682,1239682,"3057.564,181.0333,-152.2138",PutRupee_Silver,,,,,candidate_needs_flag_validation
overworld,I-4_Dynamic.xml,TBox_Field_Iron,29985339,29985339,"3307.537,208.5128,-567.2966",Obj_IceArrow_A_03,,,,,candidate_needs_flag_validation
overworld,I-4_Dynamic.xml,TBox_Field_Iron,225004724,225004724,"3357.125,208.5114,-510.838",Obj_FireArrow_A_03,,,,,candidate_needs_flag_validation
overworld,I-4_Dynamic.xml,TBox_Field_Iron,377195081,377195081,"3391.954,208.5106,-481.0162",Item_Ore_F,,,,,candidate_needs_flag_validation
overworld,I-4_Dynamic.xml,TBox_Field_Iron,598465132,598465132,"3126.501,181.4063,-45.98735",Obj_IceArrow_A_03,,,,,candidate_needs_flag_validation
overworld,I-4_Dynamic.xml,TBox_Field_Stone,824379463,824379463,"3546,317.375,-392.7",Weapon_Shield_003,,,,,candidate_needs_flag_validation
overworld,I-4_Dynamic.xml,TBox_Field_Iron,1039414755,1039414755,"4060.953,381.1199,-589.5671",Weapon_Sword_002,,,,,candidate_needs_flag_validation
overworld,I-4_Dynamic.xml,TBox_Field_Iron,1054358123,1054358123,"3566.003,324.4021,-985.9872",PutRupee_Silver,,,,,candidate_needs_flag_validation
overworld,I-4_Dynamic.xml,TBox_Field_Stone,1237367464,1237367464,"3305.986,216.9349,-479.2298",PutRupee_Silver,,,,,candidate_needs_flag_validation
overworld,I-4_Dynamic.xml,TBox_Field_Iron,1369310247,1369310247,"3466.359,499.2246,-889.0544",Armor_006_Head,,,,,candidate_needs_flag_validation
overworld,I-4_Dynamic.xml,TBox_Field_Iron,1389340257,1389340257,"3250.265,208.5116,-450.1173",Item_Ore_E,,,,,candidate_needs_flag_validation
overworld,I-4_Dynamic.xml,TBox_Field_Iron,1424156752,1424156752,"3242.471,274.4832,-29.90753",Obj_BombArrow_A_02,,,,,candidate_needs_flag_validation
overworld,I-4_Dynamic.xml,TBox_Field_Stone,1704474960,1704474960,"3560.35,469.0524,-964.3795",Item_Ore_B,,,,,candidate_needs_flag_validation
overworld,I-4_Dynamic.xml,TBox_Field_Wood,1781413350,1781413350,"3315.622,-22.71017,-1037.008",Weapon_Bow_002,,,,,candidate_needs_flag_validation
overworld,I-4_Dynamic.xml,TBox_Field_Stone,1936720710,1936720710,"3265.741,216.3032,-476.8647",Weapon_Spear_027,,,,,candidate_needs_flag_validation
overworld,I-4_Dynamic.xml,TBox_Field_Iron,-1923535882,2371431414,"3374.993,208.5022,-701.9938",Obj_IceArrow_A_02,,,,,candidate_needs_flag_validation
overworld,I-4_Dynamic.xml,TBox_Field_Stone,-1734091378,2560875918,"3308.59,251.412,-387.8895",Item_Ore_E,,,,,candidate_needs_flag_validation
overworld,I-4_Dynamic.xml,TBox_Field_Stone,-1571545390,2723421906,"3235.387,251.4163,-420.7831",Weapon_Bow_014,,,,,candidate_needs_flag_validation
overworld,I-4_Dynamic.xml,TBox_Field_Iron,-1287634870,3007332426,"3161.111,181.391,-133.701",Weapon_Bow_029,,,,,candidate_needs_flag_validation
overworld,I-4_Dynamic.xml,TBox_Field_Iron,-1041471937,3253495359,"3717.606,324.4485,-895.7139",Weapon_Bow_014,,,,,candidate_needs_flag_validation
overworld,I-4_Dynamic.xml,TBox_Field_Iron,-891682453,3403284843,"3220.572,184.1683,-281.2653",Item_Ore_F,,,,,candidate_needs_flag_validation
overworld,I-4_Dynamic.xml,TBox_Field_Stone,-679544030,3615423266,"3312.691,267.462,-542.9265",Weapon_Shield_025,,,,,candidate_needs_flag_validation
overworld,I-4_Dynamic.xml,TBox_Field_Stone,-414515092,3880452204,"3683.277,450.9594,-846.7966",Weapon_Spear_028,,,,,candidate_needs_flag_validation
overworld,I-4_Dynamic.xml,TBox_Field_Stone,-361670094,3933297202,"3329.774,297.4378,-532.7778",Weapon_Spear_027,,,,,candidate_needs_flag_validation
overworld,I-4_Dynamic.xml,TBox_Field_Wood,-257715982,4037251314,"3853.683,328.6793,-1079.111",Obj_BombArrow_A_02,,,,,candidate_needs_flag_validation
overworld,I-4_Static.xml,TBox_Field_Iron,158219254,158219254,"3577,328.8454,-567",Weapon_Bow_002,Normal,,,,candidate_needs_flag_validation
overworld,I-4_Static.xml,TBox_Field_Iron,574842933,574842933,"3545.5,505.3543,-966.5",Weapon_Shield_025,Normal,,,,candidate_needs_flag_validation
overworld,I-4_Static.xml,TBox_Field_Stone,600253898,600253898,"3263,184.0758,-362.5",PutRupee_Gold,,,,,candidate_needs_flag_validation
overworld,I-4_Static.xml,TBox_Field_Wood,674475238,674475238,"3382,457.7829,-750.5",Item_Ore_B,Normal,,,,candidate_needs_flag_validation
overworld,I-4_Static.xml,TBox_Field_Iron,1378458810,1378458810,"3697.5,329.3938,-880.8",Weapon_Lsword_033,Normal,,,,candidate_needs_flag_validation
overworld,I-4_Static.xml,TBox_Field_Wood,1597283440,1597283440,"3597,296.9565,-553.5",Item_Ore_E,Normal,,,,candidate_needs_flag_validation
overworld,I-4_Static.xml,TBox_Field_Iron,-2134239450,2160727846,"3714,520.3458,-599.5",Weapon_Bow_014,Normal,,,,candidate_needs_flag_validation
overworld,I-4_Static.xml,TBox_Field_Iron,-1760907691,2534059605,"3081,348.3491,-472.5",Weapon_Lsword_027,Normal,,,,candidate_needs_flag_validation
overworld,I-4_Static.xml,TBox_Field_Stone,-1630380856,2664586440,"3980.984,395.1035,-823.4191",Item_Ore_E,,,,,candidate_needs_flag_validation
overworld,I-4_Static.xml,TBox_Field_Iron,-1321534116,2973433180,"3062.5,266.4077,12.5",Weapon_Spear_034,Normal,,,,candidate_needs_flag_validation
overworld,I-4_Static.xml,TBox_Field_Iron,-1198739081,3096228215,"3372.5,282.3395,-692.5",Weapon_Spear_027,Normal,,,,candidate_needs_flag_validation
overworld,I-4_Static.xml,TBox_Field_Stone_NoReaction,-1189873269,3105094027,"3328.989,269.462,-547.3601",Weapon_Spear_050,,,,,candidate_needs_flag_validation
overworld,I-4_Static.xml,TBox_Field_Wood,-969028150,3325939146,"3402,407.3081,-767.5",Item_Ore_A,Normal,,,,candidate_needs_flag_validation
overworld,I-4_Static.xml,TBox_Field_Iron,-797939451,3497027845,"3378.5,397.8589,-776.5",Weapon_Spear_024,Normal,,,,candidate_needs_flag_validation
overworld,I-4_Static.xml,TBox_Field_Iron,-25465957,4269501339,"3640.5,427.3253,-577",Weapon_Lsword_074,Normal,,,,candidate_needs_flag_validation
overworld,I-5_Dynamic.xml,TBox_Field_Iron,131922223,131922223,"3518.865,257.5112,264.3376",Weapon_Spear_030,,,,,candidate_needs_flag_validation
overworld,I-5_Dynamic.xml,TBox_Field_Iron,511163824,511163824,"3701.113,102.516,652.5584",Obj_IceArrow_A_03,,,,,candidate_needs_flag_validation
overworld,I-5_Dynamic.xml,TBox_Field_Iron,767501701,767501701,"3633.434,103.5469,663.7729",PutRupee_Silver,,,,,candidate_needs_flag_validation
overworld,I-5_Dynamic.xml,TBox_Field_Wood,1689737867,1689737867,"3868.634,105.745,513.5218",Obj_BombArrow_A_02,,,,,candidate_needs_flag_validation
overworld,I-5_Dynamic.xml,TBox_Field_Iron,-1852876691,2442090605,"3124.998,239.1355,183.5004",Weapon_Spear_027,,,,,candidate_needs_flag_validation
overworld,I-5_Dynamic.xml,TBox_Field_Iron,-1482457515,2812509781,"3301.295,137.5173,609.8622",PutRupee_Silver,,,,,candidate_needs_flag_validation
overworld,I-5_Dynamic.xml,TBox_Field_Iron,-965433637,3329533659,"3685.212,102.1401,665.067",Item_Ore_B,,,,,candidate_needs_flag_validation
overworld,I-5_Dynamic.xml,TBox_Field_Iron,-563849434,3731117862,"3139.999,239.1376,198.9982",IceArrow,,,,,candidate_needs_flag_validation
overworld,I-5_Dynamic.xml,TBox_Field_Iron,-397187899,3897779397,"3640.214,104.7131,651.9041",PutRupee_Purple,,,,,candidate_needs_flag_validation
overworld,I-5_Dynamic.xml,TBox_Field_Wood,-380454041,3914513255,"3832.755,105.8194,502.7407",PutRupee_Purple,,,,,candidate_needs_flag_validation
overworld,I-5_Static.xml,TBox_Field_Wood,149982252,149982252,"3152.004,117.212,477.9308",Obj_IceArrow_A_03,,,,,candidate_needs_flag_validation
overworld,I-5_Static.xml,TBox_Field_Enemy,-1508742176,2786225120,"3960.171,148.4134,392.6749",PutRupee_Silver,,,,,candidate_needs_flag_validation
overworld,I-5_Static.xml,TBox_Field_Stone,-1127480161,3167487135,"3104.5,277.4131,148.9999",PutRupee_Silver,,,,,candidate_needs_flag_validation
overworld,I-5_Static.xml,TBox_Field_Enemy,-689737480,3605229816,"3604.57,313.8099,319.8259",Obj_FireArrow_A_03,,,,,candidate_needs_flag_validation
overworld,I-5_Static.xml,TBox_Field_Iron,-363907077,3931060219,"4038.198,112.3515,418.9549",Weapon_Shield_032,,,,,candidate_needs_flag_validation
overworld,I-5_Static.xml,TBox_Field_Iron,-299174066,3995793230,"3665.145,352.0646,82.38699",Obj_ArrowBundle_A_02,,,,,candidate_needs_flag_validation
overworld,I-6_Dynamic.xml,TBox_Field_Iron,287994949,287994949,"2873.61,114.9666,2242.96",Item_Ore_F,,,,,candidate_needs_flag_validation
overworld,I-6_Dynamic.xml,TBox_Field_Iron,442485578,442485578,"3172.859,163.2851,1620.896",PutRupee_Purple,,,,,candidate_needs_flag_validation
overworld,I-6_Dynamic.xml,TBox_Field_Iron,783210943,783210943,"2956.296,103.5191,2229.233",Obj_ElectricArrow_A_03,,,,,candidate_needs_flag_validation
overworld,I-6_Dynamic.xml,TBox_Field_Wood,-1103299758,3191667538,"3183.679,172.3654,1668.179",Item_Ore_F,,,,,candidate_needs_flag_validation
overworld,I-6_Dynamic.xml,TBox_Field_Iron,-959306813,3335660483,"3192.748,165.3069,1799.911",Item_Ore_E,,,,,candidate_needs_flag_validation
overworld,I-6_Dynamic.xml,TBox_Field_Wood,-95821402,4199145894,"3201.995,172.3652,1757.823",Obj_ArrowBundle_A_02,,,,,candidate_needs_flag_validation
overworld,I-6_Static.xml,TBox_Field_Stone,753815850,753815850,"3314.053,209.217,1935.986",PutRupee_Purple,,,,,candidate_needs_flag_validation
overworld,I-6_Static.xml,TBox_Field_Iron,-892175170,3402792126,"3177,238.9512,1756",Weapon_Shield_003,Normal,,,,candidate_needs_flag_validation
overworld,I-7_Dynamic.xml,TBox_Field_Iron,139611962,139611962,"3447.385,221.6138,2164.513",Item_Ore_E,,,,,candidate_needs_flag_validation
overworld,I-7_Dynamic.xml,TBox_Field_Iron,1737237722,1737237722,"3634.192,101.9194,2471.901",PutRupee_Silver,,,,,candidate_needs_flag_validation
overworld,I-7_Dynamic.xml,TBox_Field_Iron,1756624524,1756624524,"3518.383,98.59763,2992.747",PutRupee_Silver,,,,,candidate_needs_flag_validation
overworld,I-7_Dynamic.xml,TBox_Field_Iron,2136309676,2136309676,"3506.57,137.5319,2128.541",PutRupee_Purple,,,,,candidate_needs_flag_validation
overworld,I-7_Dynamic.xml,TBox_Field_Iron,-430166506,3864800790,"3022.628,106.9493,2016.627",Obj_ArrowBundle_A_02,,,,,candidate_needs_flag_validation
overworld,I-7_Dynamic.xml,TBox_Field_Wood,-354289572,3940677724,"3025.796,114.3692,2209.785",PutRupee_Purple,,,,,candidate_needs_flag_validation
overworld,I-7_Static.xml,TBox_Field_Iron,-737271727,3557695569,"3773.344,100.5167,2647.44",PutRupee_Gold,,,,,candidate_needs_flag_validation
overworld,I-7_Static.xml,TBox_Field_Iron_NoReaction,-384766669,3910200627,"3613.534,285.2426,1956.708",PutRupee_Silver,,,,,candidate_needs_flag_validation
overworld,I-8_Dynamic.xml,TBox_Field_Iron,137887917,137887917,"2910.357,100.9408,3775.567",Item_Ore_F,,,,,candidate_needs_flag_validation
overworld,I-8_Dynamic.xml,TBox_Field_Iron,169212219,169212219,"2929.624,100.8937,3746.306",PutRupee_Red,,,,,candidate_needs_flag_validation
overworld,I-8_Dynamic.xml,TBox_Field_Wood,441992928,441992928,"3375.769,105.2622,3631.573",PutRupee_Red,,,,,candidate_needs_flag_validation
overworld,I-8_Dynamic.xml,TBox_Field_Iron,461693195,461693195,"3528.807,100.8654,3940.343",PutRupee_Purple,,,,,candidate_needs_flag_validation
overworld,I-8_Dynamic.xml,TBox_Field_Iron,546454289,546454289,"3230.251,100.563,3899.929",PutRupee_Purple,,,,,candidate_needs_flag_validation
overworld,I-8_Dynamic.xml,TBox_Field_Iron,890467781,890467781,"3801.798,98.83642,3344.464",PutRupee_Purple,,,,,candidate_needs_flag_validation
overworld,I-8_Dynamic.xml,TBox_Field_Iron,893358713,893358713,"3683.071,100.8017,3929.356",Item_Ore_D,,,,,candidate_needs_flag_validation
overworld,I-8_Dynamic.xml,TBox_Field_Iron,1058824036,1058824036,"3706.51,105.8415,3808.428",PutRupee_Purple,,,,,candidate_needs_flag_validation
overworld,I-8_Dynamic.xml,TBox_Field_Iron,1154148229,1154148229,"3177.866,105.6298,3728.5",PutRupee_Red,,,,,candidate_needs_flag_validation
overworld,I-8_Dynamic.xml,TBox_Field_Wood,1767134980,1767134980,"3316.253,107.625,3916.408",PutRupee_Silver,,,,,candidate_needs_flag_validation
overworld,I-8_Dynamic.xml,TBox_Field_Iron,1767830151,1767830151,"3012.82,101.4437,3655.862",Item_Ore_D,,,,,candidate_needs_flag_validation
overworld,I-8_Dynamic.xml,TBox_Field_Iron,1882321148,1882321148,"3173.996,100.7467,3914.983",Obj_IceArrow_A_03,,,,,candidate_needs_flag_validation
overworld,I-8_Dynamic.xml,TBox_Field_Iron,1933608495,1933608495,"3169.205,101.4031,3777.29",Obj_IceArrow_A_03,,,,,candidate_needs_flag_validation
overworld,I-8_Dynamic.xml,TBox_Field_Iron,-2024762453,2270204843,"3840.883,102.3804,3662.17",Item_Ore_D,,,,,candidate_needs_flag_validation
overworld,I-8_Dynamic.xml,TBox_Field_Iron,-1956900873,2338066423,"3156.879,100.812,3808.432",Weapon_Shield_003,,,,,candidate_needs_flag_validation
overworld,I-8_Dynamic.xml,TBox_Field_Iron,-1367047419,2927919877,"3364.535,102.9034,3613.513",Item_Ore_F,,,,,candidate_needs_flag_validation
overworld,I-8_Dynamic.xml,TBox_Field_Iron,-1287393749,3007573547,"3581.538,98.60569,3615.779",Item_Ore_C,,,,,candidate_needs_flag_validation
overworld,I-8_Dynamic.xml,TBox_Field_Iron,-1199189401,3095777895,"3865.787,101.0993,3757.425",Item_Ore_D,,,,,candidate_needs_flag_validation
overworld,I-8_Dynamic.xml,TBox_Field_Wood,-1056021203,3238946093,"3671.396,105.2623,3342.587",PutRupee_Purple,,,,,candidate_needs_flag_validation
overworld,I-8_Dynamic.xml,TBox_Field_Wood,-952307340,3342659956,"3916.251,105.2478,3881.509",Item_Ore_D,,,,,candidate_needs_flag_validation
overworld,I-8_Dynamic.xml,TBox_Field_Iron,-944930414,3350036882,"3938.432,98.94866,3438.426",PutRupee_Silver,,,,,candidate_needs_flag_validation
overworld,I-8_Dynamic.xml,TBox_Field_Iron,-641755010,3653212286,"3582.882,98.60835,3621.299",PutRupee_Silver,,,,,candidate_needs_flag_validation
overworld,I-8_Dynamic.xml,TBox_Field_Iron,-387466149,3907501147,"3626.302,101.3198,3429.12",Item_Ore_D,,,,,candidate_needs_flag_validation
overworld,I-8_Dynamic.xml,TBox_Field_Wood,-274475851,4020491445,"3908.504,105.2501,3885.024",Item_Ore_D,,,,,candidate_needs_flag_validation
overworld,I-8_Dynamic.xml,TBox_Field_Iron,-60415975,4234551321,"3418.833,102.9259,3004.174",Obj_IceArrow_A_03,,,,,candidate_needs_flag_validation
overworld,I-8_Static.xml,TBox_Field_Iron,1068442606,1068442606,"3015.732,100.815,3896.531",Item_Ore_D,,,,,candidate_needs_flag_validation
overworld,I-8_Static.xml,TBox_Field_Iron,1453896671,1453896671,"3017.38,100.819,3900.455",Weapon_Sword_035,,,,,candidate_needs_flag_validation
overworld,I-8_Static.xml,TBox_Field_Enemy,-1959536881,2335430415,"3375.893,283.6814,3240.939",Weapon_Spear_002,,,,,candidate_needs_flag_validation
overworld,I-8_Static.xml,TBox_Field_Iron,-1061143940,3233823356,"3015.001,100.8177,3900.458",Item_Ore_D,,,,,candidate_needs_flag_validation
overworld,I-8_Static.xml,TBox_Field_Iron,-976614989,3318352307,"3481.179,106.2366,3766.808",PutRupee_Red,,,,,candidate_needs_flag_validation
overworld,I-8_Static.xml,TBox_Field_Iron,-797339268,3497628028,"3019.815,100.8179,3897.963",Item_Ore_C,,,,,candidate_needs_flag_validation
overworld,J-1_Dynamic.xml,TBox_Field_Iron,278838322,278838322,"4562.5,195.6,-3604.077",Item_Enemy_29,,,,,candidate_needs_flag_validation
overworld,J-1_Dynamic.xml,TBox_Field_Stone,1659104910,1659104910,"4689.063,195.1081,-3707.5",Weapon_Sword_024,,,,,candidate_needs_flag_validation
overworld,J-1_Dynamic.xml,TBox_Field_Stone,1904619820,1904619820,"4525.922,195.4673,-3692.469",Item_Enemy_30,,,,,candidate_needs_flag_validation
overworld,J-1_Dynamic.xml,TBox_Field_Wood,2129092038,2129092038,"4177.321,303.6006,-3284.338",Weapon_Bow_035,,,,,candidate_needs_flag_validation
overworld,J-1_Dynamic.xml,TBox_Field_Iron,-2101315364,2193651932,"4655.005,195.0981,-3726.833",PutRupee_Silver,,,,,candidate_needs_flag_validation
overworld,J-1_Dynamic.xml,TBox_Field_Iron,-1877537946,2417429350,"4635.703,195.0981,-3617.503",Obj_BombArrow_A_02,,,,,candidate_needs_flag_validation
overworld,J-1_Dynamic.xml,TBox_Field_Stone,-1301113880,2993853416,"4558.055,195.6,-3602.5",Item_Ore_C,,,,,candidate_needs_flag_validation
overworld,J-1_Dynamic.xml,TBox_Field_Iron,-1017784990,3277182306,"4597.502,195.4663,-3724.194",Item_Enemy_31,,,,,candidate_needs_flag_validation
overworld,J-1_Dynamic.xml,TBox_Field_Iron,-230246556,4064720740,"4674.197,195.0981,-3617.497",PutRupee_Silver,,,,,candidate_needs_flag_validation
overworld,J-1_Static.xml,TBox_Field_Stone,306589417,306589417,"4655,156.1,-3640",Armor_024_Head,,,,,candidate_needs_flag_validation
overworld,J-1_Static.xml,TBox_Field_Iron_NoReaction_Aoc_long,-1246329642,3048637654,"4655,155.4969,-3560.016",Obj_WarpDLC,Normal,,,,candidate_needs_flag_validation
overworld,J-2_Static.xml,TBox_Field_Iron_NoReaction,-1512898711,2782068585,"4199.772,230.5995,-2747.944",Obj_ElectricArrow_A_02,,,,,candidate_needs_flag_validation
overworld,J-3_Dynamic.xml,TBox_Field_Iron,293266321,293266321,"4689.179,255.9676,-1435.038",Obj_FireArrow_A_03,,,,,candidate_needs_flag_validation
overworld,J-3_Dynamic.xml,TBox_Field_Wood,693233483,693233483,"4693,260.088,-1402",Weapon_Bow_002,,,,,candidate_needs_flag_validation
overworld,J-4_Dynamic.xml,TBox_Field_Iron,196387272,196387272,"4037.041,341.9373,-318.2723",PutRupee_Gold,,,,,candidate_needs_flag_validation
overworld,J-4_Dynamic.xml,TBox_Field_Iron,318716168,318716168,"4651.182,370.4958,-781.9483",Obj_BombArrow_A_02,,,,,candidate_needs_flag_validation
overworld,J-4_Dynamic.xml,TBox_Field_Wood,1359342477,1359342477,"4686.137,305.8274,-851.6708",PutRupee_Silver,,,,,candidate_needs_flag_validation
overworld,J-4_Dynamic.xml,TBox_Field_Iron,1367637753,1367637753,"4347.103,397.4614,-864.771",Weapon_Bow_013,,,,,candidate_needs_flag_validation
overworld,J-4_Dynamic.xml,TBox_Field_Stone,1794295881,1794295881,"4102.728,368.6731,-473.6411",Weapon_Spear_003,,,,,candidate_needs_flag_validation
overworld,J-4_Dynamic.xml,TBox_Field_Iron,-2135792596,2159174700,"4155.902,247.0619,-789.1213",Obj_ElectricArrow_A_02,,,,,candidate_needs_flag_validation
overworld,J-4_Dynamic.xml,TBox_Field_Iron,-2133610317,2161356979,"4112.685,292.215,-671.4897",PutRupee_Silver,,,,,candidate_needs_flag_validation
overworld,J-4_Dynamic.xml,TBox_Field_Iron,-1133046255,3161921041,"4218.923,380.62,-147.5612",Item_Ore_J,,,,,candidate_needs_flag_validation
overworld,J-4_Dynamic.xml,TBox_Field_Iron,-809792080,3485175216,"4614.638,247.1183,-934.7617",Item_Ore_D,,,,,candidate_needs_flag_validation
overworld,J-4_Static.xml,TBox_Field_Enemy,184482119,184482119,"4344.442,382.0907,-644.6505",Weapon_Spear_028,,,,,candidate_needs_flag_validation
overworld,J-4_Static.xml,TBox_Field_Enemy,464533090,464533090,"4175.544,461.1111,-528.0018",PutRupee_Silver,,,,,candidate_needs_flag_validation
overworld,J-4_Static.xml,TBox_Field_Wood,1338350447,1338350447,"4088,460.3461,-490",Item_Ore_D,Normal,,,,candidate_needs_flag_validation
overworld,J-4_Static.xml,TBox_Field_Wood,1701427516,1701427516,"4111,409.9401,-502",Weapon_Sword_073,Normal,,,,candidate_needs_flag_validation
overworld,J-4_Static.xml,TBox_Field_Iron,-1580467645,2714499651,"4013,427.929,-333",Weapon_Sword_034,Normal,,,,candidate_needs_flag_validation
overworld,J-4_Static.xml,TBox_Field_Stone,-1374267339,2920699957,"4724.604,298.3118,-990.0262",Weapon_Sword_061,,,,,candidate_needs_flag_validation
overworld,J-4_Static.xml,TBox_Field_Wood,-691221803,3603745493,"4049,426.942,-305",Item_Ore_C,Normal,,,,candidate_needs_flag_validation
overworld,J-5_Dynamic.xml,TBox_Field_Iron,212115638,212115638,"4324.315,163.718,194.9173",Weapon_Spear_030,,,,,candidate_needs_flag_validation
overworld,J-5_Dynamic.xml,TBox_Field_Iron,716129908,716129908,"4149.318,341.6938,-1.04425",Weapon_Lsword_027,,,,,candidate_needs_flag_validation
overworld,J-5_Dynamic.xml,TBox_Field_Iron,997729111,997729111,"4515.493,156.5036,233.0074",Item_Ore_C,,,,,candidate_needs_flag_validation
overworld,J-5_Dynamic.xml,TBox_Field_Iron,1651840378,1651840378,"4123.28,137.508,220.4452",PutRupee_Purple,,,,,candidate_needs_flag_validation
overworld,J-5_Dynamic.xml,TBox_Field_Iron,1728252078,1728252078,"4507.117,113.7711,993.1038",PutRupee_Silver,,,,,candidate_needs_flag_validation
overworld,J-5_Dynamic.xml,TBox_Field_Iron,-1741919697,2553047599,"4528.251,97.72218,942.9709",Weapon_Lsword_051,,,,,candidate_needs_flag_validation
overworld,J-5_Dynamic.xml,TBox_Field_Iron,-1335626422,2959340874,"4117.862,104.4061,551.7404",Item_Ore_B,,,,,candidate_needs_flag_validation
overworld,J-5_Dynamic.xml,TBox_Field_Iron,-1076616169,3218351127,"4465.808,158.9021,839.4858",PutRupee_Gold,,,,,candidate_needs_flag_validation
overworld,J-5_Dynamic.xml,TBox_Field_Iron,-535382870,3759584426,"4536.119,97.15395,1067.438",Weapon_Spear_027,,,,,candidate_needs_flag_validation
overworld,J-5_Dynamic.xml,TBox_Field_Iron,-392704388,3902262908,"4468.145,158.9021,840.1823",PutRupee_Gold,,,,,candidate_needs_flag_validation
overworld,J-5_Static.xml,TBox_Field_Enemy,-1731268305,2563698991,"4313.747,162.475,596.8243",Obj_IceArrow_A_03,,,,,candidate_needs_flag_validation
overworld,J-6_Dynamic.xml,TBox_Field_Wood,-623388875,3671578421,"4526.225,105.2745,1565.602",PutRupee_Silver,,,,,candidate_needs_flag_validation
overworld,J-7_Dynamic.xml,TBox_Field_Iron,550777769,550777769,"3943.29,98.61874,2955.163",Item_Ore_C,,,,,candidate_needs_flag_validation
overworld,J-7_Dynamic.xml,TBox_Field_Iron,797448374,797448374,"4256.383,102.6634,2412.08",Item_Ore_E,,,,,candidate_needs_flag_validation
overworld,J-7_Dynamic.xml,TBox_Field_Iron,1756408700,1756408700,"3914.837,98.5909,2844.44",Weapon_Sword_003,,,,,candidate_needs_flag_validation
overworld,J-7_Dynamic.xml,TBox_Field_Iron,1784715464,1784715464,"4050.194,98.63522,2934.547",Obj_FireArrow_A_03,,,,,candidate_needs_flag_validation
overworld,J-7_Dynamic.xml,TBox_Field_Iron,-1969251752,2325715544,"4112.557,98.59776,2944.318",Item_Ore_E,,,,,candidate_needs_flag_validation
overworld,J-7_Dynamic.xml,TBox_Field_Iron,-1333386446,2961580850,"3846.106,98.5696,2852.758",PutRupee_Purple,,,,,candidate_needs_flag_validation
overworld,J-7_Dynamic.xml,TBox_Field_Iron,-1048151654,3246815642,"4120.91,102.3941,2594.754",PutRupee_Purple,,,,,candidate_needs_flag_validation
overworld,J-7_Static.xml,TBox_Field_Enemy,-1048883559,3246083737,"4121.977,113.1689,2369.624",Item_Ore_B,,,,,candidate_needs_flag_validation
overworld,J-8_Dynamic.xml,TBox_Field_Wood,500243416,500243416,"4355.672,105.25,3124.112",PutRupee_Purple,,,,,candidate_needs_flag_validation
overworld,J-8_Dynamic.xml,TBox_Field_Wood,686576388,686576388,"4049.458,105.2621,3018.792",Obj_ArrowBundle_A_02,,,,,candidate_needs_flag_validation
overworld,J-8_Dynamic.xml,TBox_Field_Wood,962756328,962756328,"4195.908,105.2623,3476.062",PutRupee_Purple,,,,,candidate_needs_flag_validation
overworld,J-8_Dynamic.xml,TBox_Field_Iron,2145001544,2145001544,"4239.131,98.82255,3339.349",PutRupee_Gold,,,,,candidate_needs_flag_validation
overworld,J-8_Dynamic.xml,TBox_Field_Wood,-1756316212,2538651084,"4365.456,105.2501,3119.623",Item_Ore_D,,,,,candidate_needs_flag_validation
overworld,J-8_Dynamic.xml,TBox_Field_Iron,-1697329467,2597637829,"4109.555,97.34307,3127.271",Item_Ore_D,,,,,candidate_needs_flag_validation
overworld,J-8_Dynamic.xml,TBox_Field_Iron,-1592840763,2702126533,"4149.22,98.87995,3727.952",PutRupee_Gold,,,,,candidate_needs_flag_validation
overworld,J-8_Dynamic.xml,TBox_Field_Stone,-1564211484,2730755812,"4440.607,107.2368,3405.982",PutRupee_Purple,,,,,candidate_needs_flag_validation
overworld,J-8_Dynamic.xml,TBox_Field_Wood,-1535053151,2759914145,"4523.067,105.2501,3141.729",Item_Ore_D,,,,,candidate_needs_flag_validation
overworld,J-8_Dynamic.xml,TBox_Field_Wood,-1267773832,3027193464,"4205.541,105.2503,3858.983",PutRupee_Purple,,,,,candidate_needs_flag_validation
overworld,J-8_Dynamic.xml,TBox_Field_Iron,-1201977216,3092990080,"4694.836,98.81045,3096.738",PutRupee_Silver,,,,,candidate_needs_flag_validation
overworld,J-8_Dynamic.xml,TBox_Field_Wood,-597462427,3697504869,"4084.143,105.25,3558.219",PutRupee_Purple,,,,,candidate_needs_flag_validation
overworld,J-8_Static.xml,TBox_Field_Stone,4029984,4029984,"4730,107,3572",Weapon_Sword_002,,,,,candidate_needs_flag_validation
overworld,J-8_Static.xml,TBox_Field_Iron,8312663,8312663,"4539.373,100.4937,3803.148",Weapon_Lsword_031,,,,,candidate_needs_flag_validation
overworld,J-8_Static.xml,TBox_Field_Wood,313309550,313309550,"4615.516,105.2622,3468.401",Obj_ArrowBundle_A_01,,,,,candidate_needs_flag_validation
overworld,J-8_Static.xml,TBox_Field_Iron,320668688,320668688,"4913.277,102.941,3693.64",Obj_ArrowBundle_A_02,,,,,candidate_needs_flag_validation
overworld,J-8_Static.xml,TBox_Field_Iron,383258217,383258217,"4494.587,105.4633,3614.158",Weapon_Shield_002,,,,,candidate_needs_flag_validation
overworld,J-8_Static.xml,TBox_Field_Iron,521265924,521265924,"4400.155,100.4263,3654.462",Weapon_Shield_025,,,,,candidate_needs_flag_validation
overworld,J-8_Static.xml,TBox_Field_Wood,-2071703980,2223263316,"4501.338,106.0889,3552.966",Weapon_Sword_001,,,,,candidate_needs_flag_validation
overworld,J-8_Static.xml,TBox_Field_Wood,-2043686984,2251280312,"4643.078,122.1019,3625.617",Weapon_Bow_002,,,,,candidate_needs_flag_validation
overworld,J-8_Static.xml,TBox_Field_Iron,-1366162887,2928804409,"4599.377,120.5135,3566.987",Weapon_Lsword_002,,,,,candidate_needs_flag_validation
overworld,J-8_Static.xml,TBox_Field_Stone,-1148887127,3146080169,"4576.131,118.0775,3764.194",Weapon_Spear_002,,,,,candidate_needs_flag_validation
overworld,J-8_Static.xml,TBox_Field_Iron,-898114782,3396852514,"4343.405,100.333,3706.634",Weapon_Spear_027,,,,,candidate_needs_flag_validation
overworld,J-8_Static.xml,TBox_Field_Stone,-433882207,3861085089,"4636.5,162.5879,3727",Weapon_Sword_003,,,,,candidate_needs_flag_validation
overworld,J-8_Static.xml,TBox_Field_Stone,-260543368,4034423928,"4628.345,161.478,3696.697",Weapon_Bow_002,,,,,candidate_needs_flag_validation
overworld,LazyTraverseList.xml,TBox_Field_Wood,1446344031,1446344031,,,,,,,candidate_needs_flag_validation
overworld,LazyTraverseList.xml,TBox_Field_Wood,-1778534180,2516433116,,,,,,,candidate_needs_flag_validation
