ap_location_name,diagnostic_sequential_id,region,shrine_name,dungeon_map,map_file,actor_name,hash_id,hash_id_unsigned,position,drop_actor,persistent_flag_candidate,status,notes
Ja Baij Shrine - Chest 1,2,Great Plateau,Ja Baij,Dungeon041,Dungeon041_Static.xml,TBox_Dungeon_Stone,235083489,235083489,"-6,0,-4",Weapon_Lsword_001,CDungeon_TBox_Dungeon_Stone_235083489,candidate,Dungeon-level candidate only. Verify that this actor corresponds to this particular AP chest location.
Ja Baij Shrine - Chest 1,2,Great Plateau,Ja Baij,Dungeon041,Dungeon041_Static.xml,TBox_Dungeon_Stone,-102260335,4192706961,"-23,4,-77",Item_Ore_F,CDungeon_TBox_Dungeon_Stone_4192706961,candidate,Dungeon-level candidate only. Verify that this actor corresponds to this particular AP chest location.
Ja Baij Shrine - Chest 2,3,Great Plateau,Ja Baij,Dungeon041,Dungeon041_Static.xml,TBox_Dungeon_Stone,235083489,235083489,"-6,0,-4",Weapon_Lsword_001,CDungeon_TBox_Dungeon_Stone_235083489,candidate,Dungeon-level candidate only. Verify that this actor corresponds to this particular AP chest location.
Ja Baij Shrine - Chest 2,3,Great Plateau,Ja Baij,Dungeon041,Dungeon041_Static.xml,TBox_Dungeon_Stone,-102260335,4192706961,"-23,4,-77",Item_Ore_F,CDungeon_TBox_Dungeon_Stone_4192706961,candidate,Dungeon-level candidate only. Verify that this actor corresponds to this particular AP chest location.
Keh Namut Shrine - Chest,5,Great Plateau,Keh Namut,Dungeon065,Dungeon065_Static.xml,TBox_Dungeon_Stone,1490683918,1490683918,"-4,6,0.5",Weapon_Spear_001,CDungeon_TBox_Dungeon_Stone_1490683918,candidate,Dungeon-level candidate only. Verify that this actor corresponds to this particular AP chest location.
Oman Au Shrine - Chest,7,Great Plateau,Oman Au,Dungeon038,Dungeon038_Static.xml,TBox_Dungeon_Iron,-919597478,3375369818,"41,45.5,-31",Weapon_Bow_001,CDungeon_TBox_Dungeon_Iron_3375369818,verified,End-to-end verified in Cemu.
Owa Daim Shrine - Chest,9,Great Plateau,Owa Daim,Dungeon009,Dungeon009_Static.xml,TBox_Dungeon_Stone,1182477274,1182477274,"6,15,-40.5",Weapon_Shield_035,CDungeon_TBox_Dungeon_Stone_1182477274,candidate,Dungeon-level candidate only. Verify that this actor corresponds to this particular AP chest location.
Yowaka Ita Shrine - Chest 1,11,Great Plateau (One-Hit Obliterator),Yowaka Ita,Dungeon120,Dungeon120_Static.xml,TBox_Dungeon_Stone,777293012,777293012,"-74,0,40",Weapon_Bow_029,CDungeon_TBox_Dungeon_Stone_777293012,candidate,Dungeon-level candidate only. Verify that this actor corresponds to this particular AP chest location.
Yowaka Ita Shrine - Chest 1,11,Great Plateau (One-Hit Obliterator),Yowaka Ita,Dungeon120,Dungeon120_Static.xml,TBox_Dungeon_Iron,1562844085,1562844085,"-29,0.1484375,-8.617188",Obj_BombArrow_A_02,CDungeon_TBox_Dungeon_Iron_1562844085,candidate,Dungeon-level candidate only. Verify that this actor corresponds to this particular AP chest location.
Yowaka Ita Shrine - Chest 2,12,Great Plateau (One-Hit Obliterator),Yowaka Ita,Dungeon120,Dungeon120_Static.xml,TBox_Dungeon_Stone,777293012,777293012,"-74,0,40",Weapon_Bow_029,CDungeon_TBox_Dungeon_Stone_777293012,candidate,Dungeon-level candidate only. Verify that this actor corresponds to this particular AP chest location.
Yowaka Ita Shrine - Chest 2,12,Great Plateau (One-Hit Obliterator),Yowaka Ita,Dungeon120,Dungeon120_Static.xml,TBox_Dungeon_Iron,1562844085,1562844085,"-29,0.1484375,-8.617188",Obj_BombArrow_A_02,CDungeon_TBox_Dungeon_Iron_1562844085,candidate,Dungeon-level candidate only. Verify that this actor corresponds to this particular AP chest location.
Rohta Chigah Shrine - Chest,14,Great Plateau (One-Hit Obliterator),Rohta Chigah,Dungeon123,Dungeon123_Static.xml,TBox_Dungeon_Stone,-1509494968,2785472328,"-61.5,38,59",Weapon_Shield_023,CDungeon_TBox_Dungeon_Stone_2785472328,candidate,Dungeon-level candidate only. Verify that this actor corresponds to this particular AP chest location.
Ruvo Korbah Shrine - Chest 1,16,Great Plateau (One-Hit Obliterator),Ruvo Korbah,Dungeon135,Dungeon135_Static.xml,TBox_Dungeon_Stone,-1603405451,2691561845,"-24,-7.85,10",KeySmall,CDungeon_TBox_Dungeon_Stone_2691561845,candidate,Dungeon-level candidate only. Verify that this actor corresponds to this particular AP chest location.
Ruvo Korbah Shrine - Chest 1,16,Great Plateau (One-Hit Obliterator),Ruvo Korbah,Dungeon135,Dungeon135_Static.xml,TBox_Dungeon_Stone,-1139640896,3155326400,"0,12.5,-60",Obj_BombArrow_A_03,CDungeon_TBox_Dungeon_Stone_3155326400,candidate,Dungeon-level candidate only. Verify that this actor corresponds to this particular AP chest location.
Ruvo Korbah Shrine - Chest 1,16,Great Plateau (One-Hit Obliterator),Ruvo Korbah,Dungeon135,Dungeon135_Static.xml,TBox_Dungeon_Stone,-600492834,3694474462,"3,-13.5,-28",Item_Enemy_31,CDungeon_TBox_Dungeon_Stone_3694474462,candidate,Dungeon-level candidate only. Verify that this actor corresponds to this particular AP chest location.
Ruvo Korbah Shrine - Chest 2,17,Great Plateau (One-Hit Obliterator),Ruvo Korbah,Dungeon135,Dungeon135_Static.xml,TBox_Dungeon_Stone,-1603405451,2691561845,"-24,-7.85,10",KeySmall,CDungeon_TBox_Dungeon_Stone_2691561845,candidate,Dungeon-level candidate only. Verify that this actor corresponds to this particular AP chest location.
Ruvo Korbah Shrine - Chest 2,17,Great Plateau (One-Hit Obliterator),Ruvo Korbah,Dungeon135,Dungeon135_Static.xml,TBox_Dungeon_Stone,-1139640896,3155326400,"0,12.5,-60",Obj_BombArrow_A_03,CDungeon_TBox_Dungeon_Stone_3155326400,candidate,Dungeon-level candidate only. Verify that this actor corresponds to this particular AP chest location.
Ruvo Korbah Shrine - Chest 2,17,Great Plateau (One-Hit Obliterator),Ruvo Korbah,Dungeon135,Dungeon135_Static.xml,TBox_Dungeon_Stone,-600492834,3694474462,"3,-13.5,-28",Item_Enemy_31,CDungeon_TBox_Dungeon_Stone_3694474462,candidate,Dungeon-level candidate only. Verify that this actor corresponds to this particular AP chest location.
Ruvo Korbah Shrine - Chest 3,18,Great Plateau (One-Hit Obliterator),Ruvo Korbah,Dungeon135,Dungeon135_Static.xml,TBox_Dungeon_Stone,-1603405451,2691561845,"-24,-7.85,10",KeySmall,CDungeon_TBox_Dungeon_Stone_2691561845,candidate,Dungeon-level candidate only. Verify that this actor corresponds to this particular AP chest location.
Ruvo Korbah Shrine - Chest 3,18,Great Plateau (One-Hit Obliterator),Ruvo Korbah,Dungeon135,Dungeon135_Static.xml,TBox_Dungeon_Stone,-1139640896,3155326400,"0,12.5,-60",Obj_BombArrow_A_03,CDungeon_TBox_Dungeon_Stone_3155326400,candidate,Dungeon-level candidate only. Verify that this actor corresponds to this particular AP chest location.
Ruvo Korbah Shrine - Chest 3,18,Great Plateau (One-Hit Obliterator),Ruvo Korbah,Dungeon135,Dungeon135_Static.xml,TBox_Dungeon_Stone,-600492834,3694474462,"3,-13.5,-28",Item_Enemy_31,CDungeon_TBox_Dungeon_Stone_3694474462,candidate,Dungeon-level candidate only. Verify that this actor corresponds to this particular AP chest location.
Etsu Korima Shrine - Chest,20,Great Plateau (One-Hit Obliterator),Etsu Korima,Dungeon122,Dungeon122_Static.xml,TBox_Dungeon_Iron,-219506699,4075460597,"-42,13,-21.5",PutRupee_Gold,CDungeon_TBox_Dungeon_Iron_4075460597,candidate,Dungeon-level candidate only. Verify that this actor corresponds to this particular AP chest location.
Dah Kaso Shrine - Chest,23,Central Hyrule,Dah Kaso,Dungeon072,Dungeon072_Static.xml,TBox_Dungeon_Stone,992999892,992999892,"0,12.55,-60",Item_Enemy_30,CDungeon_TBox_Dungeon_Stone_992999892,candidate,Dungeon-level candidate only. Verify that this actor corresponds to this particular AP chest location.
Kaam Ya'tak Shrine - Chest 1,25,Central Hyrule,Kaam Ya'tak,Dungeon040,Dungeon040_Static.xml,TBox_Dungeon_Stone,616546705,616546705,"78,4,62",Item_Enemy_30,CDungeon_TBox_Dungeon_Stone_616546705,candidate,Dungeon-level candidate only. Verify that this actor corresponds to this particular AP chest location.
Kaam Ya'tak Shrine - Chest 1,25,Central Hyrule,Kaam Ya'tak,Dungeon040,Dungeon040_Static.xml,TBox_Dungeon_Stone,1402060224,1402060224,"-22,4,-59",Weapon_Sword_003,CDungeon_TBox_Dungeon_Stone_1402060224,candidate,Dungeon-level candidate only. Verify that this actor corresponds to this particular AP chest location.
Kaam Ya'tak Shrine - Chest 1,25,Central Hyrule,Kaam Ya'tak,Dungeon040,Dungeon040_Static.xml,TBox_Dungeon_Stone,-2092872170,2202095126,"14,16,-73",Item_Ore_A,CDungeon_TBox_Dungeon_Stone_2202095126,candidate,Dungeon-level candidate only. Verify that this actor corresponds to this particular AP chest location.
Kaam Ya'tak Shrine - Chest 1,25,Central Hyrule,Kaam Ya'tak,Dungeon040,Dungeon040_Static.xml,TBox_Dungeon_Stone,-1380845152,2914122144,"18,8,16",PutRupee_Silver,CDungeon_TBox_Dungeon_Stone_2914122144,candidate,Dungeon-level candidate only. Verify that this actor corresponds to this particular AP chest location.
Kaam Ya'tak Shrine - Chest 1,25,Central Hyrule,Kaam Ya'tak,Dungeon040,Dungeon040_Static.xml,TBox_Dungeon_Stone,-797393462,3497573834,"-70.5,4,-42.5",Weapon_Lsword_055,CDungeon_TBox_Dungeon_Stone_3497573834,candidate,Dungeon-level candidate only. Verify that this actor corresponds to this particular AP chest location.
Kaam Ya'tak Shrine - Chest 2,26,Central Hyrule,Kaam Ya'tak,Dungeon040,Dungeon040_Static.xml,TBox_Dungeon_Stone,616546705,616546705,"78,4,62",Item_Enemy_30,CDungeon_TBox_Dungeon_Stone_616546705,candidate,Dungeon-level candidate only. Verify that this actor corresponds to this particular AP chest location.
Kaam Ya'tak Shrine - Chest 2,26,Central Hyrule,Kaam Ya'tak,Dungeon040,Dungeon040_Static.xml,TBox_Dungeon_Stone,1402060224,1402060224,"-22,4,-59",Weapon_Sword_003,CDungeon_TBox_Dungeon_Stone_1402060224,candidate,Dungeon-level candidate only. Verify that this actor corresponds to this particular AP chest location.
Kaam Ya'tak Shrine - Chest 2,26,Central Hyrule,Kaam Ya'tak,Dungeon040,Dungeon040_Static.xml,TBox_Dungeon_Stone,-2092872170,2202095126,"14,16,-73",Item_Ore_A,CDungeon_TBox_Dungeon_Stone_2202095126,candidate,Dungeon-level candidate only. Verify that this actor corresponds to this particular AP chest location.
Kaam Ya'tak Shrine - Chest 2,26,Central Hyrule,Kaam Ya'tak,Dungeon040,Dungeon040_Static.xml,TBox_Dungeon_Stone,-1380845152,2914122144,"18,8,16",PutRupee_Silver,CDungeon_TBox_Dungeon_Stone_2914122144,candidate,Dungeon-level candidate only. Verify that this actor corresponds to this particular AP chest location.
Kaam Ya'tak Shrine - Chest 2,26,Central Hyrule,Kaam Ya'tak,Dungeon040,Dungeon040_Static.xml,TBox_Dungeon_Stone,-797393462,3497573834,"-70.5,4,-42.5",Weapon_Lsword_055,CDungeon_TBox_Dungeon_Stone_3497573834,candidate,Dungeon-level candidate only. Verify that this actor corresponds to this particular AP chest location.
Kaam Ya'tak Shrine - Chest 3,27,Central Hyrule,Kaam Ya'tak,Dungeon040,Dungeon040_Static.xml,TBox_Dungeon_Stone,616546705,616546705,"78,4,62",Item_Enemy_30,CDungeon_TBox_Dungeon_Stone_616546705,candidate,Dungeon-level candidate only. Verify that this actor corresponds to this particular AP chest location.
Kaam Ya'tak Shrine - Chest 3,27,Central Hyrule,Kaam Ya'tak,Dungeon040,Dungeon040_Static.xml,TBox_Dungeon_Stone,1402060224,1402060224,"-22,4,-59",Weapon_Sword_003,CDungeon_TBox_Dungeon_Stone_1402060224,candidate,Dungeon-level candidate only. Verify that this actor corresponds to this particular AP chest location.
Kaam Ya'tak Shrine - Chest 3,27,Central Hyrule,Kaam Ya'tak,Dungeon040,Dungeon040_Static.xml,TBox_Dungeon_Stone,-2092872170,2202095126,"14,16,-73",Item_Ore_A,CDungeon_TBox_Dungeon_Stone_2202095126,candidate,Dungeon-level candidate only. Verify that this actor corresponds to this particular AP chest location.
Kaam Ya'tak Shrine - Chest 3,27,Central Hyrule,Kaam Ya'tak,Dungeon040,Dungeon040_Static.xml,TBox_Dungeon_Stone,-1380845152,2914122144,"18,8,16",PutRupee_Silver,CDungeon_TBox_Dungeon_Stone_2914122144,candidate,Dungeon-level candidate only. Verify that this actor corresponds to this particular AP chest location.
Kaam Ya'tak Shrine - Chest 3,27,Central Hyrule,Kaam Ya'tak,Dungeon040,Dungeon040_Static.xml,TBox_Dungeon_Stone,-797393462,3497573834,"-70.5,4,-42.5",Weapon_Lsword_055,CDungeon_TBox_Dungeon_Stone_3497573834,candidate,Dungeon-level candidate only. Verify that this actor corresponds to this particular AP chest location.
Kaam Ya'tak Shrine - Chest 4,28,Central Hyrule,Kaam Ya'tak,Dungeon040,Dungeon040_Static.xml,TBox_Dungeon_Stone,616546705,616546705,"78,4,62",Item_Enemy_30,CDungeon_TBox_Dungeon_Stone_616546705,candidate,Dungeon-level candidate only. Verify that this actor corresponds to this particular AP chest location.
Kaam Ya'tak Shrine - Chest 4,28,Central Hyrule,Kaam Ya'tak,Dungeon040,Dungeon040_Static.xml,TBox_Dungeon_Stone,1402060224,1402060224,"-22,4,-59",Weapon_Sword_003,CDungeon_TBox_Dungeon_Stone_1402060224,candidate,Dungeon-level candidate only. Verify that this actor corresponds to this particular AP chest location.
Kaam Ya'tak Shrine - Chest 4,28,Central Hyrule,Kaam Ya'tak,Dungeon040,Dungeon040_Static.xml,TBox_Dungeon_Stone,-2092872170,2202095126,"14,16,-73",Item_Ore_A,CDungeon_TBox_Dungeon_Stone_2202095126,candidate,Dungeon-level candidate only. Verify that this actor corresponds to this particular AP chest location.
Kaam Ya'tak Shrine - Chest 4,28,Central Hyrule,Kaam Ya'tak,Dungeon040,Dungeon040_Static.xml,TBox_Dungeon_Stone,-1380845152,2914122144,"18,8,16",PutRupee_Silver,CDungeon_TBox_Dungeon_Stone_2914122144,candidate,Dungeon-level candidate only. Verify that this actor corresponds to this particular AP chest location.
Kaam Ya'tak Shrine - Chest 4,28,Central Hyrule,Kaam Ya'tak,Dungeon040,Dungeon040_Static.xml,TBox_Dungeon_Stone,-797393462,3497573834,"-70.5,4,-42.5",Weapon_Lsword_055,CDungeon_TBox_Dungeon_Stone_3497573834,candidate,Dungeon-level candidate only. Verify that this actor corresponds to this particular AP chest location.
Kaam Ya'tak Shrine - Chest 5,29,Central Hyrule,Kaam Ya'tak,Dungeon040,Dungeon040_Static.xml,TBox_Dungeon_Stone,616546705,616546705,"78,4,62",Item_Enemy_30,CDungeon_TBox_Dungeon_Stone_616546705,candidate,Dungeon-level candidate only. Verify that this actor corresponds to this particular AP chest location.
Kaam Ya'tak Shrine - Chest 5,29,Central Hyrule,Kaam Ya'tak,Dungeon040,Dungeon040_Static.xml,TBox_Dungeon_Stone,1402060224,1402060224,"-22,4,-59",Weapon_Sword_003,CDungeon_TBox_Dungeon_Stone_1402060224,candidate,Dungeon-level candidate only. Verify that this actor corresponds to this particular AP chest location.
Kaam Ya'tak Shrine - Chest 5,29,Central Hyrule,Kaam Ya'tak,Dungeon040,Dungeon040_Static.xml,TBox_Dungeon_Stone,-2092872170,2202095126,"14,16,-73",Item_Ore_A,CDungeon_TBox_Dungeon_Stone_2202095126,candidate,Dungeon-level candidate only. Verify that this actor corresponds to this particular AP chest location.
Kaam Ya'tak Shrine - Chest 5,29,Central Hyrule,Kaam Ya'tak,Dungeon040,Dungeon040_Static.xml,TBox_Dungeon_Stone,-1380845152,2914122144,"18,8,16",PutRupee_Silver,CDungeon_TBox_Dungeon_Stone_2914122144,candidate,Dungeon-level candidate only. Verify that this actor corresponds to this particular AP chest location.
Kaam Ya'tak Shrine - Chest 5,29,Central Hyrule,Kaam Ya'tak,Dungeon040,Dungeon040_Static.xml,TBox_Dungeon_Stone,-797393462,3497573834,"-70.5,4,-42.5",Weapon_Lsword_055,CDungeon_TBox_Dungeon_Stone_3497573834,candidate,Dungeon-level candidate only. Verify that this actor corresponds to this particular AP chest location.
Katah Chuki Shrine - Chest,31,Central Hyrule,Katah Chuki,Dungeon073,Dungeon073_Static.xml,TBox_Dungeon_Stone,628803076,628803076,"0,12.55,-60",Weapon_Spear_024,CDungeon_TBox_Dungeon_Stone_628803076,candidate,Dungeon-level candidate only. Verify that this actor corresponds to this particular AP chest location.
Namika Ozz Shrine - Chest,33,Central Hyrule,Namika Ozz,Dungeon079,Dungeon079_Static.xml,TBox_Dungeon_Stone,-1439282488,2855684808,"5.960464E-08,12.55,-60",Weapon_Spear_034,CDungeon_TBox_Dungeon_Stone_2855684808,candidate,Dungeon-level candidate only. Verify that this actor corresponds to this particular AP chest location.
Noya Neha Shrine - Chest,35,Central Hyrule,Noya Neha,Dungeon074,Dungeon074_Static.xml,TBox_Dungeon_Stone,821435950,821435950,"0,12.55,-60",Weapon_Shield_003,CDungeon_TBox_Dungeon_Stone_821435950,candidate,Dungeon-level candidate only. Verify that this actor corresponds to this particular AP chest location.
Rota Ooh Shrine - Chest 1,37,Central Hyrule,Rota Ooh,Dungeon027,Dungeon027_Static.xml,TBox_Dungeon_Iron,2001786182,2001786182,"4,20,-14.5",Weapon_Sword_031,CDungeon_TBox_Dungeon_Iron_2001786182,candidate,Dungeon-level candidate only. Verify that this actor corresponds to this particular AP chest location.
Rota Ooh Shrine - Chest 1,37,Central Hyrule,Rota Ooh,Dungeon027,Dungeon027_Static.xml,TBox_Dungeon_Stone,-728461256,3566506040,"-10.5,8.15,-13",KeySmall,CDungeon_TBox_Dungeon_Stone_3566506040,candidate,Dungeon-level candidate only. Verify that this actor corresponds to this particular AP chest location.
Rota Ooh Shrine - Chest 2,38,Central Hyrule,Rota Ooh,Dungeon027,Dungeon027_Static.xml,TBox_Dungeon_Iron,2001786182,2001786182,"4,20,-14.5",Weapon_Sword_031,CDungeon_TBox_Dungeon_Iron_2001786182,candidate,Dungeon-level candidate only. Verify that this actor corresponds to this particular AP chest location.
Rota Ooh Shrine - Chest 2,38,Central Hyrule,Rota Ooh,Dungeon027,Dungeon027_Static.xml,TBox_Dungeon_Stone,-728461256,3566506040,"-10.5,8.15,-13",KeySmall,CDungeon_TBox_Dungeon_Stone_3566506040,candidate,Dungeon-level candidate only. Verify that this actor corresponds to this particular AP chest location.
Saas Ko'sah Shrine - Chest,40,Central Hyrule,Saas Ko'sah,Dungeon089,Dungeon089_Static.xml,TBox_Dungeon_Stone,1249779666,1249779666,"0,12.55,-60",Weapon_Sword_033,CDungeon_TBox_Dungeon_Stone_1249779666,candidate,Dungeon-level candidate only. Verify that this actor corresponds to this particular AP chest location.
Wahgo Katta Shrine - Chest,42,Central Hyrule,Wahgo Katta,Dungeon057,Dungeon057_Static.xml,TBox_Dungeon_Stone,322360761,322360761,"23.5,12,28",Item_Ore_F,CDungeon_TBox_Dungeon_Stone_322360761,candidate,Dungeon-level candidate only. Verify that this actor corresponds to this particular AP chest location.
Bosh Kala Shrine - Chest 1,45,Dueling Peaks,Bosh Kala,Dungeon007,Dungeon007_Static.xml,TBox_Dungeon_Stone,-1617124728,2677842568,"-15,1.15,-19",Item_Ore_F,CDungeon_TBox_Dungeon_Stone_2677842568,candidate,Dungeon-level candidate only. Verify that this actor corresponds to this particular AP chest location.
Bosh Kala Shrine - Chest 1,45,Dueling Peaks,Bosh Kala,Dungeon007,Dungeon007_Static.xml,TBox_Dungeon_Stone,-221483809,4073483487,"-0.5,-6.5,-148",Weapon_Lsword_002,CDungeon_TBox_Dungeon_Stone_4073483487,candidate,Dungeon-level candidate only. Verify that this actor corresponds to this particular AP chest location.
Bosh Kala Shrine - Chest 2,46,Dueling Peaks,Bosh Kala,Dungeon007,Dungeon007_Static.xml,TBox_Dungeon_Stone,-1617124728,2677842568,"-15,1.15,-19",Item_Ore_F,CDungeon_TBox_Dungeon_Stone_2677842568,candidate,Dungeon-level candidate only. Verify that this actor corresponds to this particular AP chest location.
Bosh Kala Shrine - Chest 2,46,Dueling Peaks,Bosh Kala,Dungeon007,Dungeon007_Static.xml,TBox_Dungeon_Stone,-221483809,4073483487,"-0.5,-6.5,-148",Weapon_Lsword_002,CDungeon_TBox_Dungeon_Stone_4073483487,candidate,Dungeon-level candidate only. Verify that this actor corresponds to this particular AP chest location.
Ha Dahamar Shrine - Chest,48,Dueling Peaks,Ha Dahamar,Dungeon045,Dungeon045_Static.xml,TBox_Dungeon_Stone,787648808,787648808,"62.5,13.5,11.5",PutRupee_Purple,CDungeon_TBox_Dungeon_Stone_787648808,candidate,Dungeon-level candidate only. Verify that this actor corresponds to this particular AP chest location.
Hila Rao Shrine - Chest 1,50,Dueling Peaks,Hila Rao,Dungeon029,Dungeon029_Static.xml,TBox_Dungeon_Iron,771359327,771359327,"-7,-6,39",Item_Ore_E,CDungeon_TBox_Dungeon_Iron_771359327,candidate,Dungeon-level candidate only. Verify that this actor corresponds to this particular AP chest location.
Hila Rao Shrine - Chest 1,50,Dueling Peaks,Hila Rao,Dungeon029,Dungeon029_Static.xml,TBox_Dungeon_Wood,-1749667149,2545300147,"5.5,0,13",Obj_IceArrow_A_03,CDungeon_TBox_Dungeon_Wood_2545300147,candidate,Dungeon-level candidate only. Verify that this actor corresponds to this particular AP chest location.
Hila Rao Shrine - Chest 2,51,Dueling Peaks,Hila Rao,Dungeon029,Dungeon029_Static.xml,TBox_Dungeon_Iron,771359327,771359327,"-7,-6,39",Item_Ore_E,CDungeon_TBox_Dungeon_Iron_771359327,candidate,Dungeon-level candidate only. Verify that this actor corresponds to this particular AP chest location.
Hila Rao Shrine - Chest 2,51,Dueling Peaks,Hila Rao,Dungeon029,Dungeon029_Static.xml,TBox_Dungeon_Wood,-1749667149,2545300147,"5.5,0,13",Obj_IceArrow_A_03,CDungeon_TBox_Dungeon_Wood_2545300147,candidate,Dungeon-level candidate only. Verify that this actor corresponds to this particular AP chest location.
Lakna Rokee Shrine - Chest,53,Dueling Peaks,Lakna Rokee,Dungeon112,Dungeon112_Static.xml,TBox_Dungeon_Stone,-1733537570,2561429726,"1.788139E-07,6.5,-4",Weapon_Lsword_055,CDungeon_TBox_Dungeon_Stone_2561429726,candidate,Dungeon-level candidate only. Verify that this actor corresponds to this particular AP chest location.
Ree Dahee Shrine - Chest,55,Dueling Peaks,Ree Dahee,Dungeon047,Dungeon047_Static.xml,TBox_Dungeon_Stone,1203109046,1203109046,"-15,14,-81",Armor_014_Head,CDungeon_TBox_Dungeon_Stone_1203109046,candidate,Dungeon-level candidate only. Verify that this actor corresponds to this particular AP chest location.
Shee Vaneer Shrine - Chest,57,Dueling Peaks,Shee Vaneer,Dungeon017,Dungeon017_Static.xml,TBox_Dungeon_Stone,-154025333,4140941963,"-16,18,28.5",Weapon_Lsword_041,CDungeon_TBox_Dungeon_Stone_4140941963,candidate,Dungeon-level candidate only. Verify that this actor corresponds to this particular AP chest location.
Shee Venath Shrine - Chest,59,Dueling Peaks,Shee Venath,Dungeon044,Dungeon044_Static.xml,TBox_Dungeon_Stone,1221975918,1221975918,"16,18,28.5",Weapon_Spear_037,CDungeon_TBox_Dungeon_Stone_1221975918,candidate,Dungeon-level candidate only. Verify that this actor corresponds to this particular AP chest location.
Ta'loh Naeg Shrine - Chest 1,61,Dueling Peaks,Ta'loh Naeg,Dungeon099,Dungeon099_Static.xml,TBox_Dungeon_Stone,1648376382,1648376382,"-16,10.15,24",Weapon_Sword_041,CDungeon_TBox_Dungeon_Stone_1648376382,candidate,Dungeon-level candidate only. Verify that this actor corresponds to this particular AP chest location.
Ta'loh Naeg Shrine - Chest 1,61,Dueling Peaks,Ta'loh Naeg,Dungeon099,Dungeon099_Static.xml,TBox_Dungeon_Stone,-1717825161,2577142135,"16,10.15,24",Weapon_Shield_041,CDungeon_TBox_Dungeon_Stone_2577142135,candidate,Dungeon-level candidate only. Verify that this actor corresponds to this particular AP chest location.
Ta'loh Naeg Shrine - Chest 1,61,Dueling Peaks,Ta'loh Naeg,Dungeon099,Dungeon099_Static.xml,TBox_Dungeon_Stone,-1131742208,3163225088,"0,12.5,-52",Item_Ore_E,CDungeon_TBox_Dungeon_Stone_3163225088,candidate,Dungeon-level candidate only. Verify that this actor corresponds to this particular AP chest location.
Ta'loh Naeg Shrine - Chest 2,62,Dueling Peaks,Ta'loh Naeg,Dungeon099,Dungeon099_Static.xml,TBox_Dungeon_Stone,1648376382,1648376382,"-16,10.15,24",Weapon_Sword_041,CDungeon_TBox_Dungeon_Stone_1648376382,candidate,Dungeon-level candidate only. Verify that this actor corresponds to this particular AP chest location.
Ta'loh Naeg Shrine - Chest 2,62,Dueling Peaks,Ta'loh Naeg,Dungeon099,Dungeon099_Static.xml,TBox_Dungeon_Stone,-1717825161,2577142135,"16,10.15,24",Weapon_Shield_041,CDungeon_TBox_Dungeon_Stone_2577142135,candidate,Dungeon-level candidate only. Verify that this actor corresponds to this particular AP chest location.
Ta'loh Naeg Shrine - Chest 2,62,Dueling Peaks,Ta'loh Naeg,Dungeon099,Dungeon099_Static.xml,TBox_Dungeon_Stone,-1131742208,3163225088,"0,12.5,-52",Item_Ore_E,CDungeon_TBox_Dungeon_Stone_3163225088,candidate,Dungeon-level candidate only. Verify that this actor corresponds to this particular AP chest location.
Ta'loh Naeg Shrine - Chest 3,63,Dueling Peaks,Ta'loh Naeg,Dungeon099,Dungeon099_Static.xml,TBox_Dungeon_Stone,1648376382,1648376382,"-16,10.15,24",Weapon_Sword_041,CDungeon_TBox_Dungeon_Stone_1648376382,candidate,Dungeon-level candidate only. Verify that this actor corresponds to this particular AP chest location.
Ta'loh Naeg Shrine - Chest 3,63,Dueling Peaks,Ta'loh Naeg,Dungeon099,Dungeon099_Static.xml,TBox_Dungeon_Stone,-1717825161,2577142135,"16,10.15,24",Weapon_Shield_041,CDungeon_TBox_Dungeon_Stone_2577142135,candidate,Dungeon-level candidate only. Verify that this actor corresponds to this particular AP chest location.
Ta'loh Naeg Shrine - Chest 3,63,Dueling Peaks,Ta'loh Naeg,Dungeon099,Dungeon099_Static.xml,TBox_Dungeon_Stone,-1131742208,3163225088,"0,12.5,-52",Item_Ore_E,CDungeon_TBox_Dungeon_Stone_3163225088,candidate,Dungeon-level candidate only. Verify that this actor corresponds to this particular AP chest location.
Toto Sah Shrine - Chest 1,65,Dueling Peaks,Toto Sah,Dungeon015,Dungeon015_Static.xml,TBox_Dungeon_Stone,1319070279,1319070279,"23,36.5,-47",KeySmall,CDungeon_TBox_Dungeon_Stone_1319070279,candidate,Dungeon-level candidate only. Verify that this actor corresponds to this particular AP chest location.
Toto Sah Shrine - Chest 1,65,Dueling Peaks,Toto Sah,Dungeon015,Dungeon015_Static.xml,TBox_Dungeon_Stone,1345302867,1345302867,"-39,8.5,-33.5",Weapon_Shield_041,CDungeon_TBox_Dungeon_Stone_1345302867,candidate,Dungeon-level candidate only. Verify that this actor corresponds to this particular AP chest location.
Toto Sah Shrine - Chest 2,66,Dueling Peaks,Toto Sah,Dungeon015,Dungeon015_Static.xml,TBox_Dungeon_Stone,1319070279,1319070279,"23,36.5,-47",KeySmall,CDungeon_TBox_Dungeon_Stone_1319070279,candidate,Dungeon-level candidate only. Verify that this actor corresponds to this particular AP chest location.
Toto Sah Shrine - Chest 2,66,Dueling Peaks,Toto Sah,Dungeon015,Dungeon015_Static.xml,TBox_Dungeon_Stone,1345302867,1345302867,"-39,8.5,-33.5",Weapon_Shield_041,CDungeon_TBox_Dungeon_Stone_1345302867,candidate,Dungeon-level candidate only. Verify that this actor corresponds to this particular AP chest location.
Chaas Qeta Shrine - Chest,69,Necluda,Chaas Qeta,Dungeon082,Dungeon082_Static.xml,TBox_Dungeon_Stone,-2063256720,2231710576,"0,12.55,-60",Armor_014_Upper,CDungeon_TBox_Dungeon_Stone_2231710576,candidate,Dungeon-level candidate only. Verify that this actor corresponds to this particular AP chest location.
Dow Na'eh Shrine - Chest 1,71,Necluda,Dow Na'eh,Dungeon019,Dungeon019_Static.xml,TBox_Dungeon_Iron,896824088,896824088,"9,-4,-6",Item_Ore_E,CDungeon_TBox_Dungeon_Iron_896824088,candidate,Dungeon-level candidate only. Verify that this actor corresponds to this particular AP chest location.
Dow Na'eh Shrine - Chest 1,71,Necluda,Dow Na'eh,Dungeon019,Dungeon019_Static.xml,TBox_Dungeon_Iron,1114850190,1114850190,"-20,9.632813,-2",Weapon_Sword_027,CDungeon_TBox_Dungeon_Iron_1114850190,candidate,Dungeon-level candidate only. Verify that this actor corresponds to this particular AP chest location.
Dow Na'eh Shrine - Chest 1,71,Necluda,Dow Na'eh,Dungeon019,Dungeon019_Static.xml,TBox_Dungeon_Iron,1961782765,1961782765,"20,0,-18",Item_Ore_F,CDungeon_TBox_Dungeon_Iron_1961782765,candidate,Dungeon-level candidate only. Verify that this actor corresponds to this particular AP chest location.
Dow Na'eh Shrine - Chest 2,72,Necluda,Dow Na'eh,Dungeon019,Dungeon019_Static.xml,TBox_Dungeon_Iron,896824088,896824088,"9,-4,-6",Item_Ore_E,CDungeon_TBox_Dungeon_Iron_896824088,candidate,Dungeon-level candidate only. Verify that this actor corresponds to this particular AP chest location.
Dow Na'eh Shrine - Chest 2,72,Necluda,Dow Na'eh,Dungeon019,Dungeon019_Static.xml,TBox_Dungeon_Iron,1114850190,1114850190,"-20,9.632813,-2",Weapon_Sword_027,CDungeon_TBox_Dungeon_Iron_1114850190,candidate,Dungeon-level candidate only. Verify that this actor corresponds to this particular AP chest location.
Dow Na'eh Shrine - Chest 2,72,Necluda,Dow Na'eh,Dungeon019,Dungeon019_Static.xml,TBox_Dungeon_Iron,1961782765,1961782765,"20,0,-18",Item_Ore_F,CDungeon_TBox_Dungeon_Iron_1961782765,candidate,Dungeon-level candidate only. Verify that this actor corresponds to this particular AP chest location.
Dow Na'eh Shrine - Chest 3,73,Necluda,Dow Na'eh,Dungeon019,Dungeon019_Static.xml,TBox_Dungeon_Iron,896824088,896824088,"9,-4,-6",Item_Ore_E,CDungeon_TBox_Dungeon_Iron_896824088,candidate,Dungeon-level candidate only. Verify that this actor corresponds to this particular AP chest location.
Dow Na'eh Shrine - Chest 3,73,Necluda,Dow Na'eh,Dungeon019,Dungeon019_Static.xml,TBox_Dungeon_Iron,1114850190,1114850190,"-20,9.632813,-2",Weapon_Sword_027,CDungeon_TBox_Dungeon_Iron_1114850190,candidate,Dungeon-level candidate only. Verify that this actor corresponds to this particular AP chest location.
Dow Na'eh Shrine - Chest 3,73,Necluda,Dow Na'eh,Dungeon019,Dungeon019_Static.xml,TBox_Dungeon_Iron,1961782765,1961782765,"20,0,-18",Item_Ore_F,CDungeon_TBox_Dungeon_Iron_1961782765,candidate,Dungeon-level candidate only. Verify that this actor corresponds to this particular AP chest location.
Jitan Sa'mi Shrine - Chest,75,Necluda,Jitan Sa'mi,Dungeon117,Dungeon117_Static.xml,TBox_Dungeon_Stone,993230,993230,"1.788139E-07,6.5,-4",Weapon_Spear_034,CDungeon_TBox_Dungeon_Stone_993230,candidate,Dungeon-level candidate only. Verify that this actor corresponds to this particular AP chest location.
Kam Urog Shrine - Chest 1,77,Necluda,Kam Urog,Dungeon014,Dungeon014_Static.xml,TBox_Dungeon_Stone,-1919970483,2374996813,"-8.305347,-9.805347,-12.5",Weapon_Spear_002,CDungeon_TBox_Dungeon_Stone_2374996813,candidate,Dungeon-level candidate only. Verify that this actor corresponds to this particular AP chest location.
Kam Urog Shrine - Chest 1,77,Necluda,Kam Urog,Dungeon014,Dungeon014_Static.xml,TBox_Dungeon_Stone,-781001003,3513966293,"-2.5,-6.5,8.5",Item_Ore_E,CDungeon_TBox_Dungeon_Stone_3513966293,candidate,Dungeon-level candidate only. Verify that this actor corresponds to this particular AP chest location.
Kam Urog Shrine - Chest 2,78,Necluda,Kam Urog,Dungeon014,Dungeon014_Static.xml,TBox_Dungeon_Stone,-1919970483,2374996813,"-8.305347,-9.805347,-12.5",Weapon_Spear_002,CDungeon_TBox_Dungeon_Stone_2374996813,candidate,Dungeon-level candidate only. Verify that this actor corresponds to this particular AP chest location.
Kam Urog Shrine - Chest 2,78,Necluda,Kam Urog,Dungeon014,Dungeon014_Static.xml,TBox_Dungeon_Stone,-781001003,3513966293,"-2.5,-6.5,8.5",Item_Ore_E,CDungeon_TBox_Dungeon_Stone_3513966293,candidate,Dungeon-level candidate only. Verify that this actor corresponds to this particular AP chest location.
Mezza Lo Shrine - Chest,80,Necluda,Mezza Lo,Dungeon024,Dungeon024_Static.xml,TBox_Dungeon_Iron,114738522,114738522,"-24,6,-4",Weapon_Sword_035,CDungeon_TBox_Dungeon_Iron_114738522,candidate,Dungeon-level candidate only. Verify that this actor corresponds to this particular AP chest location.
Myahm Agana Shrine - Chest,82,Necluda,Myahm Agana,Dungeon039,Dungeon039_Static.xml,TBox_Dungeon_Stone,-2119533170,2175434126,"-9.5,-3,-6",Weapon_Bow_029,CDungeon_TBox_Dungeon_Stone_2175434126,candidate,Dungeon-level candidate only. Verify that this actor corresponds to this particular AP chest location.
Tahno O'ah Shrine - Chest,84,Necluda,Tahno O'ah,Dungeon119,Dungeon119_Static.xml,TBox_Dungeon_Stone,-381750064,3913217232,"1.788139E-07,6.5,-4",Armor_014_Lower,CDungeon_TBox_Dungeon_Stone_3913217232,candidate,Dungeon-level candidate only. Verify that this actor corresponds to this particular AP chest location.
Kah Yah Shrine - Chest 1,87,Faron,Kah Yah,Dungeon034,Dungeon034_Static.xml,TBox_Dungeon_Stone,445242426,445242426,"26,4,18",Weapon_Lsword_003,CDungeon_TBox_Dungeon_Stone_445242426,candidate,Dungeon-level candidate only. Verify that this actor corresponds to this particular AP chest location.
Kah Yah Shrine - Chest 1,87,Faron,Kah Yah,Dungeon034,Dungeon034_Static.xml,TBox_Dungeon_Stone,1223731997,1223731997,"-26,4,18",KeySmall,CDungeon_TBox_Dungeon_Stone_1223731997,candidate,Dungeon-level candidate only. Verify that this actor corresponds to this particular AP chest location.
Kah Yah Shrine - Chest 2,88,Faron,Kah Yah,Dungeon034,Dungeon034_Static.xml,TBox_Dungeon_Stone,445242426,445242426,"26,4,18",Weapon_Lsword_003,CDungeon_TBox_Dungeon_Stone_445242426,candidate,Dungeon-level candidate only. Verify that this actor corresponds to this particular AP chest location.
Kah Yah Shrine - Chest 2,88,Faron,Kah Yah,Dungeon034,Dungeon034_Static.xml,TBox_Dungeon_Stone,1223731997,1223731997,"-26,4,18",KeySmall,CDungeon_TBox_Dungeon_Stone_1223731997,candidate,Dungeon-level candidate only. Verify that this actor corresponds to this particular AP chest location.
Korgu Chideh Shrine - Chest,90,Faron,Korgu Chideh,Dungeon097,Dungeon097_Static.xml,TBox_Dungeon_Iron,-1341905597,2953061699,"0,6.5,-4",PutRupee_Gold,CDungeon_TBox_Dungeon_Iron_2953061699,candidate,Dungeon-level candidate only. Verify that this actor corresponds to this particular AP chest location.
Muwo Jeem Shrine - Chest,92,Faron,Muwo Jeem,Dungeon081,Dungeon081_Static.xml,TBox_Dungeon_Stone,-777642555,3517324741,"0,12.55,-60",Weapon_Bow_035,CDungeon_TBox_Dungeon_Stone_3517324741,candidate,Dungeon-level candidate only. Verify that this actor corresponds to this particular AP chest location.
Qukah Nata Shrine - Chest,94,Faron,Qukah Nata,Dungeon096,Dungeon096_Static.xml,TBox_Dungeon_Iron,731998508,731998508,"1.788139E-07,6.5,-4",Armor_046_Lower,CDungeon_TBox_Dungeon_Iron_731998508,candidate,Dungeon-level candidate only. Verify that this actor corresponds to this particular AP chest location.
Shoda Sah Shrine - Chest 1,96,Faron,Shoda Sah,Dungeon061,Dungeon061_Static.xml,TBox_Dungeon_Wood,-995307067,3299660229,"27,13,-24.5",Obj_IceArrow_A_03,CDungeon_TBox_Dungeon_Wood_3299660229,candidate,Dungeon-level candidate only. Verify that this actor corresponds to this particular AP chest location.
Shoda Sah Shrine - Chest 1,96,Faron,Shoda Sah,Dungeon061,Dungeon061_Static.xml,TBox_Dungeon_Wood,-647946826,3647020470,"-27,13,-24.5",KeySmall,CDungeon_TBox_Dungeon_Wood_3647020470,candidate,Dungeon-level candidate only. Verify that this actor corresponds to this particular AP chest location.
Shoda Sah Shrine - Chest 2,97,Faron,Shoda Sah,Dungeon061,Dungeon061_Static.xml,TBox_Dungeon_Wood,-995307067,3299660229,"27,13,-24.5",Obj_IceArrow_A_03,CDungeon_TBox_Dungeon_Wood_3299660229,candidate,Dungeon-level candidate only. Verify that this actor corresponds to this particular AP chest location.
Shoda Sah Shrine - Chest 2,97,Faron,Shoda Sah,Dungeon061,Dungeon061_Static.xml,TBox_Dungeon_Wood,-647946826,3647020470,"-27,13,-24.5",KeySmall,CDungeon_TBox_Dungeon_Wood_3647020470,candidate,Dungeon-level candidate only. Verify that this actor corresponds to this particular AP chest location.
Shai Utoh Shrine - Chest 1,99,Faron,Shai Utoh,Dungeon050,Dungeon050_Static.xml,TBox_Dungeon_Iron_050,923248764,923248764,"17.5,12.15,-27.5",Weapon_Sword_001,CDungeon_TBox_Dungeon_Iron_050_923248764,candidate,Dungeon-level candidate only. Verify that this actor corresponds to this particular AP chest location.
Shai Utoh Shrine - Chest 1,99,Faron,Shai Utoh,Dungeon050,Dungeon050_Static.xml,TBox_Dungeon_Stone,-1121710775,3173256521,"-0.5,23.65,-85.5",Item_Enemy_30,CDungeon_TBox_Dungeon_Stone_3173256521,candidate,Dungeon-level candidate only. Verify that this actor corresponds to this particular AP chest location.
Shai Utoh Shrine - Chest 2,100,Faron,Shai Utoh,Dungeon050,Dungeon050_Static.xml,TBox_Dungeon_Iron_050,923248764,923248764,"17.5,12.15,-27.5",Weapon_Sword_001,CDungeon_TBox_Dungeon_Iron_050_923248764,candidate,Dungeon-level candidate only. Verify that this actor corresponds to this particular AP chest location.
Shai Utoh Shrine - Chest 2,100,Faron,Shai Utoh,Dungeon050,Dungeon050_Static.xml,TBox_Dungeon_Stone,-1121710775,3173256521,"-0.5,23.65,-85.5",Item_Enemy_30,CDungeon_TBox_Dungeon_Stone_3173256521,candidate,Dungeon-level candidate only. Verify that this actor corresponds to this particular AP chest location.
Tawa Jinn Shrine - Chest,102,Faron,Tawa Jinn,Dungeon111,Dungeon111_Static.xml,TBox_Dungeon_Stone,-281902546,4013064750,"1.788139E-07,6.5,-4",Weapon_Lsword_035,CDungeon_TBox_Dungeon_Stone_4013064750,candidate,Dungeon-level candidate only. Verify that this actor corresponds to this particular AP chest location.
Yah Rin Shrine - Chest 1,104,Faron,Yah Rin,Dungeon006,Dungeon006_Static.xml,TBox_Dungeon_Iron,1735097170,1735097170,"0,0,-7.5",Weapon_Sword_003,CDungeon_TBox_Dungeon_Iron_1735097170,candidate,Dungeon-level candidate only. Verify that this actor corresponds to this particular AP chest location.
Yah Rin Shrine - Chest 1,104,Faron,Yah Rin,Dungeon006,Dungeon006_Static.xml,TBox_Dungeon_Stone,-245499714,4049467582,"-36.5,6,-60",Item_Ore_E,CDungeon_TBox_Dungeon_Stone_4049467582,candidate,Dungeon-level candidate only. Verify that this actor corresponds to this particular AP chest location.
Yah Rin Shrine - Chest 2,105,Faron,Yah Rin,Dungeon006,Dungeon006_Static.xml,TBox_Dungeon_Iron,1735097170,1735097170,"0,0,-7.5",Weapon_Sword_003,CDungeon_TBox_Dungeon_Iron_1735097170,candidate,Dungeon-level candidate only. Verify that this actor corresponds to this particular AP chest location.
Yah Rin Shrine - Chest 2,105,Faron,Yah Rin,Dungeon006,Dungeon006_Static.xml,TBox_Dungeon_Stone,-245499714,4049467582,"-36.5,6,-60",Item_Ore_E,CDungeon_TBox_Dungeon_Stone_4049467582,candidate,Dungeon-level candidate only. Verify that this actor corresponds to this particular AP chest location.
Dagah Keek Shrine - Chest,108,Lanayru,Dagah Keek,Dungeon101,Dungeon101_Static.xml,TBox_Dungeon_Stone,849632171,849632171,"1.788139E-07,6.5,-4",PutRupee_Silver,CDungeon_TBox_Dungeon_Stone_849632171,candidate,Dungeon-level candidate only. Verify that this actor corresponds to this particular AP chest location.
Daka Tuss Shrine - Chest,110,Lanayru,Daka Tuss,Dungeon033,Dungeon033_Static.xml,TBox_Dungeon_Stone,1852894353,1852894353,"-16,0.1,-24",Weapon_Lsword_027,CDungeon_TBox_Dungeon_Stone_1852894353,candidate,Dungeon-level candidate only. Verify that this actor corresponds to this particular AP chest location.
Kah Mael Shrine - Chest,112,Lanayru,Kah Mael,Dungeon066,Dungeon066_Static.xml,TBox_Dungeon_Stone,215071769,215071769,"16,12,-23",Item_Ore_A,CDungeon_TBox_Dungeon_Stone_215071769,candidate,Dungeon-level candidate only. Verify that this actor corresponds to this particular AP chest location.
Kaya Wan Shrine - Chest 1,114,Lanayru,Kaya Wan,Dungeon049,Dungeon049_Static.xml,TBox_Dungeon_Stone,-282671055,4012296241,"-19,10.15,-95.5",Weapon_Sword_003,CDungeon_TBox_Dungeon_Stone_4012296241,candidate,Dungeon-level candidate only. Verify that this actor corresponds to this particular AP chest location.
Kaya Wan Shrine - Chest 1,114,Lanayru,Kaya Wan,Dungeon049,Dungeon049_Static.xml,TBox_Dungeon_Wood,-80117300,4214849996,"13.5,7,-41",Item_Enemy_30,CDungeon_TBox_Dungeon_Wood_4214849996,candidate,Dungeon-level candidate only. Verify that this actor corresponds to this particular AP chest location.
Kaya Wan Shrine - Chest 2,115,Lanayru,Kaya Wan,Dungeon049,Dungeon049_Static.xml,TBox_Dungeon_Stone,-282671055,4012296241,"-19,10.15,-95.5",Weapon_Sword_003,CDungeon_TBox_Dungeon_Stone_4012296241,candidate,Dungeon-level candidate only. Verify that this actor corresponds to this particular AP chest location.
Kaya Wan Shrine - Chest 2,115,Lanayru,Kaya Wan,Dungeon049,Dungeon049_Static.xml,TBox_Dungeon_Wood,-80117300,4214849996,"13.5,7,-41",Item_Enemy_30,CDungeon_TBox_Dungeon_Wood_4214849996,candidate,Dungeon-level candidate only. Verify that this actor corresponds to this particular AP chest location.
Ne'ez Yohma Shrine - Chest,117,Lanayru,Ne'ez Yohma,Dungeon005,Dungeon005_Static.xml,TBox_Dungeon_Stone,-46149463,4248817833,"-15,-22.95,-32.00351",Weapon_Spear_027,CDungeon_TBox_Dungeon_Stone_4248817833,candidate,Dungeon-level candidate only. Verify that this actor corresponds to this particular AP chest location.
Rucco Maag Shrine - Chest 1,119,Lanayru,Rucco Maag,Dungeon016,Dungeon016_Static.xml,TBox_Dungeon_Iron,1708460808,1708460808,"-12,17.76082,-27.5",Item_Ore_E,CDungeon_TBox_Dungeon_Iron_1708460808,candidate,Dungeon-level candidate only. Verify that this actor corresponds to this particular AP chest location.
Rucco Maag Shrine - Chest 1,119,Lanayru,Rucco Maag,Dungeon016,Dungeon016_Static.xml,TBox_Dungeon_Iron,-1563357221,2731610075,"7.5,17.76082,-27.5",Weapon_Bow_014,CDungeon_TBox_Dungeon_Iron_2731610075,candidate,Dungeon-level candidate only. Verify that this actor corresponds to this particular AP chest location.
Rucco Maag Shrine - Chest 2,120,Lanayru,Rucco Maag,Dungeon016,Dungeon016_Static.xml,TBox_Dungeon_Iron,1708460808,1708460808,"-12,17.76082,-27.5",Item_Ore_E,CDungeon_TBox_Dungeon_Iron_1708460808,candidate,Dungeon-level candidate only. Verify that this actor corresponds to this particular AP chest location.
Rucco Maag Shrine - Chest 2,120,Lanayru,Rucco Maag,Dungeon016,Dungeon016_Static.xml,TBox_Dungeon_Iron,-1563357221,2731610075,"7.5,17.76082,-27.5",Weapon_Bow_014,CDungeon_TBox_Dungeon_Iron_2731610075,candidate,Dungeon-level candidate only. Verify that this actor corresponds to this particular AP chest location.
Shai Yota Shrine - Chest,122,Lanayru,Shai Yota,Dungeon114,Dungeon114_Static.xml,TBox_Dungeon_Stone,2006054206,2006054206,"1.788139E-07,6.5,-4",Weapon_Lsword_033,CDungeon_TBox_Dungeon_Stone_2006054206,candidate,Dungeon-level candidate only. Verify that this actor corresponds to this particular AP chest location.
Sheh Rata Shrine - Chest 1,124,Lanayru,Sheh Rata,Dungeon023,Dungeon023_Static.xml,TBox_Dungeon_Stone,1274382149,1274382149,"11.5,12,-14",Weapon_Lsword_051,CDungeon_TBox_Dungeon_Stone_1274382149,candidate,Dungeon-level candidate only. Verify that this actor corresponds to this particular AP chest location.
Sheh Rata Shrine - Chest 1,124,Lanayru,Sheh Rata,Dungeon023,Dungeon023_Static.xml,TBox_Dungeon_Stone,-831880739,3463086557,"8,4,28",Item_Ore_E,CDungeon_TBox_Dungeon_Stone_3463086557,candidate,Dungeon-level candidate only. Verify that this actor corresponds to this particular AP chest location.
Sheh Rata Shrine - Chest 2,125,Lanayru,Sheh Rata,Dungeon023,Dungeon023_Static.xml,TBox_Dungeon_Stone,1274382149,1274382149,"11.5,12,-14",Weapon_Lsword_051,CDungeon_TBox_Dungeon_Stone_1274382149,candidate,Dungeon-level candidate only. Verify that this actor corresponds to this particular AP chest location.
Sheh Rata Shrine - Chest 2,125,Lanayru,Sheh Rata,Dungeon023,Dungeon023_Static.xml,TBox_Dungeon_Stone,-831880739,3463086557,"8,4,28",Item_Ore_E,CDungeon_TBox_Dungeon_Stone_3463086557,candidate,Dungeon-level candidate only. Verify that this actor corresponds to this particular AP chest location.
Soh Kofi Shrine - Chest,127,Lanayru,Soh Kofi,Dungeon070,Dungeon070_Static.xml,TBox_Dungeon_Stone,-1262857833,3032109463,"0,12.5,-60",Weapon_Bow_035,CDungeon_TBox_Dungeon_Stone_3032109463,candidate,Dungeon-level candidate only. Verify that this actor corresponds to this particular AP chest location.
Sato Koda Shrine - Chest,129,Lanayru,Sato Koda,Dungeon124,Dungeon124_Static.xml,TBox_Dungeon_Stone,1836215605,1836215605,"20.5,19,-27",Item_Enemy_31,CDungeon_TBox_Dungeon_Stone_1836215605,candidate,Dungeon-level candidate only. Verify that this actor corresponds to this particular AP chest location.
Mah Eliya Shrine - Chest,131,Lanayru,Mah Eliya,Dungeon126,Dungeon126_Static.xml,TBox_Dungeon_Iron,1344934344,1344934344,"73.5,35.1,-48.5",Weapon_Shield_022,CDungeon_TBox_Dungeon_Iron_1344934344,candidate,Dungeon-level candidate only. Verify that this actor corresponds to this particular AP chest location.
Kee Dafunia Shrine - Chest,133,Lanayru,Kee Dafunia,Dungeon125,Dungeon125_Static.xml,TBox_Dungeon_Stone,-1031445558,3263521738,"0,-33,3.5",Weapon_Sword_034,CDungeon_TBox_Dungeon_Stone_3263521738,candidate,Dungeon-level candidate only. Verify that this actor corresponds to this particular AP chest location.
Daqa Koh Shrine - Chest,136,Eldin,Daqa Koh,Dungeon064,Dungeon064_Static.xml,TBox_Dungeon_Stone,-410524001,3884443295,"18.5,19,29",PutRupee_Silver,CDungeon_TBox_Dungeon_Stone_3884443295,candidate,Dungeon-level candidate only. Verify that this actor corresponds to this particular AP chest location.
Gorae Torr Shrine - Chest,138,Eldin,Gorae Torr,Dungeon091,Dungeon091_Static.xml,TBox_Dungeon_Iron,1597604003,1597604003,"1.788139E-07,6.5,-4",Weapon_Lsword_034,CDungeon_TBox_Dungeon_Iron_1597604003,candidate,Dungeon-level candidate only. Verify that this actor corresponds to this particular AP chest location.
Kayra Mah Shrine - Chest 1,140,Eldin,Kayra Mah,Dungeon025,Dungeon025_Static.xml,TBox_Dungeon_Stone,-1366266187,2928701109,"18,53.5,-112",Item_Ore_B,CDungeon_TBox_Dungeon_Stone_2928701109,candidate,Dungeon-level candidate only. Verify that this actor corresponds to this particular AP chest location.
Kayra Mah Shrine - Chest 1,140,Eldin,Kayra Mah,Dungeon025,Dungeon025_Static.xml,TBox_Dungeon_Stone,-884936265,3410031031,"-15,106.5,-175",Obj_BombArrow_A_02,CDungeon_TBox_Dungeon_Stone_3410031031,candidate,Dungeon-level candidate only. Verify that this actor corresponds to this particular AP chest location.
Kayra Mah Shrine - Chest 2,141,Eldin,Kayra Mah,Dungeon025,Dungeon025_Static.xml,TBox_Dungeon_Stone,-1366266187,2928701109,"18,53.5,-112",Item_Ore_B,CDungeon_TBox_Dungeon_Stone_2928701109,candidate,Dungeon-level candidate only. Verify that this actor corresponds to this particular AP chest location.
Kayra Mah Shrine - Chest 2,141,Eldin,Kayra Mah,Dungeon025,Dungeon025_Static.xml,TBox_Dungeon_Stone,-884936265,3410031031,"-15,106.5,-175",Obj_BombArrow_A_02,CDungeon_TBox_Dungeon_Stone_3410031031,candidate,Dungeon-level candidate only. Verify that this actor corresponds to this particular AP chest location.
Mo'a Keet Shrine - Chest 1,143,Eldin,Mo'a Keet,Dungeon031,Dungeon031_Static.xml,TBox_Dungeon_Iron,418217937,418217937,"28,25,38",Item_Ore_B,CDungeon_TBox_Dungeon_Iron_418217937,candidate,Dungeon-level candidate only. Verify that this actor corresponds to this particular AP chest location.
Mo'a Keet Shrine - Chest 1,143,Eldin,Mo'a Keet,Dungeon031,Dungeon031_Static.xml,TBox_Dungeon_Stone,-221947954,4073019342,"17,27.65,-63.5",Weapon_Sword_003,CDungeon_TBox_Dungeon_Stone_4073019342,candidate,Dungeon-level candidate only. Verify that this actor corresponds to this particular AP chest location.
Mo'a Keet Shrine - Chest 2,144,Eldin,Mo'a Keet,Dungeon031,Dungeon031_Static.xml,TBox_Dungeon_Iron,418217937,418217937,"28,25,38",Item_Ore_B,CDungeon_TBox_Dungeon_Iron_418217937,candidate,Dungeon-level candidate only. Verify that this actor corresponds to this particular AP chest location.
Mo'a Keet Shrine - Chest 2,144,Eldin,Mo'a Keet,Dungeon031,Dungeon031_Static.xml,TBox_Dungeon_Stone,-221947954,4073019342,"17,27.65,-63.5",Weapon_Sword_003,CDungeon_TBox_Dungeon_Stone_4073019342,candidate,Dungeon-level candidate only. Verify that this actor corresponds to this particular AP chest location.
Qua Raym Shrine - Chest 1,146,Eldin,Qua Raym,Dungeon067,Dungeon067_Static.xml,TBox_Dungeon_Stone,-1753943946,2541023350,"-27,10.5,23",Weapon_Lsword_003,CDungeon_TBox_Dungeon_Stone_2541023350,candidate,Dungeon-level candidate only. Verify that this actor corresponds to this particular AP chest location.
Qua Raym Shrine - Chest 1,146,Eldin,Qua Raym,Dungeon067,Dungeon067_Static.xml,TBox_Dungeon_Wood,-677274496,3617692800,"9.5,4,2.75",KeySmall,CDungeon_TBox_Dungeon_Wood_3617692800,candidate,Dungeon-level candidate only. Verify that this actor corresponds to this particular AP chest location.
Qua Raym Shrine - Chest 2,147,Eldin,Qua Raym,Dungeon067,Dungeon067_Static.xml,TBox_Dungeon_Stone,-1753943946,2541023350,"-27,10.5,23",Weapon_Lsword_003,CDungeon_TBox_Dungeon_Stone_2541023350,candidate,Dungeon-level candidate only. Verify that this actor corresponds to this particular AP chest location.
Qua Raym Shrine - Chest 2,147,Eldin,Qua Raym,Dungeon067,Dungeon067_Static.xml,TBox_Dungeon_Wood,-677274496,3617692800,"9.5,4,2.75",KeySmall,CDungeon_TBox_Dungeon_Wood_3617692800,candidate,Dungeon-level candidate only. Verify that this actor corresponds to this particular AP chest location.
Sah Dahaj Shrine - Chest,149,Eldin,Sah Dahaj,Dungeon002,Dungeon002_Static.xml,TBox_Dungeon_Iron,-1805461116,2489506180,"-17,8.068743,2",Weapon_Bow_035,CDungeon_TBox_Dungeon_Iron_2489506180,candidate,Dungeon-level candidate only. Verify that this actor corresponds to this particular AP chest location.
Shae Mo'sah Shrine - Chest 1,151,Eldin,Shae Mo'sah,Dungeon026,Dungeon026_Static.xml,TBox_Dungeon_Stone,1306359972,1306359972,"-23,10,13",KeySmall,CDungeon_TBox_Dungeon_Stone_1306359972,candidate,Dungeon-level candidate only. Verify that this actor corresponds to this particular AP chest location.
Shae Mo'sah Shrine - Chest 1,151,Eldin,Shae Mo'sah,Dungeon026,Dungeon026_Static.xml,TBox_Dungeon_Stone,1749408352,1749408352,"0,0,-24.5",Item_Ore_B,CDungeon_TBox_Dungeon_Stone_1749408352,candidate,Dungeon-level candidate only. Verify that this actor corresponds to this particular AP chest location.
Shae Mo'sah Shrine - Chest 1,151,Eldin,Shae Mo'sah,Dungeon026,Dungeon026_Static.xml,TBox_Dungeon_Stone,-1519644446,2775322850,"26,0,28",Weapon_Lsword_037,CDungeon_TBox_Dungeon_Stone_2775322850,candidate,Dungeon-level candidate only. Verify that this actor corresponds to this particular AP chest location.
Shae Mo'sah Shrine - Chest 1,151,Eldin,Shae Mo'sah,Dungeon026,Dungeon026_Static.xml,TBox_Dungeon_Stone,-1511184833,2783782463,"0,10,-8.5",Obj_IceArrow_A_02,CDungeon_TBox_Dungeon_Stone_2783782463,candidate,Dungeon-level candidate only. Verify that this actor corresponds to this particular AP chest location.
Shae Mo'sah Shrine - Chest 2,152,Eldin,Shae Mo'sah,Dungeon026,Dungeon026_Static.xml,TBox_Dungeon_Stone,1306359972,1306359972,"-23,10,13",KeySmall,CDungeon_TBox_Dungeon_Stone_1306359972,candidate,Dungeon-level candidate only. Verify that this actor corresponds to this particular AP chest location.
Shae Mo'sah Shrine - Chest 2,152,Eldin,Shae Mo'sah,Dungeon026,Dungeon026_Static.xml,TBox_Dungeon_Stone,1749408352,1749408352,"0,0,-24.5",Item_Ore_B,CDungeon_TBox_Dungeon_Stone_1749408352,candidate,Dungeon-level candidate only. Verify that this actor corresponds to this particular AP chest location.
Shae Mo'sah Shrine - Chest 2,152,Eldin,Shae Mo'sah,Dungeon026,Dungeon026_Static.xml,TBox_Dungeon_Stone,-1519644446,2775322850,"26,0,28",Weapon_Lsword_037,CDungeon_TBox_Dungeon_Stone_2775322850,candidate,Dungeon-level candidate only. Verify that this actor corresponds to this particular AP chest location.
Shae Mo'sah Shrine - Chest 2,152,Eldin,Shae Mo'sah,Dungeon026,Dungeon026_Static.xml,TBox_Dungeon_Stone,-1511184833,2783782463,"0,10,-8.5",Obj_IceArrow_A_02,CDungeon_TBox_Dungeon_Stone_2783782463,candidate,Dungeon-level candidate only. Verify that this actor corresponds to this particular AP chest location.
Shae Mo'sah Shrine - Chest 3,153,Eldin,Shae Mo'sah,Dungeon026,Dungeon026_Static.xml,TBox_Dungeon_Stone,1306359972,1306359972,"-23,10,13",KeySmall,CDungeon_TBox_Dungeon_Stone_1306359972,candidate,Dungeon-level candidate only. Verify that this actor corresponds to this particular AP chest location.
Shae Mo'sah Shrine - Chest 3,153,Eldin,Shae Mo'sah,Dungeon026,Dungeon026_Static.xml,TBox_Dungeon_Stone,1749408352,1749408352,"0,0,-24.5",Item_Ore_B,CDungeon_TBox_Dungeon_Stone_1749408352,candidate,Dungeon-level candidate only. Verify that this actor corresponds to this particular AP chest location.
Shae Mo'sah Shrine - Chest 3,153,Eldin,Shae Mo'sah,Dungeon026,Dungeon026_Static.xml,TBox_Dungeon_Stone,-1519644446,2775322850,"26,0,28",Weapon_Lsword_037,CDungeon_TBox_Dungeon_Stone_2775322850,candidate,Dungeon-level candidate only. Verify that this actor corresponds to this particular AP chest location.
Shae Mo'sah Shrine - Chest 3,153,Eldin,Shae Mo'sah,Dungeon026,Dungeon026_Static.xml,TBox_Dungeon_Stone,-1511184833,2783782463,"0,10,-8.5",Obj_IceArrow_A_02,CDungeon_TBox_Dungeon_Stone_2783782463,candidate,Dungeon-level candidate only. Verify that this actor corresponds to this particular AP chest location.
Shae Mo'sah Shrine - Chest 4,154,Eldin,Shae Mo'sah,Dungeon026,Dungeon026_Static.xml,TBox_Dungeon_Stone,1306359972,1306359972,"-23,10,13",KeySmall,CDungeon_TBox_Dungeon_Stone_1306359972,candidate,Dungeon-level candidate only. Verify that this actor corresponds to this particular AP chest location.
Shae Mo'sah Shrine - Chest 4,154,Eldin,Shae Mo'sah,Dungeon026,Dungeon026_Static.xml,TBox_Dungeon_Stone,1749408352,1749408352,"0,0,-24.5",Item_Ore_B,CDungeon_TBox_Dungeon_Stone_1749408352,candidate,Dungeon-level candidate only. Verify that this actor corresponds to this particular AP chest location.
Shae Mo'sah Shrine - Chest 4,154,Eldin,Shae Mo'sah,Dungeon026,Dungeon026_Static.xml,TBox_Dungeon_Stone,-1519644446,2775322850,"26,0,28",Weapon_Lsword_037,CDungeon_TBox_Dungeon_Stone_2775322850,candidate,Dungeon-level candidate only. Verify that this actor corresponds to this particular AP chest location.
Shae Mo'sah Shrine - Chest 4,154,Eldin,Shae Mo'sah,Dungeon026,Dungeon026_Static.xml,TBox_Dungeon_Stone,-1511184833,2783782463,"0,10,-8.5",Obj_IceArrow_A_02,CDungeon_TBox_Dungeon_Stone_2783782463,candidate,Dungeon-level candidate only. Verify that this actor corresponds to this particular AP chest location.
Shora Hah Shrine - Chest 1,156,Eldin,Shora Hah,Dungeon028,Dungeon028_Static.xml,TBox_Dungeon_Iron,223462799,223462799,"-24,35.5,60.5",PutRupee_Silver,CDungeon_TBox_Dungeon_Iron_223462799,candidate,Dungeon-level candidate only. Verify that this actor corresponds to this particular AP chest location.
Shora Hah Shrine - Chest 1,156,Eldin,Shora Hah,Dungeon028,Dungeon028_Static.xml,TBox_Dungeon_Stone,304910307,304910307,"48,32,-27.5",Weapon_Lsword_033,CDungeon_TBox_Dungeon_Stone_304910307,candidate,Dungeon-level candidate only. Verify that this actor corresponds to this particular AP chest location.
Shora Hah Shrine - Chest 1,156,Eldin,Shora Hah,Dungeon028,Dungeon028_Static.xml,TBox_Dungeon_Stone,1249330112,1249330112,"-54,32,-9.5",Obj_IceArrow_A_02,CDungeon_TBox_Dungeon_Stone_1249330112,candidate,Dungeon-level candidate only. Verify that this actor corresponds to this particular AP chest location.
Shora Hah Shrine - Chest 1,156,Eldin,Shora Hah,Dungeon028,Dungeon028_Static.xml,TBox_Dungeon_Stone,-1013598634,3281368662,"64,32,-16",Item_Enemy_31,CDungeon_TBox_Dungeon_Stone_3281368662,candidate,Dungeon-level candidate only. Verify that this actor corresponds to this particular AP chest location.
Shora Hah Shrine - Chest 1,156,Eldin,Shora Hah,Dungeon028,Dungeon028_Static.xml,TBox_Dungeon_Stone,-468351017,3826616279,"-27,36,32",Weapon_Sword_025,CDungeon_TBox_Dungeon_Stone_3826616279,candidate,Dungeon-level candidate only. Verify that this actor corresponds to this particular AP chest location.
Shora Hah Shrine - Chest 1,156,Eldin,Shora Hah,Dungeon028,Dungeon028_Static.xml,TBox_Dungeon_Stone,-97973358,4196993938,"-34,20,-9",Weapon_Bow_036,CDungeon_TBox_Dungeon_Stone_4196993938,candidate,Dungeon-level candidate only. Verify that this actor corresponds to this particular AP chest location.
Shora Hah Shrine - Chest 2,157,Eldin,Shora Hah,Dungeon028,Dungeon028_Static.xml,TBox_Dungeon_Iron,223462799,223462799,"-24,35.5,60.5",PutRupee_Silver,CDungeon_TBox_Dungeon_Iron_223462799,candidate,Dungeon-level candidate only. Verify that this actor corresponds to this particular AP chest location.
Shora Hah Shrine - Chest 2,157,Eldin,Shora Hah,Dungeon028,Dungeon028_Static.xml,TBox_Dungeon_Stone,304910307,304910307,"48,32,-27.5",Weapon_Lsword_033,CDungeon_TBox_Dungeon_Stone_304910307,candidate,Dungeon-level candidate only. Verify that this actor corresponds to this particular AP chest location.
Shora Hah Shrine - Chest 2,157,Eldin,Shora Hah,Dungeon028,Dungeon028_Static.xml,TBox_Dungeon_Stone,1249330112,1249330112,"-54,32,-9.5",Obj_IceArrow_A_02,CDungeon_TBox_Dungeon_Stone_1249330112,candidate,Dungeon-level candidate only. Verify that this actor corresponds to this particular AP chest location.
Shora Hah Shrine - Chest 2,157,Eldin,Shora Hah,Dungeon028,Dungeon028_Static.xml,TBox_Dungeon_Stone,-1013598634,3281368662,"64,32,-16",Item_Enemy_31,CDungeon_TBox_Dungeon_Stone_3281368662,candidate,Dungeon-level candidate only. Verify that this actor corresponds to this particular AP chest location.
Shora Hah Shrine - Chest 2,157,Eldin,Shora Hah,Dungeon028,Dungeon028_Static.xml,TBox_Dungeon_Stone,-468351017,3826616279,"-27,36,32",Weapon_Sword_025,CDungeon_TBox_Dungeon_Stone_3826616279,candidate,Dungeon-level candidate only. Verify that this actor corresponds to this particular AP chest location.
Shora Hah Shrine - Chest 2,157,Eldin,Shora Hah,Dungeon028,Dungeon028_Static.xml,TBox_Dungeon_Stone,-97973358,4196993938,"-34,20,-9",Weapon_Bow_036,CDungeon_TBox_Dungeon_Stone_4196993938,candidate,Dungeon-level candidate only. Verify that this actor corresponds to this particular AP chest location.
Shora Hah Shrine - Chest 3,158,Eldin,Shora Hah,Dungeon028,Dungeon028_Static.xml,TBox_Dungeon_Iron,223462799,223462799,"-24,35.5,60.5",PutRupee_Silver,CDungeon_TBox_Dungeon_Iron_223462799,candidate,Dungeon-level candidate only. Verify that this actor corresponds to this particular AP chest location.
Shora Hah Shrine - Chest 3,158,Eldin,Shora Hah,Dungeon028,Dungeon028_Static.xml,TBox_Dungeon_Stone,304910307,304910307,"48,32,-27.5",Weapon_Lsword_033,CDungeon_TBox_Dungeon_Stone_304910307,candidate,Dungeon-level candidate only. Verify that this actor corresponds to this particular AP chest location.
Shora Hah Shrine - Chest 3,158,Eldin,Shora Hah,Dungeon028,Dungeon028_Static.xml,TBox_Dungeon_Stone,1249330112,1249330112,"-54,32,-9.5",Obj_IceArrow_A_02,CDungeon_TBox_Dungeon_Stone_1249330112,candidate,Dungeon-level candidate only. Verify that this actor corresponds to this particular AP chest location.
Shora Hah Shrine - Chest 3,158,Eldin,Shora Hah,Dungeon028,Dungeon028_Static.xml,TBox_Dungeon_Stone,-1013598634,3281368662,"64,32,-16",Item_Enemy_31,CDungeon_TBox_Dungeon_Stone_3281368662,candidate,Dungeon-level candidate only. Verify that this actor corresponds to this particular AP chest location.
Shora Hah Shrine - Chest 3,158,Eldin,Shora Hah,Dungeon028,Dungeon028_Static.xml,TBox_Dungeon_Stone,-468351017,3826616279,"-27,36,32",Weapon_Sword_025,CDungeon_TBox_Dungeon_Stone_3826616279,candidate,Dungeon-level candidate only. Verify that this actor corresponds to this particular AP chest location.
Shora Hah Shrine - Chest 3,158,Eldin,Shora Hah,Dungeon028,Dungeon028_Static.xml,TBox_Dungeon_Stone,-97973358,4196993938,"-34,20,-9",Weapon_Bow_036,CDungeon_TBox_Dungeon_Stone_4196993938,candidate,Dungeon-level candidate only. Verify that this actor corresponds to this particular AP chest location.
Shora Hah Shrine - Chest 4,159,Eldin,Shora Hah,Dungeon028,Dungeon028_Static.xml,TBox_Dungeon_Iron,223462799,223462799,"-24,35.5,60.5",PutRupee_Silver,CDungeon_TBox_Dungeon_Iron_223462799,candidate,Dungeon-level candidate only. Verify that this actor corresponds to this particular AP chest location.
Shora Hah Shrine - Chest 4,159,Eldin,Shora Hah,Dungeon028,Dungeon028_Static.xml,TBox_Dungeon_Stone,304910307,304910307,"48,32,-27.5",Weapon_Lsword_033,CDungeon_TBox_Dungeon_Stone_304910307,candidate,Dungeon-level candidate only. Verify that this actor corresponds to this particular AP chest location.
Shora Hah Shrine - Chest 4,159,Eldin,Shora Hah,Dungeon028,Dungeon028_Static.xml,TBox_Dungeon_Stone,1249330112,1249330112,"-54,32,-9.5",Obj_IceArrow_A_02,CDungeon_TBox_Dungeon_Stone_1249330112,candidate,Dungeon-level candidate only. Verify that this actor corresponds to this particular AP chest location.
Shora Hah Shrine - Chest 4,159,Eldin,Shora Hah,Dungeon028,Dungeon028_Static.xml,TBox_Dungeon_Stone,-1013598634,3281368662,"64,32,-16",Item_Enemy_31,CDungeon_TBox_Dungeon_Stone_3281368662,candidate,Dungeon-level candidate only. Verify that this actor corresponds to this particular AP chest location.
Shora Hah Shrine - Chest 4,159,Eldin,Shora Hah,Dungeon028,Dungeon028_Static.xml,TBox_Dungeon_Stone,-468351017,3826616279,"-27,36,32",Weapon_Sword_025,CDungeon_TBox_Dungeon_Stone_3826616279,candidate,Dungeon-level candidate only. Verify that this actor corresponds to this particular AP chest location.
Shora Hah Shrine - Chest 4,159,Eldin,Shora Hah,Dungeon028,Dungeon028_Static.xml,TBox_Dungeon_Stone,-97973358,4196993938,"-34,20,-9",Weapon_Bow_036,CDungeon_TBox_Dungeon_Stone_4196993938,candidate,Dungeon-level candidate only. Verify that this actor corresponds to this particular AP chest location.
Shora Hah Shrine - Chest 5,160,Eldin,Shora Hah,Dungeon028,Dungeon028_Static.xml,TBox_Dungeon_Iron,223462799,223462799,"-24,35.5,60.5",PutRupee_Silver,CDungeon_TBox_Dungeon_Iron_223462799,candidate,Dungeon-level candidate only. Verify that this actor corresponds to this particular AP chest location.
Shora Hah Shrine - Chest 5,160,Eldin,Shora Hah,Dungeon028,Dungeon028_Static.xml,TBox_Dungeon_Stone,304910307,304910307,"48,32,-27.5",Weapon_Lsword_033,CDungeon_TBox_Dungeon_Stone_304910307,candidate,Dungeon-level candidate only. Verify that this actor corresponds to this particular AP chest location.
Shora Hah Shrine - Chest 5,160,Eldin,Shora Hah,Dungeon028,Dungeon028_Static.xml,TBox_Dungeon_Stone,1249330112,1249330112,"-54,32,-9.5",Obj_IceArrow_A_02,CDungeon_TBox_Dungeon_Stone_1249330112,candidate,Dungeon-level candidate only. Verify that this actor corresponds to this particular AP chest location.
Shora Hah Shrine - Chest 5,160,Eldin,Shora Hah,Dungeon028,Dungeon028_Static.xml,TBox_Dungeon_Stone,-1013598634,3281368662,"64,32,-16",Item_Enemy_31,CDungeon_TBox_Dungeon_Stone_3281368662,candidate,Dungeon-level candidate only. Verify that this actor corresponds to this particular AP chest location.
Shora Hah Shrine - Chest 5,160,Eldin,Shora Hah,Dungeon028,Dungeon028_Static.xml,TBox_Dungeon_Stone,-468351017,3826616279,"-27,36,32",Weapon_Sword_025,CDungeon_TBox_Dungeon_Stone_3826616279,candidate,Dungeon-level candidate only. Verify that this actor corresponds to this particular AP chest location.
Shora Hah Shrine - Chest 5,160,Eldin,Shora Hah,Dungeon028,Dungeon028_Static.xml,TBox_Dungeon_Stone,-97973358,4196993938,"-34,20,-9",Weapon_Bow_036,CDungeon_TBox_Dungeon_Stone_4196993938,candidate,Dungeon-level candidate only. Verify that this actor corresponds to this particular AP chest location.
Shora Hah Shrine - Chest 6,161,Eldin,Shora Hah,Dungeon028,Dungeon028_Static.xml,TBox_Dungeon_Iron,223462799,223462799,"-24,35.5,60.5",PutRupee_Silver,CDungeon_TBox_Dungeon_Iron_223462799,candidate,Dungeon-level candidate only. Verify that this actor corresponds to this particular AP chest location.
Shora Hah Shrine - Chest 6,161,Eldin,Shora Hah,Dungeon028,Dungeon028_Static.xml,TBox_Dungeon_Stone,304910307,304910307,"48,32,-27.5",Weapon_Lsword_033,CDungeon_TBox_Dungeon_Stone_304910307,candidate,Dungeon-level candidate only. Verify that this actor corresponds to this particular AP chest location.
Shora Hah Shrine - Chest 6,161,Eldin,Shora Hah,Dungeon028,Dungeon028_Static.xml,TBox_Dungeon_Stone,1249330112,1249330112,"-54,32,-9.5",Obj_IceArrow_A_02,CDungeon_TBox_Dungeon_Stone_1249330112,candidate,Dungeon-level candidate only. Verify that this actor corresponds to this particular AP chest location.
Shora Hah Shrine - Chest 6,161,Eldin,Shora Hah,Dungeon028,Dungeon028_Static.xml,TBox_Dungeon_Stone,-1013598634,3281368662,"64,32,-16",Item_Enemy_31,CDungeon_TBox_Dungeon_Stone_3281368662,candidate,Dungeon-level candidate only. Verify that this actor corresponds to this particular AP chest location.
Shora Hah Shrine - Chest 6,161,Eldin,Shora Hah,Dungeon028,Dungeon028_Static.xml,TBox_Dungeon_Stone,-468351017,3826616279,"-27,36,32",Weapon_Sword_025,CDungeon_TBox_Dungeon_Stone_3826616279,candidate,Dungeon-level candidate only. Verify that this actor corresponds to this particular AP chest location.
Shora Hah Shrine - Chest 6,161,Eldin,Shora Hah,Dungeon028,Dungeon028_Static.xml,TBox_Dungeon_Stone,-97973358,4196993938,"-34,20,-9",Weapon_Bow_036,CDungeon_TBox_Dungeon_Stone_4196993938,candidate,Dungeon-level candidate only. Verify that this actor corresponds to this particular AP chest location.
Tah Muhl Shrine - Chest 1,163,Eldin,Tah Muhl,Dungeon000,Dungeon000_Static.xml,TBox_Dungeon_Stone,79753044,79753044,"9,2,-3.5",Weapon_Lsword_036,CDungeon_TBox_Dungeon_Stone_79753044,candidate,Dungeon-level candidate only. Verify that this actor corresponds to this particular AP chest location.
Tah Muhl Shrine - Chest 1,163,Eldin,Tah Muhl,Dungeon000,Dungeon000_Static.xml,TBox_Dungeon_Stone,1015560256,1015560256,"-21.5,0,-23",Item_Ore_B,CDungeon_TBox_Dungeon_Stone_1015560256,candidate,Dungeon-level candidate only. Verify that this actor corresponds to this particular AP chest location.
Tah Muhl Shrine - Chest 1,163,Eldin,Tah Muhl,Dungeon000,Dungeon000_Static.xml,TBox_Dungeon_Wood,1061208573,1061208573,"-8.5,6,-28.5",Item_Ore_E,CDungeon_TBox_Dungeon_Wood_1061208573,candidate,Dungeon-level candidate only. Verify that this actor corresponds to this particular AP chest location.
Tah Muhl Shrine - Chest 1,163,Eldin,Tah Muhl,Dungeon000,Dungeon000_Static.xml,TBox_Dungeon_Wood,-441253704,3853713592,"-19.5,7.5,-10.5",KeySmall,CDungeon_TBox_Dungeon_Wood_3853713592,candidate,Dungeon-level candidate only. Verify that this actor corresponds to this particular AP chest location.
Tah Muhl Shrine - Chest 2,164,Eldin,Tah Muhl,Dungeon000,Dungeon000_Static.xml,TBox_Dungeon_Stone,79753044,79753044,"9,2,-3.5",Weapon_Lsword_036,CDungeon_TBox_Dungeon_Stone_79753044,candidate,Dungeon-level candidate only. Verify that this actor corresponds to this particular AP chest location.
Tah Muhl Shrine - Chest 2,164,Eldin,Tah Muhl,Dungeon000,Dungeon000_Static.xml,TBox_Dungeon_Stone,1015560256,1015560256,"-21.5,0,-23",Item_Ore_B,CDungeon_TBox_Dungeon_Stone_1015560256,candidate,Dungeon-level candidate only. Verify that this actor corresponds to this particular AP chest location.
Tah Muhl Shrine - Chest 2,164,Eldin,Tah Muhl,Dungeon000,Dungeon000_Static.xml,TBox_Dungeon_Wood,1061208573,1061208573,"-8.5,6,-28.5",Item_Ore_E,CDungeon_TBox_Dungeon_Wood_1061208573,candidate,Dungeon-level candidate only. Verify that this actor corresponds to this particular AP chest location.
Tah Muhl Shrine - Chest 2,164,Eldin,Tah Muhl,Dungeon000,Dungeon000_Static.xml,TBox_Dungeon_Wood,-441253704,3853713592,"-19.5,7.5,-10.5",KeySmall,CDungeon_TBox_Dungeon_Wood_3853713592,candidate,Dungeon-level candidate only. Verify that this actor corresponds to this particular AP chest location.
Tah Muhl Shrine - Chest 3,165,Eldin,Tah Muhl,Dungeon000,Dungeon000_Static.xml,TBox_Dungeon_Stone,79753044,79753044,"9,2,-3.5",Weapon_Lsword_036,CDungeon_TBox_Dungeon_Stone_79753044,candidate,Dungeon-level candidate only. Verify that this actor corresponds to this particular AP chest location.
Tah Muhl Shrine - Chest 3,165,Eldin,Tah Muhl,Dungeon000,Dungeon000_Static.xml,TBox_Dungeon_Stone,1015560256,1015560256,"-21.5,0,-23",Item_Ore_B,CDungeon_TBox_Dungeon_Stone_1015560256,candidate,Dungeon-level candidate only. Verify that this actor corresponds to this particular AP chest location.
Tah Muhl Shrine - Chest 3,165,Eldin,Tah Muhl,Dungeon000,Dungeon000_Static.xml,TBox_Dungeon_Wood,1061208573,1061208573,"-8.5,6,-28.5",Item_Ore_E,CDungeon_TBox_Dungeon_Wood_1061208573,candidate,Dungeon-level candidate only. Verify that this actor corresponds to this particular AP chest location.
Tah Muhl Shrine - Chest 3,165,Eldin,Tah Muhl,Dungeon000,Dungeon000_Static.xml,TBox_Dungeon_Wood,-441253704,3853713592,"-19.5,7.5,-10.5",KeySmall,CDungeon_TBox_Dungeon_Wood_3853713592,candidate,Dungeon-level candidate only. Verify that this actor corresponds to this particular AP chest location.
Tah Muhl Shrine - Chest 4,166,Eldin,Tah Muhl,Dungeon000,Dungeon000_Static.xml,TBox_Dungeon_Stone,79753044,79753044,"9,2,-3.5",Weapon_Lsword_036,CDungeon_TBox_Dungeon_Stone_79753044,candidate,Dungeon-level candidate only. Verify that this actor corresponds to this particular AP chest location.
Tah Muhl Shrine - Chest 4,166,Eldin,Tah Muhl,Dungeon000,Dungeon000_Static.xml,TBox_Dungeon_Stone,1015560256,1015560256,"-21.5,0,-23",Item_Ore_B,CDungeon_TBox_Dungeon_Stone_1015560256,candidate,Dungeon-level candidate only. Verify that this actor corresponds to this particular AP chest location.
Tah Muhl Shrine - Chest 4,166,Eldin,Tah Muhl,Dungeon000,Dungeon000_Static.xml,TBox_Dungeon_Wood,1061208573,1061208573,"-8.5,6,-28.5",Item_Ore_E,CDungeon_TBox_Dungeon_Wood_1061208573,candidate,Dungeon-level candidate only. Verify that this actor corresponds to this particular AP chest location.
Tah Muhl Shrine - Chest 4,166,Eldin,Tah Muhl,Dungeon000,Dungeon000_Static.xml,TBox_Dungeon_Wood,-441253704,3853713592,"-19.5,7.5,-10.5",KeySmall,CDungeon_TBox_Dungeon_Wood_3853713592,candidate,Dungeon-level candidate only. Verify that this actor corresponds to this particular AP chest location.
Rinu Honika Shrine - Chest,168,Eldin,Rinu Honika,Dungeon131,Dungeon131_Static.xml,TBox_Dungeon_Stone,-237674450,4057292846,"55,-83,6",Weapon_Lsword_037,CDungeon_TBox_Dungeon_Stone_4057292846,candidate,Dungeon-level candidate only. Verify that this actor corresponds to this particular AP chest location.
Kamia Omuna Shrine - Chest,170,Eldin,Kamia Omuna,Dungeon130,Dungeon130_Static.xml,TBox_Dungeon_Iron,-1357527752,2937439544,"-78.5,46,-28",Item_Ore_A,CDungeon_TBox_Dungeon_Iron_2937439544,candidate,Dungeon-level candidate only. Verify that this actor corresponds to this particular AP chest location.
Sharo Lun Shrine - Chest,172,Eldin,Sharo Lun,Dungeon132,Dungeon132_Static.xml,TBox_Dungeon_Iron,1630334883,1630334883,"0,16,8",Weapon_Lsword_033,CDungeon_TBox_Dungeon_Iron_1630334883,candidate,Dungeon-level candidate only. Verify that this actor corresponds to this particular AP chest location.
Dah Hesho Shrine - Chest,175,Akkala,Dah Hesho,Dungeon075,Dungeon075_Static.xml,TBox_Dungeon_Stone,1908915428,1908915428,"0,12.55,-60",Item_Enemy_31,CDungeon_TBox_Dungeon_Stone_1908915428,candidate,Dungeon-level candidate only. Verify that this actor corresponds to this particular AP chest location.
Katosa Aug Shrine - Chest,177,Akkala,Katosa Aug,Dungeon013,Dungeon013_Static.xml,TBox_Dungeon_Stone,130001776,130001776,"19,17.1125,-21",Weapon_Lsword_034,CDungeon_TBox_Dungeon_Stone_130001776,candidate,Dungeon-level candidate only. Verify that this actor corresponds to this particular AP chest location.
Ke'nai Shakah Shrine - Chest,179,Akkala,Ke'nai Shakah,Dungeon077,Dungeon077_Static.xml,TBox_Dungeon_Stone,-1221766589,3073200707,"0,12.55,-60",Item_Ore_C,CDungeon_TBox_Dungeon_Stone_3073200707,candidate,Dungeon-level candidate only. Verify that this actor corresponds to this particular AP chest location.
Ritaag Zumo Shrine - Chest,181,Akkala,Ritaag Zumo,Dungeon109,Dungeon109_Static.xml,TBox_Dungeon_Stone,883436885,883436885,"1.788139E-07,6.5,-4",Item_Enemy_31,CDungeon_TBox_Dungeon_Stone_883436885,candidate,Dungeon-level candidate only. Verify that this actor corresponds to this particular AP chest location.
Tu Ka'loh Shrine - Chest,183,Akkala,Tu Ka'loh,Dungeon105,Dungeon105_Static.xml,TBox_Dungeon_Stone,832725204,832725204,"1.788139E-07,6.5,-4.5",Armor_048_Head,CDungeon_TBox_Dungeon_Stone_832725204,candidate,Dungeon-level candidate only. Verify that this actor corresponds to this particular AP chest location.
Tutsuwa Nima Shrine - Chest,185,Akkala,Tutsuwa Nima,Dungeon084,Dungeon084_Static.xml,TBox_Dungeon_Stone,1101189494,1101189494,"0,12.55,-60",Weapon_Spear_033,CDungeon_TBox_Dungeon_Stone_1101189494,candidate,Dungeon-level candidate only. Verify that this actor corresponds to this particular AP chest location.
Ze Kasho Shrine - Chest,187,Akkala,Ze Kasho,Dungeon048,Dungeon048_Static.xml,TBox_Dungeon_Stone,2075859436,2075859436,"-12,7,38.5",Weapon_Spear_028,CDungeon_TBox_Dungeon_Stone_2075859436,candidate,Dungeon-level candidate only. Verify that this actor corresponds to this particular AP chest location.
Zuna Kai Shrine - Chest,189,Akkala,Zuna Kai,Dungeon102,Dungeon102_Static.xml,TBox_Dungeon_Stone,1161464155,1161464155,"1.788139E-07,6.5,-4",Weapon_Sword_033,CDungeon_TBox_Dungeon_Stone_1161464155,candidate,Dungeon-level candidate only. Verify that this actor corresponds to this particular AP chest location.
Daag Chokah Shrine - Chest,192,Great Hyrule Forest,Daag Chokah,Dungeon098,Dungeon098_Static.xml,TBox_Dungeon_Iron,-1030702542,3264264754,"0,6.5,-4",Item_Enemy_30,CDungeon_TBox_Dungeon_Iron_3264264754,candidate,Dungeon-level candidate only. Verify that this actor corresponds to this particular AP chest location.
Keo Ruug Shrine - Chest,194,Great Hyrule Forest,Keo Ruug,Dungeon022,Dungeon022_Static.xml,TBox_Dungeon_Stone,944710900,944710900,"30,0,17.5",Weapon_Lsword_003,CDungeon_TBox_Dungeon_Stone_944710900,candidate,Dungeon-level candidate only. Verify that this actor corresponds to this particular AP chest location.
Ketoh Wawai Shrine - Chest,196,Great Hyrule Forest,Ketoh Wawai,Dungeon108,Dungeon108_Static.xml,TBox_Dungeon_Stone,-1358077638,2936889658,"1.788139E-07,6.5,-4",Item_Enemy_30,CDungeon_TBox_Dungeon_Stone_2936889658,candidate,Dungeon-level candidate only. Verify that this actor corresponds to this particular AP chest location.
Kuhn Sidajj Shrine - Chest,198,Great Hyrule Forest,Kuhn Sidajj,Dungeon095,Dungeon095_Static.xml,TBox_Dungeon_Iron,1547680732,1547680732,"0,6.5,-4",Item_Enemy_31,CDungeon_TBox_Dungeon_Iron_1547680732,candidate,Dungeon-level candidate only. Verify that this actor corresponds to this particular AP chest location.
Maag Halan Shrine - Chest,200,Great Hyrule Forest,Maag Halan,Dungeon106,Dungeon106_Static.xml,TBox_Dungeon_Stone,1178382884,1178382884,"1.788139E-07,6.5,-4.5",Item_Enemy_31,CDungeon_TBox_Dungeon_Stone_1178382884,candidate,Dungeon-level candidate only. Verify that this actor corresponds to this particular AP chest location.
Mirro Shaz Shrine - Chest 1,202,Great Hyrule Forest,Mirro Shaz,Dungeon056,Dungeon056_Static.xml,TBox_Dungeon_Stone,309690636,309690636,"-16,-15.4,85.9",Weapon_Lsword_031,CDungeon_TBox_Dungeon_Stone_309690636,candidate,Dungeon-level candidate only. Verify that this actor corresponds to this particular AP chest location.
Mirro Shaz Shrine - Chest 1,202,Great Hyrule Forest,Mirro Shaz,Dungeon056,Dungeon056_Static.xml,TBox_Dungeon_Stone,1168499415,1168499415,"-144,-15.35,86",Item_Enemy_31,CDungeon_TBox_Dungeon_Stone_1168499415,candidate,Dungeon-level candidate only. Verify that this actor corresponds to this particular AP chest location.
Mirro Shaz Shrine - Chest 1,202,Great Hyrule Forest,Mirro Shaz,Dungeon056,Dungeon056_Static.xml,TBox_Dungeon_Stone,-1954754378,2340212918,"-127,-15.35,96",Weapon_Lsword_031,CDungeon_TBox_Dungeon_Stone_2340212918,candidate,Dungeon-level candidate only. Verify that this actor corresponds to this particular AP chest location.
Mirro Shaz Shrine - Chest 2,203,Great Hyrule Forest,Mirro Shaz,Dungeon056,Dungeon056_Static.xml,TBox_Dungeon_Stone,309690636,309690636,"-16,-15.4,85.9",Weapon_Lsword_031,CDungeon_TBox_Dungeon_Stone_309690636,candidate,Dungeon-level candidate only. Verify that this actor corresponds to this particular AP chest location.
Mirro Shaz Shrine - Chest 2,203,Great Hyrule Forest,Mirro Shaz,Dungeon056,Dungeon056_Static.xml,TBox_Dungeon_Stone,1168499415,1168499415,"-144,-15.35,86",Item_Enemy_31,CDungeon_TBox_Dungeon_Stone_1168499415,candidate,Dungeon-level candidate only. Verify that this actor corresponds to this particular AP chest location.
Mirro Shaz Shrine - Chest 2,203,Great Hyrule Forest,Mirro Shaz,Dungeon056,Dungeon056_Static.xml,TBox_Dungeon_Stone,-1954754378,2340212918,"-127,-15.35,96",Weapon_Lsword_031,CDungeon_TBox_Dungeon_Stone_2340212918,candidate,Dungeon-level candidate only. Verify that this actor corresponds to this particular AP chest location.
Mirro Shaz Shrine - Chest 3,204,Great Hyrule Forest,Mirro Shaz,Dungeon056,Dungeon056_Static.xml,TBox_Dungeon_Stone,309690636,309690636,"-16,-15.4,85.9",Weapon_Lsword_031,CDungeon_TBox_Dungeon_Stone_309690636,candidate,Dungeon-level candidate only. Verify that this actor corresponds to this particular AP chest location.
Mirro Shaz Shrine - Chest 3,204,Great Hyrule Forest,Mirro Shaz,Dungeon056,Dungeon056_Static.xml,TBox_Dungeon_Stone,1168499415,1168499415,"-144,-15.35,86",Item_Enemy_31,CDungeon_TBox_Dungeon_Stone_1168499415,candidate,Dungeon-level candidate only. Verify that this actor corresponds to this particular AP chest location.
Mirro Shaz Shrine - Chest 3,204,Great Hyrule Forest,Mirro Shaz,Dungeon056,Dungeon056_Static.xml,TBox_Dungeon_Stone,-1954754378,2340212918,"-127,-15.35,96",Weapon_Lsword_031,CDungeon_TBox_Dungeon_Stone_2340212918,candidate,Dungeon-level candidate only. Verify that this actor corresponds to this particular AP chest location.
Monya Toma Shrine - Chest,206,Great Hyrule Forest,Monya Toma,Dungeon011,Dungeon011_Static.xml,TBox_Dungeon_Stone,2144851240,2144851240,"-23,8,-16",Weapon_Sword_035,CDungeon_TBox_Dungeon_Stone_2144851240,candidate,Dungeon-level candidate only. Verify that this actor corresponds to this particular AP chest location.
Rona Kachta Shrine - Chest,208,Great Hyrule Forest,Rona Kachta,Dungeon115,Dungeon115_Static.xml,TBox_Dungeon_Stone,-332089007,3962878289,"1.788139E-07,6.5,-4",Weapon_Lsword_033,CDungeon_TBox_Dungeon_Stone_3962878289,candidate,Dungeon-level candidate only. Verify that this actor corresponds to this particular AP chest location.
Ishto Soh Shrine - Chest 1,211,Lake Hylia,Ishto Soh,Dungeon069,Dungeon069_Static.xml,TBox_Dungeon_Stone,582159315,582159315,"25.5,0,0",Item_Ore_D,CDungeon_TBox_Dungeon_Stone_582159315,candidate,Dungeon-level candidate only. Verify that this actor corresponds to this particular AP chest location.
Ishto Soh Shrine - Chest 1,211,Lake Hylia,Ishto Soh,Dungeon069,Dungeon069_Static.xml,TBox_Dungeon_Stone,1505890884,1505890884,"-29,12,0",Item_Enemy_30,CDungeon_TBox_Dungeon_Stone_1505890884,candidate,Dungeon-level candidate only. Verify that this actor corresponds to this particular AP chest location.
Ishto Soh Shrine - Chest 2,212,Lake Hylia,Ishto Soh,Dungeon069,Dungeon069_Static.xml,TBox_Dungeon_Stone,582159315,582159315,"25.5,0,0",Item_Ore_D,CDungeon_TBox_Dungeon_Stone_582159315,candidate,Dungeon-level candidate only. Verify that this actor corresponds to this particular AP chest location.
Ishto Soh Shrine - Chest 2,212,Lake Hylia,Ishto Soh,Dungeon069,Dungeon069_Static.xml,TBox_Dungeon_Stone,1505890884,1505890884,"-29,12,0",Item_Enemy_30,CDungeon_TBox_Dungeon_Stone_1505890884,candidate,Dungeon-level candidate only. Verify that this actor corresponds to this particular AP chest location.
Ka'o Makagh Shrine - Chest 1,214,Lake Hylia,Ka'o Makagh,Dungeon054,Dungeon054_Static.xml,TBox_Dungeon_Iron,393155234,393155234,"-12,16,10",Item_Ore_E,CDungeon_TBox_Dungeon_Iron_393155234,candidate,Dungeon-level candidate only. Verify that this actor corresponds to this particular AP chest location.
Ka'o Makagh Shrine - Chest 1,214,Lake Hylia,Ka'o Makagh,Dungeon054,Dungeon054_Static.xml,TBox_Dungeon_Stone,2042129072,2042129072,"-48.5,0,26.5",Weapon_Bow_001,CDungeon_TBox_Dungeon_Stone_2042129072,candidate,Dungeon-level candidate only. Verify that this actor corresponds to this particular AP chest location.
Ka'o Makagh Shrine - Chest 1,214,Lake Hylia,Ka'o Makagh,Dungeon054,Dungeon054_Static.xml,TBox_Dungeon_Stone,-589519587,3705447709,"-14,2,15",PutRupee_Gold,CDungeon_TBox_Dungeon_Stone_3705447709,candidate,Dungeon-level candidate only. Verify that this actor corresponds to this particular AP chest location.
Ka'o Makagh Shrine - Chest 2,215,Lake Hylia,Ka'o Makagh,Dungeon054,Dungeon054_Static.xml,TBox_Dungeon_Iron,393155234,393155234,"-12,16,10",Item_Ore_E,CDungeon_TBox_Dungeon_Iron_393155234,candidate,Dungeon-level candidate only. Verify that this actor corresponds to this particular AP chest location.
Ka'o Makagh Shrine - Chest 2,215,Lake Hylia,Ka'o Makagh,Dungeon054,Dungeon054_Static.xml,TBox_Dungeon_Stone,2042129072,2042129072,"-48.5,0,26.5",Weapon_Bow_001,CDungeon_TBox_Dungeon_Stone_2042129072,candidate,Dungeon-level candidate only. Verify that this actor corresponds to this particular AP chest location.
Ka'o Makagh Shrine - Chest 2,215,Lake Hylia,Ka'o Makagh,Dungeon054,Dungeon054_Static.xml,TBox_Dungeon_Stone,-589519587,3705447709,"-14,2,15",PutRupee_Gold,CDungeon_TBox_Dungeon_Stone_3705447709,candidate,Dungeon-level candidate only. Verify that this actor corresponds to this particular AP chest location.
Ka'o Makagh Shrine - Chest 3,216,Lake Hylia,Ka'o Makagh,Dungeon054,Dungeon054_Static.xml,TBox_Dungeon_Iron,393155234,393155234,"-12,16,10",Item_Ore_E,CDungeon_TBox_Dungeon_Iron_393155234,candidate,Dungeon-level candidate only. Verify that this actor corresponds to this particular AP chest location.
Ka'o Makagh Shrine - Chest 3,216,Lake Hylia,Ka'o Makagh,Dungeon054,Dungeon054_Static.xml,TBox_Dungeon_Stone,2042129072,2042129072,"-48.5,0,26.5",Weapon_Bow_001,CDungeon_TBox_Dungeon_Stone_2042129072,candidate,Dungeon-level candidate only. Verify that this actor corresponds to this particular AP chest location.
Ka'o Makagh Shrine - Chest 3,216,Lake Hylia,Ka'o Makagh,Dungeon054,Dungeon054_Static.xml,TBox_Dungeon_Stone,-589519587,3705447709,"-14,2,15",PutRupee_Gold,CDungeon_TBox_Dungeon_Stone_3705447709,candidate,Dungeon-level candidate only. Verify that this actor corresponds to this particular AP chest location.
Pumaag Nitae Shrine - Chest,218,Lake Hylia,Pumaag Nitae,Dungeon071,Dungeon071_Static.xml,TBox_Dungeon_Stone,-844104901,3450862395,"5.960464E-08,12.55,-60",Weapon_Sword_051,CDungeon_TBox_Dungeon_Stone_3450862395,candidate,Dungeon-level candidate only. Verify that this actor corresponds to this particular AP chest location.
Shae Katha Shrine - Chest,220,Lake Hylia,Shae Katha,Dungeon113,Dungeon113_Static.xml,TBox_Dungeon_Stone,50928817,50928817,"1.788139E-07,6.5,-4",Weapon_Spear_035,CDungeon_TBox_Dungeon_Stone_50928817,candidate,Dungeon-level candidate only. Verify that this actor corresponds to this particular AP chest location.
Shoqa Tatone Shrine - Chest,222,Lake Hylia,Shoqa Tatone,Dungeon080,Dungeon080_Static.xml,TBox_Dungeon_Stone,396797432,396797432,"5.960464E-08,12.55,-60",Weapon_Sword_024,CDungeon_TBox_Dungeon_Stone_396797432,candidate,Dungeon-level candidate only. Verify that this actor corresponds to this particular AP chest location.
Ya Naga Shrine - Chest,224,Lake Hylia,Ya Naga,Dungeon068,Dungeon068_Static.xml,TBox_Dungeon_Stone,319620032,319620032,"17,55,1",Weapon_Sword_041,CDungeon_TBox_Dungeon_Stone_319620032,candidate,Dungeon-level candidate only. Verify that this actor corresponds to this particular AP chest location.
Akh Va'quot Shrine - Chest 1,227,Tabantha,Akh Va'quot,Dungeon035,Dungeon035_Static.xml,TBox_Dungeon_Stone,450234134,450234134,"26,10,58.5",Item_Enemy_30,CDungeon_TBox_Dungeon_Stone_450234134,candidate,Dungeon-level candidate only. Verify that this actor corresponds to this particular AP chest location.
Akh Va'quot Shrine - Chest 1,227,Tabantha,Akh Va'quot,Dungeon035,Dungeon035_Static.xml,TBox_Dungeon_Stone,-1595191497,2699775799,"-6,6,38",Weapon_Spear_032,CDungeon_TBox_Dungeon_Stone_2699775799,candidate,Dungeon-level candidate only. Verify that this actor corresponds to this particular AP chest location.
Akh Va'quot Shrine - Chest 1,227,Tabantha,Akh Va'quot,Dungeon035,Dungeon035_Static.xml,TBox_Dungeon_Stone,-24812630,4270154666,"6,6,38",Item_Ore_C,CDungeon_TBox_Dungeon_Stone_4270154666,candidate,Dungeon-level candidate only. Verify that this actor corresponds to this particular AP chest location.
Akh Va'quot Shrine - Chest 2,228,Tabantha,Akh Va'quot,Dungeon035,Dungeon035_Static.xml,TBox_Dungeon_Stone,450234134,450234134,"26,10,58.5",Item_Enemy_30,CDungeon_TBox_Dungeon_Stone_450234134,candidate,Dungeon-level candidate only. Verify that this actor corresponds to this particular AP chest location.
Akh Va'quot Shrine - Chest 2,228,Tabantha,Akh Va'quot,Dungeon035,Dungeon035_Static.xml,TBox_Dungeon_Stone,-1595191497,2699775799,"-6,6,38",Weapon_Spear_032,CDungeon_TBox_Dungeon_Stone_2699775799,candidate,Dungeon-level candidate only. Verify that this actor corresponds to this particular AP chest location.
Akh Va'quot Shrine - Chest 2,228,Tabantha,Akh Va'quot,Dungeon035,Dungeon035_Static.xml,TBox_Dungeon_Stone,-24812630,4270154666,"6,6,38",Item_Ore_C,CDungeon_TBox_Dungeon_Stone_4270154666,candidate,Dungeon-level candidate only. Verify that this actor corresponds to this particular AP chest location.
Akh Va'quot Shrine - Chest 3,229,Tabantha,Akh Va'quot,Dungeon035,Dungeon035_Static.xml,TBox_Dungeon_Stone,450234134,450234134,"26,10,58.5",Item_Enemy_30,CDungeon_TBox_Dungeon_Stone_450234134,candidate,Dungeon-level candidate only. Verify that this actor corresponds to this particular AP chest location.
Akh Va'quot Shrine - Chest 3,229,Tabantha,Akh Va'quot,Dungeon035,Dungeon035_Static.xml,TBox_Dungeon_Stone,-1595191497,2699775799,"-6,6,38",Weapon_Spear_032,CDungeon_TBox_Dungeon_Stone_2699775799,candidate,Dungeon-level candidate only. Verify that this actor corresponds to this particular AP chest location.
Akh Va'quot Shrine - Chest 3,229,Tabantha,Akh Va'quot,Dungeon035,Dungeon035_Static.xml,TBox_Dungeon_Stone,-24812630,4270154666,"6,6,38",Item_Ore_C,CDungeon_TBox_Dungeon_Stone_4270154666,candidate,Dungeon-level candidate only. Verify that this actor corresponds to this particular AP chest location.
Bareeda Naag Shrine - Chest 1,231,Tabantha,Bareeda Naag,Dungeon008,Dungeon008_Static.xml,TBox_Dungeon_Stone,159148495,159148495,"-78,21.46,64",Weapon_Bow_016,CDungeon_TBox_Dungeon_Stone_159148495,candidate,Dungeon-level candidate only. Verify that this actor corresponds to this particular AP chest location.
Bareeda Naag Shrine - Chest 1,231,Tabantha,Bareeda Naag,Dungeon008,Dungeon008_Static.xml,TBox_Dungeon_Stone,-781423260,3513544036,"52,21.5,48",Item_Ore_A,CDungeon_TBox_Dungeon_Stone_3513544036,candidate,Dungeon-level candidate only. Verify that this actor corresponds to this particular AP chest location.
Bareeda Naag Shrine - Chest 2,232,Tabantha,Bareeda Naag,Dungeon008,Dungeon008_Static.xml,TBox_Dungeon_Stone,159148495,159148495,"-78,21.46,64",Weapon_Bow_016,CDungeon_TBox_Dungeon_Stone_159148495,candidate,Dungeon-level candidate only. Verify that this actor corresponds to this particular AP chest location.
Bareeda Naag Shrine - Chest 2,232,Tabantha,Bareeda Naag,Dungeon008,Dungeon008_Static.xml,TBox_Dungeon_Stone,-781423260,3513544036,"52,21.5,48",Item_Ore_A,CDungeon_TBox_Dungeon_Stone_3513544036,candidate,Dungeon-level candidate only. Verify that this actor corresponds to this particular AP chest location.
Kah Okeo Shrine - Chest 1,234,Tabantha,Kah Okeo,Dungeon059,Dungeon059_Static.xml,TBox_Dungeon_Stone,889586639,889586639,"5,38.5,18",PutRupee_Gold,CDungeon_TBox_Dungeon_Stone_889586639,candidate,Dungeon-level candidate only. Verify that this actor corresponds to this particular AP chest location.
Kah Okeo Shrine - Chest 1,234,Tabantha,Kah Okeo,Dungeon059,Dungeon059_Static.xml,TBox_Dungeon_Stone,-2144555123,2150412173,"-43.25,89.3625,2.25",KeySmall,CDungeon_TBox_Dungeon_Stone_2150412173,candidate,Dungeon-level candidate only. Verify that this actor corresponds to this particular AP chest location.
Kah Okeo Shrine - Chest 1,234,Tabantha,Kah Okeo,Dungeon059,Dungeon059_Static.xml,TBox_Dungeon_Stone,-1892332152,2402635144,"36.5,30.65,61",Weapon_Lsword_056,CDungeon_TBox_Dungeon_Stone_2402635144,candidate,Dungeon-level candidate only. Verify that this actor corresponds to this particular AP chest location.
Kah Okeo Shrine - Chest 1,234,Tabantha,Kah Okeo,Dungeon059,Dungeon059_Static.xml,TBox_Dungeon_Stone,-1239282988,3055684308,"-39,49.5,42",Item_Enemy_31,CDungeon_TBox_Dungeon_Stone_3055684308,candidate,Dungeon-level candidate only. Verify that this actor corresponds to this particular AP chest location.
Kah Okeo Shrine - Chest 1,234,Tabantha,Kah Okeo,Dungeon059,Dungeon059_Static.xml,TBox_Dungeon_Stone,-1147748784,3147218512,"2,37,0",Weapon_Sword_025,CDungeon_TBox_Dungeon_Stone_3147218512,candidate,Dungeon-level candidate only. Verify that this actor corresponds to this particular AP chest location.
Kah Okeo Shrine - Chest 1,234,Tabantha,Kah Okeo,Dungeon059,Dungeon059_Static.xml,TBox_Dungeon_Stone,-799604482,3495362814,"39,38.5,-17.5",Weapon_Spear_035,CDungeon_TBox_Dungeon_Stone_3495362814,candidate,Dungeon-level candidate only. Verify that this actor corresponds to this particular AP chest location.
Kah Okeo Shrine - Chest 2,235,Tabantha,Kah Okeo,Dungeon059,Dungeon059_Static.xml,TBox_Dungeon_Stone,889586639,889586639,"5,38.5,18",PutRupee_Gold,CDungeon_TBox_Dungeon_Stone_889586639,candidate,Dungeon-level candidate only. Verify that this actor corresponds to this particular AP chest location.
Kah Okeo Shrine - Chest 2,235,Tabantha,Kah Okeo,Dungeon059,Dungeon059_Static.xml,TBox_Dungeon_Stone,-2144555123,2150412173,"-43.25,89.3625,2.25",KeySmall,CDungeon_TBox_Dungeon_Stone_2150412173,candidate,Dungeon-level candidate only. Verify that this actor corresponds to this particular AP chest location.
Kah Okeo Shrine - Chest 2,235,Tabantha,Kah Okeo,Dungeon059,Dungeon059_Static.xml,TBox_Dungeon_Stone,-1892332152,2402635144,"36.5,30.65,61",Weapon_Lsword_056,CDungeon_TBox_Dungeon_Stone_2402635144,candidate,Dungeon-level candidate only. Verify that this actor corresponds to this particular AP chest location.
Kah Okeo Shrine - Chest 2,235,Tabantha,Kah Okeo,Dungeon059,Dungeon059_Static.xml,TBox_Dungeon_Stone,-1239282988,3055684308,"-39,49.5,42",Item_Enemy_31,CDungeon_TBox_Dungeon_Stone_3055684308,candidate,Dungeon-level candidate only. Verify that this actor corresponds to this particular AP chest location.
Kah Okeo Shrine - Chest 2,235,Tabantha,Kah Okeo,Dungeon059,Dungeon059_Static.xml,TBox_Dungeon_Stone,-1147748784,3147218512,"2,37,0",Weapon_Sword_025,CDungeon_TBox_Dungeon_Stone_3147218512,candidate,Dungeon-level candidate only. Verify that this actor corresponds to this particular AP chest location.
Kah Okeo Shrine - Chest 2,235,Tabantha,Kah Okeo,Dungeon059,Dungeon059_Static.xml,TBox_Dungeon_Stone,-799604482,3495362814,"39,38.5,-17.5",Weapon_Spear_035,CDungeon_TBox_Dungeon_Stone_3495362814,candidate,Dungeon-level candidate only. Verify that this actor corresponds to this particular AP chest location.
Kah Okeo Shrine - Chest 3,236,Tabantha,Kah Okeo,Dungeon059,Dungeon059_Static.xml,TBox_Dungeon_Stone,889586639,889586639,"5,38.5,18",PutRupee_Gold,CDungeon_TBox_Dungeon_Stone_889586639,candidate,Dungeon-level candidate only. Verify that this actor corresponds to this particular AP chest location.
Kah Okeo Shrine - Chest 3,236,Tabantha,Kah Okeo,Dungeon059,Dungeon059_Static.xml,TBox_Dungeon_Stone,-2144555123,2150412173,"-43.25,89.3625,2.25",KeySmall,CDungeon_TBox_Dungeon_Stone_2150412173,candidate,Dungeon-level candidate only. Verify that this actor corresponds to this particular AP chest location.
Kah Okeo Shrine - Chest 3,236,Tabantha,Kah Okeo,Dungeon059,Dungeon059_Static.xml,TBox_Dungeon_Stone,-1892332152,2402635144,"36.5,30.65,61",Weapon_Lsword_056,CDungeon_TBox_Dungeon_Stone_2402635144,candidate,Dungeon-level candidate only. Verify that this actor corresponds to this particular AP chest location.
Kah Okeo Shrine - Chest 3,236,Tabantha,Kah Okeo,Dungeon059,Dungeon059_Static.xml,TBox_Dungeon_Stone,-1239282988,3055684308,"-39,49.5,42",Item_Enemy_31,CDungeon_TBox_Dungeon_Stone_3055684308,candidate,Dungeon-level candidate only. Verify that this actor corresponds to this particular AP chest location.
Kah Okeo Shrine - Chest 3,236,Tabantha,Kah Okeo,Dungeon059,Dungeon059_Static.xml,TBox_Dungeon_Stone,-1147748784,3147218512,"2,37,0",Weapon_Sword_025,CDungeon_TBox_Dungeon_Stone_3147218512,candidate,Dungeon-level candidate only. Verify that this actor corresponds to this particular AP chest location.
Kah Okeo Shrine - Chest 3,236,Tabantha,Kah Okeo,Dungeon059,Dungeon059_Static.xml,TBox_Dungeon_Stone,-799604482,3495362814,"39,38.5,-17.5",Weapon_Spear_035,CDungeon_TBox_Dungeon_Stone_3495362814,candidate,Dungeon-level candidate only. Verify that this actor corresponds to this particular AP chest location.
Kah Okeo Shrine - Chest 4,237,Tabantha,Kah Okeo,Dungeon059,Dungeon059_Static.xml,TBox_Dungeon_Stone,889586639,889586639,"5,38.5,18",PutRupee_Gold,CDungeon_TBox_Dungeon_Stone_889586639,candidate,Dungeon-level candidate only. Verify that this actor corresponds to this particular AP chest location.
Kah Okeo Shrine - Chest 4,237,Tabantha,Kah Okeo,Dungeon059,Dungeon059_Static.xml,TBox_Dungeon_Stone,-2144555123,2150412173,"-43.25,89.3625,2.25",KeySmall,CDungeon_TBox_Dungeon_Stone_2150412173,candidate,Dungeon-level candidate only. Verify that this actor corresponds to this particular AP chest location.
Kah Okeo Shrine - Chest 4,237,Tabantha,Kah Okeo,Dungeon059,Dungeon059_Static.xml,TBox_Dungeon_Stone,-1892332152,2402635144,"36.5,30.65,61",Weapon_Lsword_056,CDungeon_TBox_Dungeon_Stone_2402635144,candidate,Dungeon-level candidate only. Verify that this actor corresponds to this particular AP chest location.
Kah Okeo Shrine - Chest 4,237,Tabantha,Kah Okeo,Dungeon059,Dungeon059_Static.xml,TBox_Dungeon_Stone,-1239282988,3055684308,"-39,49.5,42",Item_Enemy_31,CDungeon_TBox_Dungeon_Stone_3055684308,candidate,Dungeon-level candidate only. Verify that this actor corresponds to this particular AP chest location.
Kah Okeo Shrine - Chest 4,237,Tabantha,Kah Okeo,Dungeon059,Dungeon059_Static.xml,TBox_Dungeon_Stone,-1147748784,3147218512,"2,37,0",Weapon_Sword_025,CDungeon_TBox_Dungeon_Stone_3147218512,candidate,Dungeon-level candidate only. Verify that this actor corresponds to this particular AP chest location.
Kah Okeo Shrine - Chest 4,237,Tabantha,Kah Okeo,Dungeon059,Dungeon059_Static.xml,TBox_Dungeon_Stone,-799604482,3495362814,"39,38.5,-17.5",Weapon_Spear_035,CDungeon_TBox_Dungeon_Stone_3495362814,candidate,Dungeon-level candidate only. Verify that this actor corresponds to this particular AP chest location.
Kah Okeo Shrine - Chest 5,238,Tabantha,Kah Okeo,Dungeon059,Dungeon059_Static.xml,TBox_Dungeon_Stone,889586639,889586639,"5,38.5,18",PutRupee_Gold,CDungeon_TBox_Dungeon_Stone_889586639,candidate,Dungeon-level candidate only. Verify that this actor corresponds to this particular AP chest location.
Kah Okeo Shrine - Chest 5,238,Tabantha,Kah Okeo,Dungeon059,Dungeon059_Static.xml,TBox_Dungeon_Stone,-2144555123,2150412173,"-43.25,89.3625,2.25",KeySmall,CDungeon_TBox_Dungeon_Stone_2150412173,candidate,Dungeon-level candidate only. Verify that this actor corresponds to this particular AP chest location.
Kah Okeo Shrine - Chest 5,238,Tabantha,Kah Okeo,Dungeon059,Dungeon059_Static.xml,TBox_Dungeon_Stone,-1892332152,2402635144,"36.5,30.65,61",Weapon_Lsword_056,CDungeon_TBox_Dungeon_Stone_2402635144,candidate,Dungeon-level candidate only. Verify that this actor corresponds to this particular AP chest location.
Kah Okeo Shrine - Chest 5,238,Tabantha,Kah Okeo,Dungeon059,Dungeon059_Static.xml,TBox_Dungeon_Stone,-1239282988,3055684308,"-39,49.5,42",Item_Enemy_31,CDungeon_TBox_Dungeon_Stone_3055684308,candidate,Dungeon-level candidate only. Verify that this actor corresponds to this particular AP chest location.
Kah Okeo Shrine - Chest 5,238,Tabantha,Kah Okeo,Dungeon059,Dungeon059_Static.xml,TBox_Dungeon_Stone,-1147748784,3147218512,"2,37,0",Weapon_Sword_025,CDungeon_TBox_Dungeon_Stone_3147218512,candidate,Dungeon-level candidate only. Verify that this actor corresponds to this particular AP chest location.
Kah Okeo Shrine - Chest 5,238,Tabantha,Kah Okeo,Dungeon059,Dungeon059_Static.xml,TBox_Dungeon_Stone,-799604482,3495362814,"39,38.5,-17.5",Weapon_Spear_035,CDungeon_TBox_Dungeon_Stone_3495362814,candidate,Dungeon-level candidate only. Verify that this actor corresponds to this particular AP chest location.
Kah Okeo Shrine - Chest 6,239,Tabantha,Kah Okeo,Dungeon059,Dungeon059_Static.xml,TBox_Dungeon_Stone,889586639,889586639,"5,38.5,18",PutRupee_Gold,CDungeon_TBox_Dungeon_Stone_889586639,candidate,Dungeon-level candidate only. Verify that this actor corresponds to this particular AP chest location.
Kah Okeo Shrine - Chest 6,239,Tabantha,Kah Okeo,Dungeon059,Dungeon059_Static.xml,TBox_Dungeon_Stone,-2144555123,2150412173,"-43.25,89.3625,2.25",KeySmall,CDungeon_TBox_Dungeon_Stone_2150412173,candidate,Dungeon-level candidate only. Verify that this actor corresponds to this particular AP chest location.
Kah Okeo Shrine - Chest 6,239,Tabantha,Kah Okeo,Dungeon059,Dungeon059_Static.xml,TBox_Dungeon_Stone,-1892332152,2402635144,"36.5,30.65,61",Weapon_Lsword_056,CDungeon_TBox_Dungeon_Stone_2402635144,candidate,Dungeon-level candidate only. Verify that this actor corresponds to this particular AP chest location.
Kah Okeo Shrine - Chest 6,239,Tabantha,Kah Okeo,Dungeon059,Dungeon059_Static.xml,TBox_Dungeon_Stone,-1239282988,3055684308,"-39,49.5,42",Item_Enemy_31,CDungeon_TBox_Dungeon_Stone_3055684308,candidate,Dungeon-level candidate only. Verify that this actor corresponds to this particular AP chest location.
Kah Okeo Shrine - Chest 6,239,Tabantha,Kah Okeo,Dungeon059,Dungeon059_Static.xml,TBox_Dungeon_Stone,-1147748784,3147218512,"2,37,0",Weapon_Sword_025,CDungeon_TBox_Dungeon_Stone_3147218512,candidate,Dungeon-level candidate only. Verify that this actor corresponds to this particular AP chest location.
Kah Okeo Shrine - Chest 6,239,Tabantha,Kah Okeo,Dungeon059,Dungeon059_Static.xml,TBox_Dungeon_Stone,-799604482,3495362814,"39,38.5,-17.5",Weapon_Spear_035,CDungeon_TBox_Dungeon_Stone_3495362814,candidate,Dungeon-level candidate only. Verify that this actor corresponds to this particular AP chest location.
Sha Warvo Shrine - Chest 1,241,Tabantha,Sha Warvo,Dungeon053,Dungeon053_Static.xml,TBox_Dungeon_Stone,287351360,287351360,"21,28,-6",Weapon_Bow_035,CDungeon_TBox_Dungeon_Stone_287351360,candidate,Dungeon-level candidate only. Verify that this actor corresponds to this particular AP chest location.
Sha Warvo Shrine - Chest 1,241,Tabantha,Sha Warvo,Dungeon053,Dungeon053_Static.xml,TBox_Dungeon_Stone,699967431,699967431,"-14,-34,-18",PutRupee_Purple,CDungeon_TBox_Dungeon_Stone_699967431,candidate,Dungeon-level candidate only. Verify that this actor corresponds to this particular AP chest location.
Sha Warvo Shrine - Chest 2,242,Tabantha,Sha Warvo,Dungeon053,Dungeon053_Static.xml,TBox_Dungeon_Stone,287351360,287351360,"21,28,-6",Weapon_Bow_035,CDungeon_TBox_Dungeon_Stone_287351360,candidate,Dungeon-level candidate only. Verify that this actor corresponds to this particular AP chest location.
Sha Warvo Shrine - Chest 2,242,Tabantha,Sha Warvo,Dungeon053,Dungeon053_Static.xml,TBox_Dungeon_Stone,699967431,699967431,"-14,-34,-18",PutRupee_Purple,CDungeon_TBox_Dungeon_Stone_699967431,candidate,Dungeon-level candidate only. Verify that this actor corresponds to this particular AP chest location.
Tena Ko'sah Shrine - Chest,244,Tabantha,Tena Ko'sah,Dungeon083,Dungeon083_Static.xml,TBox_Dungeon_Stone,-518093269,3776874027,"0,12.55,-60",Weapon_Spear_003,CDungeon_TBox_Dungeon_Stone_3776874027,candidate,Dungeon-level candidate only. Verify that this actor corresponds to this particular AP chest location.
Voo Lota Shrine - Chest 1,246,Tabantha,Voo Lota,Dungeon012,Dungeon012_Static.xml,TBox_Dungeon_Stone,-2034592550,2260374746,"49.3,23,42",Weapon_Sword_033,CDungeon_TBox_Dungeon_Stone_2260374746,candidate,Dungeon-level candidate only. Verify that this actor corresponds to this particular AP chest location.
Voo Lota Shrine - Chest 1,246,Tabantha,Voo Lota,Dungeon012,Dungeon012_Static.xml,TBox_Dungeon_Stone,-1419341777,2875625519,"48,28,-64",KeySmall,CDungeon_TBox_Dungeon_Stone_2875625519,candidate,Dungeon-level candidate only. Verify that this actor corresponds to this particular AP chest location.
Voo Lota Shrine - Chest 2,247,Tabantha,Voo Lota,Dungeon012,Dungeon012_Static.xml,TBox_Dungeon_Stone,-2034592550,2260374746,"49.3,23,42",Weapon_Sword_033,CDungeon_TBox_Dungeon_Stone_2260374746,candidate,Dungeon-level candidate only. Verify that this actor corresponds to this particular AP chest location.
Voo Lota Shrine - Chest 2,247,Tabantha,Voo Lota,Dungeon012,Dungeon012_Static.xml,TBox_Dungeon_Stone,-1419341777,2875625519,"48,28,-64",KeySmall,CDungeon_TBox_Dungeon_Stone_2875625519,candidate,Dungeon-level candidate only. Verify that this actor corresponds to this particular AP chest location.
Noe Rajee Shrine - Chest,249,Tabantha,Noe Rajee,Dungeon127,Dungeon127_Static.xml,TBox_Dungeon_Stone,1095169988,1095169988,"-5.5,44,-33.5",Weapon_Shield_041,CDungeon_TBox_Dungeon_Stone_1095169988,candidate,Dungeon-level candidate only. Verify that this actor corresponds to this particular AP chest location.
Maag No'rah Shrine - Chest,252,Hyrule Ridge,Maag No'rah,Dungeon092,Dungeon092_Static.xml,TBox_Dungeon_Iron,682054227,682054227,"0,6.5,-4",PutRupee_Silver,CDungeon_TBox_Dungeon_Iron_682054227,candidate,Dungeon-level candidate only. Verify that this actor corresponds to this particular AP chest location.
Mijah Rokee Shrine - Chest,254,Hyrule Ridge,Mijah Rokee,Dungeon078,Dungeon078_Static.xml,TBox_Dungeon_Stone,246330360,246330360,"0,12.55,-60",Weapon_Sword_034,CDungeon_TBox_Dungeon_Stone_246330360,candidate,Dungeon-level candidate only. Verify that this actor corresponds to this particular AP chest location.
Mogg Latan Shrine - Chest 1,256,Hyrule Ridge,Mogg Latan,Dungeon058,Dungeon058_Static.xml,TBox_Dungeon_Stone,359699135,359699135,"0,-17,-76.5",PutRupee_Gold,CDungeon_TBox_Dungeon_Stone_359699135,candidate,Dungeon-level candidate only. Verify that this actor corresponds to this particular AP chest location.
Mogg Latan Shrine - Chest 1,256,Hyrule Ridge,Mogg Latan,Dungeon058,Dungeon058_Static.xml,TBox_Dungeon_Stone,718693766,718693766,"7.942136,-16,-12.95185",Weapon_Spear_025,CDungeon_TBox_Dungeon_Stone_718693766,candidate,Dungeon-level candidate only. Verify that this actor corresponds to this particular AP chest location.
Mogg Latan Shrine - Chest 1,256,Hyrule Ridge,Mogg Latan,Dungeon058,Dungeon058_Static.xml,TBox_Dungeon_Stone,-475638762,3819328534,"-12,-16,-43",Weapon_Bow_013,CDungeon_TBox_Dungeon_Stone_3819328534,candidate,Dungeon-level candidate only. Verify that this actor corresponds to this particular AP chest location.
Mogg Latan Shrine - Chest 2,257,Hyrule Ridge,Mogg Latan,Dungeon058,Dungeon058_Static.xml,TBox_Dungeon_Stone,359699135,359699135,"0,-17,-76.5",PutRupee_Gold,CDungeon_TBox_Dungeon_Stone_359699135,candidate,Dungeon-level candidate only. Verify that this actor corresponds to this particular AP chest location.
Mogg Latan Shrine - Chest 2,257,Hyrule Ridge,Mogg Latan,Dungeon058,Dungeon058_Static.xml,TBox_Dungeon_Stone,718693766,718693766,"7.942136,-16,-12.95185",Weapon_Spear_025,CDungeon_TBox_Dungeon_Stone_718693766,candidate,Dungeon-level candidate only. Verify that this actor corresponds to this particular AP chest location.
Mogg Latan Shrine - Chest 2,257,Hyrule Ridge,Mogg Latan,Dungeon058,Dungeon058_Static.xml,TBox_Dungeon_Stone,-475638762,3819328534,"-12,-16,-43",Weapon_Bow_013,CDungeon_TBox_Dungeon_Stone_3819328534,candidate,Dungeon-level candidate only. Verify that this actor corresponds to this particular AP chest location.
Mogg Latan Shrine - Chest 3,258,Hyrule Ridge,Mogg Latan,Dungeon058,Dungeon058_Static.xml,TBox_Dungeon_Stone,359699135,359699135,"0,-17,-76.5",PutRupee_Gold,CDungeon_TBox_Dungeon_Stone_359699135,candidate,Dungeon-level candidate only. Verify that this actor corresponds to this particular AP chest location.
Mogg Latan Shrine - Chest 3,258,Hyrule Ridge,Mogg Latan,Dungeon058,Dungeon058_Static.xml,TBox_Dungeon_Stone,718693766,718693766,"7.942136,-16,-12.95185",Weapon_Spear_025,CDungeon_TBox_Dungeon_Stone_718693766,candidate,Dungeon-level candidate only. Verify that this actor corresponds to this particular AP chest location.
Mogg Latan Shrine - Chest 3,258,Hyrule Ridge,Mogg Latan,Dungeon058,Dungeon058_Static.xml,TBox_Dungeon_Stone,-475638762,3819328534,"-12,-16,-43",Weapon_Bow_013,CDungeon_TBox_Dungeon_Stone_3819328534,candidate,Dungeon-level candidate only. Verify that this actor corresponds to this particular AP chest location.
Shae Loya Shrine - Chest 1,260,Hyrule Ridge,Shae Loya,Dungeon037,Dungeon037_Static.xml,TBox_Dungeon_Stone,-682494552,3612472744,"29,14,1",Item_Ore_D,CDungeon_TBox_Dungeon_Stone_3612472744,candidate,Dungeon-level candidate only. Verify that this actor corresponds to this particular AP chest location.
Shae Loya Shrine - Chest 1,260,Hyrule Ridge,Shae Loya,Dungeon037,Dungeon037_Static.xml,TBox_Dungeon_Iron,-636684709,3658282587,"-8,26,17.5",Weapon_Bow_017,CDungeon_TBox_Dungeon_Iron_3658282587,candidate,Dungeon-level candidate only. Verify that this actor corresponds to this particular AP chest location.
Shae Loya Shrine - Chest 2,261,Hyrule Ridge,Shae Loya,Dungeon037,Dungeon037_Static.xml,TBox_Dungeon_Stone,-682494552,3612472744,"29,14,1",Item_Ore_D,CDungeon_TBox_Dungeon_Stone_3612472744,candidate,Dungeon-level candidate only. Verify that this actor corresponds to this particular AP chest location.
Shae Loya Shrine - Chest 2,261,Hyrule Ridge,Shae Loya,Dungeon037,Dungeon037_Static.xml,TBox_Dungeon_Iron,-636684709,3658282587,"-8,26,17.5",Weapon_Bow_017,CDungeon_TBox_Dungeon_Iron_3658282587,candidate,Dungeon-level candidate only. Verify that this actor corresponds to this particular AP chest location.
Sheem Dagoze Shrine - Chest,263,Hyrule Ridge,Sheem Dagoze,Dungeon020,Dungeon020_Static.xml,TBox_Dungeon_Stone,-1328315556,2966651740,"-4,-20,-30",Weapon_Lsword_035,CDungeon_TBox_Dungeon_Stone_2966651740,candidate,Dungeon-level candidate only. Verify that this actor corresponds to this particular AP chest location.
Toh Yahsa Shrine - Chest 1,265,Hyrule Ridge,Toh Yahsa,Dungeon021,Dungeon021_Static.xml,TBox_Dungeon_Iron,651697158,651697158,"0,0,21.1",Armor_046_Upper,CDungeon_TBox_Dungeon_Iron_651697158,candidate,Dungeon-level candidate only. Verify that this actor corresponds to this particular AP chest location.
Toh Yahsa Shrine - Chest 1,265,Hyrule Ridge,Toh Yahsa,Dungeon021,Dungeon021_Static.xml,TBox_Dungeon_Wood,1608635741,1608635741,"23,12,8",Item_Ore_E,CDungeon_TBox_Dungeon_Wood_1608635741,candidate,Dungeon-level candidate only. Verify that this actor corresponds to this particular AP chest location.
Toh Yahsa Shrine - Chest 2,266,Hyrule Ridge,Toh Yahsa,Dungeon021,Dungeon021_Static.xml,TBox_Dungeon_Iron,651697158,651697158,"0,0,21.1",Armor_046_Upper,CDungeon_TBox_Dungeon_Iron_651697158,candidate,Dungeon-level candidate only. Verify that this actor corresponds to this particular AP chest location.
Toh Yahsa Shrine - Chest 2,266,Hyrule Ridge,Toh Yahsa,Dungeon021,Dungeon021_Static.xml,TBox_Dungeon_Wood,1608635741,1608635741,"23,12,8",Item_Ore_E,CDungeon_TBox_Dungeon_Wood_1608635741,candidate,Dungeon-level candidate only. Verify that this actor corresponds to this particular AP chest location.
Zalta Wa Shrine - Chest,268,Hyrule Ridge,Zalta Wa,Dungeon004,Dungeon004_Static.xml,TBox_Dungeon_Stone,-376073099,3918894197,"-29,8,-5.5",Weapon_Bow_035,CDungeon_TBox_Dungeon_Stone_3918894197,candidate,Dungeon-level candidate only. Verify that this actor corresponds to this particular AP chest location.
Shira Gomar Shrine - Chest,270,Hyrule Ridge,Shira Gomar,Dungeon129,Dungeon129_Static.xml,TBox_Dungeon_Stone,-1107131017,3187836279,"-56,78,-23",Obj_BombArrow_A_03,CDungeon_TBox_Dungeon_Stone_3187836279,candidate,Dungeon-level candidate only. Verify that this actor corresponds to this particular AP chest location.
Joloo Nah Shrine - Chest 1,273,Gerudo Highlands,Joloo Nah,Dungeon030,Dungeon030_Static.xml,TBox_Dungeon_Iron,296010651,296010651,"0,20,-61",Weapon_Spear_029,CDungeon_TBox_Dungeon_Iron_296010651,candidate,Dungeon-level candidate only. Verify that this actor corresponds to this particular AP chest location.
Joloo Nah Shrine - Chest 1,273,Gerudo Highlands,Joloo Nah,Dungeon030,Dungeon030_Static.xml,TBox_Dungeon_Stone,-1536390856,2758576440,"-26,8,38",Weapon_Lsword_029,CDungeon_TBox_Dungeon_Stone_2758576440,candidate,Dungeon-level candidate only. Verify that this actor corresponds to this particular AP chest location.
Joloo Nah Shrine - Chest 2,274,Gerudo Highlands,Joloo Nah,Dungeon030,Dungeon030_Static.xml,TBox_Dungeon_Iron,296010651,296010651,"0,20,-61",Weapon_Spear_029,CDungeon_TBox_Dungeon_Iron_296010651,candidate,Dungeon-level candidate only. Verify that this actor corresponds to this particular AP chest location.
Joloo Nah Shrine - Chest 2,274,Gerudo Highlands,Joloo Nah,Dungeon030,Dungeon030_Static.xml,TBox_Dungeon_Stone,-1536390856,2758576440,"-26,8,38",Weapon_Lsword_029,CDungeon_TBox_Dungeon_Stone_2758576440,candidate,Dungeon-level candidate only. Verify that this actor corresponds to this particular AP chest location.
Keeha Yoog Shrine - Chest,276,Gerudo Highlands,Keeha Yoog,Dungeon100,Dungeon100_Static.xml,TBox_Dungeon_Stone,-1459546172,2835421124,"1.788139E-07,6.5,-4",Item_Ore_A,CDungeon_TBox_Dungeon_Stone_2835421124,candidate,Dungeon-level candidate only. Verify that this actor corresponds to this particular AP chest location.
Kema Kosassa Shrine - Chest,278,Gerudo Highlands,Kema Kosassa,Dungeon085,Dungeon085_Static.xml,TBox_Dungeon_Stone,-140985529,4153981767,"0,12.55,-60",PutRupee_Silver,CDungeon_TBox_Dungeon_Stone_4153981767,candidate,Dungeon-level candidate only. Verify that this actor corresponds to this particular AP chest location.
Kuh Takkar Shrine - Chest,280,Gerudo Highlands,Kuh Takkar,Dungeon043,Dungeon043_Static.xml,TBox_Dungeon_Stone,294526304,294526304,"-16,3.5,5.5",Weapon_Sword_034,CDungeon_TBox_Dungeon_Stone_294526304,candidate,Dungeon-level candidate only. Verify that this actor corresponds to this particular AP chest location.
Sho Dantu Shrine - Chest,282,Gerudo Highlands,Sho Dantu,Dungeon036,Dungeon036_Static.xml,TBox_Dungeon_Stone,962037740,962037740,"-22,0,-1",PutRupee_Silver,CDungeon_TBox_Dungeon_Stone_962037740,candidate,Dungeon-level candidate only. Verify that this actor corresponds to this particular AP chest location.
Sasa Kai Shrine - Chest,284,Gerudo Highlands,Sasa Kai,Dungeon076,Dungeon076_Static.xml,TBox_Dungeon_Stone,1835622564,1835622564,"0,12.55,-60",Weapon_Sword_034,CDungeon_TBox_Dungeon_Stone_1835622564,candidate,Dungeon-level candidate only. Verify that this actor corresponds to this particular AP chest location.
Dako Tah Shrine - Chest 1,287,Gerudo Desert,Dako Tah,Dungeon032,Dungeon032_Static.xml,TBox_Dungeon_Stone,1366576292,1366576292,"-48,122.6125,-21.5",PutRupee_Silver,CDungeon_TBox_Dungeon_Stone_1366576292,candidate,Dungeon-level candidate only. Verify that this actor corresponds to this particular AP chest location.
Dako Tah Shrine - Chest 1,287,Gerudo Desert,Dako Tah,Dungeon032,Dungeon032_Static.xml,TBox_Dungeon_Stone,-1996264948,2298702348,"-45,144.5,32",Item_Enemy_30,CDungeon_TBox_Dungeon_Stone_2298702348,candidate,Dungeon-level candidate only. Verify that this actor corresponds to this particular AP chest location.
Dako Tah Shrine - Chest 1,287,Gerudo Desert,Dako Tah,Dungeon032,Dungeon032_Static.xml,TBox_Dungeon_Stone,-1377482448,2917484848,"-35.5,164.2,35.5",Weapon_Shield_036,CDungeon_TBox_Dungeon_Stone_2917484848,candidate,Dungeon-level candidate only. Verify that this actor corresponds to this particular AP chest location.
Dako Tah Shrine - Chest 1,287,Gerudo Desert,Dako Tah,Dungeon032,Dungeon032_Static.xml,TBox_Dungeon_Stone,-71491122,4223476174,"-48,143.5,35",Weapon_Sword_030,CDungeon_TBox_Dungeon_Stone_4223476174,candidate,Dungeon-level candidate only. Verify that this actor corresponds to this particular AP chest location.
Dako Tah Shrine - Chest 2,288,Gerudo Desert,Dako Tah,Dungeon032,Dungeon032_Static.xml,TBox_Dungeon_Stone,1366576292,1366576292,"-48,122.6125,-21.5",PutRupee_Silver,CDungeon_TBox_Dungeon_Stone_1366576292,candidate,Dungeon-level candidate only. Verify that this actor corresponds to this particular AP chest location.
Dako Tah Shrine - Chest 2,288,Gerudo Desert,Dako Tah,Dungeon032,Dungeon032_Static.xml,TBox_Dungeon_Stone,-1996264948,2298702348,"-45,144.5,32",Item_Enemy_30,CDungeon_TBox_Dungeon_Stone_2298702348,candidate,Dungeon-level candidate only. Verify that this actor corresponds to this particular AP chest location.
Dako Tah Shrine - Chest 2,288,Gerudo Desert,Dako Tah,Dungeon032,Dungeon032_Static.xml,TBox_Dungeon_Stone,-1377482448,2917484848,"-35.5,164.2,35.5",Weapon_Shield_036,CDungeon_TBox_Dungeon_Stone_2917484848,candidate,Dungeon-level candidate only. Verify that this actor corresponds to this particular AP chest location.
Dako Tah Shrine - Chest 2,288,Gerudo Desert,Dako Tah,Dungeon032,Dungeon032_Static.xml,TBox_Dungeon_Stone,-71491122,4223476174,"-48,143.5,35",Weapon_Sword_030,CDungeon_TBox_Dungeon_Stone_4223476174,candidate,Dungeon-level candidate only. Verify that this actor corresponds to this particular AP chest location.
Dako Tah Shrine - Chest 3,289,Gerudo Desert,Dako Tah,Dungeon032,Dungeon032_Static.xml,TBox_Dungeon_Stone,1366576292,1366576292,"-48,122.6125,-21.5",PutRupee_Silver,CDungeon_TBox_Dungeon_Stone_1366576292,candidate,Dungeon-level candidate only. Verify that this actor corresponds to this particular AP chest location.
Dako Tah Shrine - Chest 3,289,Gerudo Desert,Dako Tah,Dungeon032,Dungeon032_Static.xml,TBox_Dungeon_Stone,-1996264948,2298702348,"-45,144.5,32",Item_Enemy_30,CDungeon_TBox_Dungeon_Stone_2298702348,candidate,Dungeon-level candidate only. Verify that this actor corresponds to this particular AP chest location.
Dako Tah Shrine - Chest 3,289,Gerudo Desert,Dako Tah,Dungeon032,Dungeon032_Static.xml,TBox_Dungeon_Stone,-1377482448,2917484848,"-35.5,164.2,35.5",Weapon_Shield_036,CDungeon_TBox_Dungeon_Stone_2917484848,candidate,Dungeon-level candidate only. Verify that this actor corresponds to this particular AP chest location.
Dako Tah Shrine - Chest 3,289,Gerudo Desert,Dako Tah,Dungeon032,Dungeon032_Static.xml,TBox_Dungeon_Stone,-71491122,4223476174,"-48,143.5,35",Weapon_Sword_030,CDungeon_TBox_Dungeon_Stone_4223476174,candidate,Dungeon-level candidate only. Verify that this actor corresponds to this particular AP chest location.
Dako Tah Shrine - Chest 4,290,Gerudo Desert,Dako Tah,Dungeon032,Dungeon032_Static.xml,TBox_Dungeon_Stone,1366576292,1366576292,"-48,122.6125,-21.5",PutRupee_Silver,CDungeon_TBox_Dungeon_Stone_1366576292,candidate,Dungeon-level candidate only. Verify that this actor corresponds to this particular AP chest location.
Dako Tah Shrine - Chest 4,290,Gerudo Desert,Dako Tah,Dungeon032,Dungeon032_Static.xml,TBox_Dungeon_Stone,-1996264948,2298702348,"-45,144.5,32",Item_Enemy_30,CDungeon_TBox_Dungeon_Stone_2298702348,candidate,Dungeon-level candidate only. Verify that this actor corresponds to this particular AP chest location.
Dako Tah Shrine - Chest 4,290,Gerudo Desert,Dako Tah,Dungeon032,Dungeon032_Static.xml,TBox_Dungeon_Stone,-1377482448,2917484848,"-35.5,164.2,35.5",Weapon_Shield_036,CDungeon_TBox_Dungeon_Stone_2917484848,candidate,Dungeon-level candidate only. Verify that this actor corresponds to this particular AP chest location.
Dako Tah Shrine - Chest 4,290,Gerudo Desert,Dako Tah,Dungeon032,Dungeon032_Static.xml,TBox_Dungeon_Stone,-71491122,4223476174,"-48,143.5,35",Weapon_Sword_030,CDungeon_TBox_Dungeon_Stone_4223476174,candidate,Dungeon-level candidate only. Verify that this actor corresponds to this particular AP chest location.
Daqo Chisay Shrine - Chest,292,Gerudo Desert,Daqo Chisay,Dungeon060,Dungeon060_Static.xml,TBox_Dungeon_Iron,32387787,32387787,"-13,0,-23",Weapon_Sword_035,CDungeon_TBox_Dungeon_Iron_32387787,candidate,Dungeon-level candidate only. Verify that this actor corresponds to this particular AP chest location.
Dila Maag Shrine - Chest,294,Gerudo Desert,Dila Maag,Dungeon103,Dungeon103_Static.xml,TBox_Dungeon_Stone,-559954636,3735012660,"1.788139E-07,6.5,-4",Armor_048_Upper,CDungeon_TBox_Dungeon_Stone_3735012660,candidate,Dungeon-level candidate only. Verify that this actor corresponds to this particular AP chest location.
Hawa Koth Shrine - Chest 1,296,Gerudo Desert,Hawa Koth,Dungeon003,Dungeon003_Static.xml,TBox_Dungeon_Stone,638977289,638977289,"27.25,10,7.25",Item_Ore_C,CDungeon_TBox_Dungeon_Stone_638977289,candidate,Dungeon-level candidate only. Verify that this actor corresponds to this particular AP chest location.
Hawa Koth Shrine - Chest 1,296,Gerudo Desert,Hawa Koth,Dungeon003,Dungeon003_Static.xml,TBox_Dungeon_Stone,-1853692024,2441275272,"2,12.15,52",PutRupee_Gold,CDungeon_TBox_Dungeon_Stone_2441275272,candidate,Dungeon-level candidate only. Verify that this actor corresponds to this particular AP chest location.
Hawa Koth Shrine - Chest 1,296,Gerudo Desert,Hawa Koth,Dungeon003,Dungeon003_Static.xml,TBox_Dungeon_Iron,-1010807578,3284159718,"-9.5,-0.5399954,62",Item_Enemy_30,CDungeon_TBox_Dungeon_Iron_3284159718,candidate,Dungeon-level candidate only. Verify that this actor corresponds to this particular AP chest location.
Hawa Koth Shrine - Chest 2,297,Gerudo Desert,Hawa Koth,Dungeon003,Dungeon003_Static.xml,TBox_Dungeon_Stone,638977289,638977289,"27.25,10,7.25",Item_Ore_C,CDungeon_TBox_Dungeon_Stone_638977289,candidate,Dungeon-level candidate only. Verify that this actor corresponds to this particular AP chest location.
Hawa Koth Shrine - Chest 2,297,Gerudo Desert,Hawa Koth,Dungeon003,Dungeon003_Static.xml,TBox_Dungeon_Stone,-1853692024,2441275272,"2,12.15,52",PutRupee_Gold,CDungeon_TBox_Dungeon_Stone_2441275272,candidate,Dungeon-level candidate only. Verify that this actor corresponds to this particular AP chest location.
Hawa Koth Shrine - Chest 2,297,Gerudo Desert,Hawa Koth,Dungeon003,Dungeon003_Static.xml,TBox_Dungeon_Iron,-1010807578,3284159718,"-9.5,-0.5399954,62",Item_Enemy_30,CDungeon_TBox_Dungeon_Iron_3284159718,candidate,Dungeon-level candidate only. Verify that this actor corresponds to this particular AP chest location.
Hawa Koth Shrine - Chest 3,298,Gerudo Desert,Hawa Koth,Dungeon003,Dungeon003_Static.xml,TBox_Dungeon_Stone,638977289,638977289,"27.25,10,7.25",Item_Ore_C,CDungeon_TBox_Dungeon_Stone_638977289,candidate,Dungeon-level candidate only. Verify that this actor corresponds to this particular AP chest location.
Hawa Koth Shrine - Chest 3,298,Gerudo Desert,Hawa Koth,Dungeon003,Dungeon003_Static.xml,TBox_Dungeon_Stone,-1853692024,2441275272,"2,12.15,52",PutRupee_Gold,CDungeon_TBox_Dungeon_Stone_2441275272,candidate,Dungeon-level candidate only. Verify that this actor corresponds to this particular AP chest location.
Hawa Koth Shrine - Chest 3,298,Gerudo Desert,Hawa Koth,Dungeon003,Dungeon003_Static.xml,TBox_Dungeon_Iron,-1010807578,3284159718,"-9.5,-0.5399954,62",Item_Enemy_30,CDungeon_TBox_Dungeon_Iron_3284159718,candidate,Dungeon-level candidate only. Verify that this actor corresponds to this particular AP chest location.
Jee Noh Shrine - Chest,300,Gerudo Desert,Jee Noh,Dungeon001,Dungeon001_Static.xml,TBox_Dungeon_Iron,-442236850,3852730446,"22,6.5,-34",Item_Ore_E,CDungeon_TBox_Dungeon_Iron_3852730446,candidate,Dungeon-level candidate only. Verify that this actor corresponds to this particular AP chest location.
Kay Noh Shrine - Chest 1,302,Gerudo Desert,Kay Noh,Dungeon010,Dungeon010_Static.xml,TBox_Dungeon_Iron,1396031621,1396031621,"-53,17.5,-3",Weapon_Sword_029,CDungeon_TBox_Dungeon_Iron_1396031621,candidate,Dungeon-level candidate only. Verify that this actor corresponds to this particular AP chest location.
Kay Noh Shrine - Chest 1,302,Gerudo Desert,Kay Noh,Dungeon010,Dungeon010_Static.xml,TBox_Dungeon_Stone,-1007559633,3287407663,"2,7,59",KeySmall,CDungeon_TBox_Dungeon_Stone_3287407663,candidate,Dungeon-level candidate only. Verify that this actor corresponds to this particular AP chest location.
Kay Noh Shrine - Chest 2,303,Gerudo Desert,Kay Noh,Dungeon010,Dungeon010_Static.xml,TBox_Dungeon_Iron,1396031621,1396031621,"-53,17.5,-3",Weapon_Sword_029,CDungeon_TBox_Dungeon_Iron_1396031621,candidate,Dungeon-level candidate only. Verify that this actor corresponds to this particular AP chest location.
Kay Noh Shrine - Chest 2,303,Gerudo Desert,Kay Noh,Dungeon010,Dungeon010_Static.xml,TBox_Dungeon_Stone,-1007559633,3287407663,"2,7,59",KeySmall,CDungeon_TBox_Dungeon_Stone_3287407663,candidate,Dungeon-level candidate only. Verify that this actor corresponds to this particular AP chest location.
Kema Zoos Shrine - Chest,305,Gerudo Desert,Kema Zoos,Dungeon063,Dungeon063_Static.xml,TBox_Dungeon_Stone,987962398,987962398,"-26,0,-11.5",Weapon_Sword_030,CDungeon_TBox_Dungeon_Stone_987962398,candidate,Dungeon-level candidate only. Verify that this actor corresponds to this particular AP chest location.
Korsh O'hu Shrine - Chest,307,Gerudo Desert,Korsh O'hu,Dungeon110,Dungeon110_Static.xml,TBox_Dungeon_Stone,1956105793,1956105793,"1.788139E-07,6.5,-4",Weapon_Spear_033,CDungeon_TBox_Dungeon_Stone_1956105793,candidate,Dungeon-level candidate only. Verify that this actor corresponds to this particular AP chest location.
Misae Suma Shrine - Chest,309,Gerudo Desert,Misae Suma,Dungeon107,Dungeon107_Static.xml,TBox_Dungeon_Stone,-577110453,3717856843,"1.788139E-07,6.5,-4",Item_Ore_A,CDungeon_TBox_Dungeon_Stone_3717856843,candidate,Dungeon-level candidate only. Verify that this actor corresponds to this particular AP chest location.
Raqa Zunzo Shrine - Chest,311,Gerudo Desert,Raqa Zunzo,Dungeon093,Dungeon093_Static.xml,TBox_Dungeon_Iron,-1291706820,3003260476,"0,6.5,-4",Weapon_Shield_036,CDungeon_TBox_Dungeon_Iron_3003260476,candidate,Dungeon-level candidate only. Verify that this actor corresponds to this particular AP chest location.
Suma Sahma Shrine - Chest,313,Gerudo Desert,Suma Sahma,Dungeon090,Dungeon090_Static.xml,TBox_Dungeon_Iron,-996356916,3298610380,"0,6.5,-4",Weapon_Sword_030,CDungeon_TBox_Dungeon_Iron_3298610380,candidate,Dungeon-level candidate only. Verify that this actor corresponds to this particular AP chest location.
Tho Kayu Shrine - Chest,315,Gerudo Desert,Tho Kayu,Dungeon094,Dungeon094_Static.xml,TBox_Dungeon_Iron,-946145357,3348821939,"0,6.5,-4",Weapon_Bow_015,CDungeon_TBox_Dungeon_Iron_3348821939,candidate,Dungeon-level candidate only. Verify that this actor corresponds to this particular AP chest location.
Keive Tala Shrine - Chest,317,Gerudo Desert,Keive Tala,Dungeon133,Dungeon133_Static.xml,TBox_Dungeon_Stone,1178751663,1178751663,"150,6,56.5",Weapon_Shield_036,CDungeon_TBox_Dungeon_Stone_1178751663,candidate,Dungeon-level candidate only. Verify that this actor corresponds to this particular AP chest location.
Takama Shiri Shrine - Chest,319,Gerudo Desert,Takama Shiri,Dungeon134,Dungeon134_Static.xml,TBox_Dungeon_Stone,2056438385,2056438385,"204.5,-38.5,-4.5",Weapon_Bow_036,CDungeon_TBox_Dungeon_Stone_2056438385,candidate,Dungeon-level candidate only. Verify that this actor corresponds to this particular AP chest location.
Kihiro Moh Shrine - Chest,321,Gerudo Desert,Kihiro Moh,Dungeon121,Dungeon121_Static.xml,TBox_Dungeon_Stone,1235062787,1235062787,"44,4.15,10",Weapon_Spear_035,CDungeon_TBox_Dungeon_Stone_1235062787,candidate,Dungeon-level candidate only. Verify that this actor corresponds to this particular AP chest location.
Dunba Taag Shrine - Chest 1,324,Hebra,Dunba Taag,Dungeon055,Dungeon055_Static.xml,TBox_Dungeon_Stone,-1975375617,2319591679,"-80.5,0.140625,21",Weapon_Lsword_035,CDungeon_TBox_Dungeon_Stone_2319591679,candidate,Dungeon-level candidate only. Verify that this actor corresponds to this particular AP chest location.
Dunba Taag Shrine - Chest 1,324,Hebra,Dunba Taag,Dungeon055,Dungeon055_Static.xml,TBox_Dungeon_Stone,-1247223389,3047743907,"11,2.15,12",Weapon_Bow_017,CDungeon_TBox_Dungeon_Stone_3047743907,candidate,Dungeon-level candidate only. Verify that this actor corresponds to this particular AP chest location.
Dunba Taag Shrine - Chest 2,325,Hebra,Dunba Taag,Dungeon055,Dungeon055_Static.xml,TBox_Dungeon_Stone,-1975375617,2319591679,"-80.5,0.140625,21",Weapon_Lsword_035,CDungeon_TBox_Dungeon_Stone_2319591679,candidate,Dungeon-level candidate only. Verify that this actor corresponds to this particular AP chest location.
Dunba Taag Shrine - Chest 2,325,Hebra,Dunba Taag,Dungeon055,Dungeon055_Static.xml,TBox_Dungeon_Stone,-1247223389,3047743907,"11,2.15,12",Weapon_Bow_017,CDungeon_TBox_Dungeon_Stone_3047743907,candidate,Dungeon-level candidate only. Verify that this actor corresponds to this particular AP chest location.
Gee Ha'rah Shrine - Chest,327,Hebra,Gee Ha'rah,Dungeon052,Dungeon052_Static.xml,TBox_Dungeon_Stone,-1319497102,2975470194,"42.5,0,-12.5",Item_Ore_A,CDungeon_TBox_Dungeon_Stone_2975470194,candidate,Dungeon-level candidate only. Verify that this actor corresponds to this particular AP chest location.
Goma Asaagh Shrine - Chest,329,Hebra,Goma Asaagh,Dungeon086,Dungeon086_Static.xml,TBox_Dungeon_Stone,289382806,289382806,"0,12.55,-60",Weapon_Lsword_024,CDungeon_TBox_Dungeon_Stone_289382806,candidate,Dungeon-level candidate only. Verify that this actor corresponds to this particular AP chest location.
Hia Miu Shrine - Chest,331,Hebra,Hia Miu,Dungeon088,Dungeon088_Static.xml,TBox_Dungeon_Stone,262007905,262007905,"0,12.55,-60",Item_Ore_C,CDungeon_TBox_Dungeon_Stone_262007905,candidate,Dungeon-level candidate only. Verify that this actor corresponds to this particular AP chest location.
Lanno Kooh Shrine - Chest,333,Hebra,Lanno Kooh,Dungeon104,Dungeon104_Static.xml,TBox_Dungeon_Stone,-1442370373,2852596923,"1.788139E-07,6.5,-4",PutRupee_Gold,CDungeon_TBox_Dungeon_Stone_2852596923,candidate,Dungeon-level candidate only. Verify that this actor corresponds to this particular AP chest location.
Maka Rah Shrine - Chest 1,335,Hebra,Maka Rah,Dungeon051,Dungeon051_Static.xml,TBox_Dungeon_Iron,1297119120,1297119120,"20,-16.5,-94.5",Item_Enemy_30,CDungeon_TBox_Dungeon_Iron_1297119120,candidate,Dungeon-level candidate only. Verify that this actor corresponds to this particular AP chest location.
Maka Rah Shrine - Chest 1,335,Hebra,Maka Rah,Dungeon051,Dungeon051_Static.xml,TBox_Dungeon_Iron,-1389087790,2905879506,"-4,-22,-51",Item_Ore_A,CDungeon_TBox_Dungeon_Iron_2905879506,candidate,Dungeon-level candidate only. Verify that this actor corresponds to this particular AP chest location.
Maka Rah Shrine - Chest 1,335,Hebra,Maka Rah,Dungeon051,Dungeon051_Static.xml,TBox_Dungeon_Stone,-22183803,4272783493,"8,-28,-17",Obj_BombArrow_A_03,CDungeon_TBox_Dungeon_Stone_4272783493,candidate,Dungeon-level candidate only. Verify that this actor corresponds to this particular AP chest location.
Maka Rah Shrine - Chest 2,336,Hebra,Maka Rah,Dungeon051,Dungeon051_Static.xml,TBox_Dungeon_Iron,1297119120,1297119120,"20,-16.5,-94.5",Item_Enemy_30,CDungeon_TBox_Dungeon_Iron_1297119120,candidate,Dungeon-level candidate only. Verify that this actor corresponds to this particular AP chest location.
Maka Rah Shrine - Chest 2,336,Hebra,Maka Rah,Dungeon051,Dungeon051_Static.xml,TBox_Dungeon_Iron,-1389087790,2905879506,"-4,-22,-51",Item_Ore_A,CDungeon_TBox_Dungeon_Iron_2905879506,candidate,Dungeon-level candidate only. Verify that this actor corresponds to this particular AP chest location.
Maka Rah Shrine - Chest 2,336,Hebra,Maka Rah,Dungeon051,Dungeon051_Static.xml,TBox_Dungeon_Stone,-22183803,4272783493,"8,-28,-17",Obj_BombArrow_A_03,CDungeon_TBox_Dungeon_Stone_4272783493,candidate,Dungeon-level candidate only. Verify that this actor corresponds to this particular AP chest location.
Maka Rah Shrine - Chest 3,337,Hebra,Maka Rah,Dungeon051,Dungeon051_Static.xml,TBox_Dungeon_Iron,1297119120,1297119120,"20,-16.5,-94.5",Item_Enemy_30,CDungeon_TBox_Dungeon_Iron_1297119120,candidate,Dungeon-level candidate only. Verify that this actor corresponds to this particular AP chest location.
Maka Rah Shrine - Chest 3,337,Hebra,Maka Rah,Dungeon051,Dungeon051_Static.xml,TBox_Dungeon_Iron,-1389087790,2905879506,"-4,-22,-51",Item_Ore_A,CDungeon_TBox_Dungeon_Iron_2905879506,candidate,Dungeon-level candidate only. Verify that this actor corresponds to this particular AP chest location.
Maka Rah Shrine - Chest 3,337,Hebra,Maka Rah,Dungeon051,Dungeon051_Static.xml,TBox_Dungeon_Stone,-22183803,4272783493,"8,-28,-17",Obj_BombArrow_A_03,CDungeon_TBox_Dungeon_Stone_4272783493,candidate,Dungeon-level candidate only. Verify that this actor corresponds to this particular AP chest location.
Mozo Shenno Shrine - Chest,339,Hebra,Mozo Shenno,Dungeon087,Dungeon087_Static.xml,TBox_Dungeon_Stone,56897618,56897618,"0,12.55,-60",Item_Ore_A,CDungeon_TBox_Dungeon_Stone_56897618,candidate,Dungeon-level candidate only. Verify that this actor corresponds to this particular AP chest location.
Qaza Tokki Shrine - Chest,341,Hebra,Qaza Tokki,Dungeon116,Dungeon116_Static.xml,TBox_Dungeon_Stone,-1683330143,2611637153,"1.788139E-07,6.5,-4",Armor_048_Lower,CDungeon_TBox_Dungeon_Stone_2611637153,candidate,Dungeon-level candidate only. Verify that this actor corresponds to this particular AP chest location.
Rin Oyaa Shrine - Chest,343,Hebra,Rin Oyaa,Dungeon042,Dungeon042_Static.xml,TBox_Dungeon_Stone,2081482182,2081482182,"28,16,20",Item_Enemy_30,CDungeon_TBox_Dungeon_Stone_2081482182,candidate,Dungeon-level candidate only. Verify that this actor corresponds to this particular AP chest location.
Rok Uwog Shrine - Chest 1,345,Hebra,Rok Uwog,Dungeon018,Dungeon018_Static.xml,TBox_Dungeon_Stone,1203458803,1203458803,"11,2.6,11",KeySmall,CDungeon_TBox_Dungeon_Stone_1203458803,candidate,Dungeon-level candidate only. Verify that this actor corresponds to this particular AP chest location.
Rok Uwog Shrine - Chest 1,345,Hebra,Rok Uwog,Dungeon018,Dungeon018_Static.xml,TBox_Dungeon_Iron,-174108534,4120858762,"-7,6,3",Weapon_Spear_031,CDungeon_TBox_Dungeon_Iron_4120858762,candidate,Dungeon-level candidate only. Verify that this actor corresponds to this particular AP chest location.
Rok Uwog Shrine - Chest 2,346,Hebra,Rok Uwog,Dungeon018,Dungeon018_Static.xml,TBox_Dungeon_Stone,1203458803,1203458803,"11,2.6,11",KeySmall,CDungeon_TBox_Dungeon_Stone_1203458803,candidate,Dungeon-level candidate only. Verify that this actor corresponds to this particular AP chest location.
Rok Uwog Shrine - Chest 2,346,Hebra,Rok Uwog,Dungeon018,Dungeon018_Static.xml,TBox_Dungeon_Iron,-174108534,4120858762,"-7,6,3",Weapon_Spear_031,CDungeon_TBox_Dungeon_Iron_4120858762,candidate,Dungeon-level candidate only. Verify that this actor corresponds to this particular AP chest location.
Sha Gehma Shrine - Chest 1,348,Hebra,Sha Gehma,Dungeon062,Dungeon062_Static.xml,TBox_Dungeon_Stone,654507101,654507101,"0,4,0",KeySmall,CDungeon_TBox_Dungeon_Stone_654507101,candidate,Dungeon-level candidate only. Verify that this actor corresponds to this particular AP chest location.
Sha Gehma Shrine - Chest 1,348,Hebra,Sha Gehma,Dungeon062,Dungeon062_Static.xml,TBox_Dungeon_Stone,-1703755322,2591211974,"-14.5,12.00023,-7",Weapon_Sword_024,CDungeon_TBox_Dungeon_Stone_2591211974,candidate,Dungeon-level candidate only. Verify that this actor corresponds to this particular AP chest location.
Sha Gehma Shrine - Chest 2,349,Hebra,Sha Gehma,Dungeon062,Dungeon062_Static.xml,TBox_Dungeon_Stone,654507101,654507101,"0,4,0",KeySmall,CDungeon_TBox_Dungeon_Stone_654507101,candidate,Dungeon-level candidate only. Verify that this actor corresponds to this particular AP chest location.
Sha Gehma Shrine - Chest 2,349,Hebra,Sha Gehma,Dungeon062,Dungeon062_Static.xml,TBox_Dungeon_Stone,-1703755322,2591211974,"-14.5,12.00023,-7",Weapon_Sword_024,CDungeon_TBox_Dungeon_Stone_2591211974,candidate,Dungeon-level candidate only. Verify that this actor corresponds to this particular AP chest location.
Shada Naw Shrine - Chest,351,Hebra,Shada Naw,Dungeon046,Dungeon046_Static.xml,TBox_Dungeon_Iron,-1561297156,2733670140,"-33,8.5,-14",Weapon_Lsword_034,CDungeon_TBox_Dungeon_Iron_2733670140,candidate,Dungeon-level candidate only. Verify that this actor corresponds to this particular AP chest location.
To Quomo Shrine - Chest,353,Hebra,To Quomo,Dungeon118,Dungeon118_Static.xml,TBox_Dungeon_Stone,1922807999,1922807999,"1.788139E-07,6.5,-4",Weapon_Lsword_024,CDungeon_TBox_Dungeon_Stone_1922807999,candidate,Dungeon-level candidate only. Verify that this actor corresponds to this particular AP chest location.
Kiah Toza Shrine - Chest,355,Hebra,Kiah Toza,Dungeon128,Dungeon128_Static.xml,TBox_Dungeon_Stone,1082925680,1082925680,"78,44,-18",Weapon_Bow_017,CDungeon_TBox_Dungeon_Stone_1082925680,candidate,Dungeon-level candidate only. Verify that this actor corresponds to this particular AP chest location.
