source_file,line,dungeon_identifiers,snippet,review_status
gamedata\bool_data_0.xml,161,Clear_Dungeon000,"<DataName type=""string"">Clear_Dungeon000</DataName>",candidate_needs_semantic_validation
gamedata\bool_data_0.xml,164,Clear_Dungeon001,"<DataName type=""string"">Clear_Dungeon001</DataName>",candidate_needs_semantic_validation
gamedata\bool_data_0.xml,167,Clear_Dungeon002,"<DataName type=""string"">Clear_Dungeon002</DataName>",candidate_needs_semantic_validation
gamedata\bool_data_0.xml,170,Clear_Dungeon003,"<DataName type=""string"">Clear_Dungeon003</DataName>",candidate_needs_semantic_validation
gamedata\bool_data_0.xml,173,Clear_Dungeon004,"<DataName type=""string"">Clear_Dungeon004</DataName>",candidate_needs_semantic_validation
gamedata\bool_data_0.xml,176,Clear_Dungeon005,"<DataName type=""string"">Clear_Dungeon005</DataName>",candidate_needs_semantic_validation
gamedata\bool_data_0.xml,179,Clear_Dungeon006,"<DataName type=""string"">Clear_Dungeon006</DataName>",candidate_needs_semantic_validation
gamedata\bool_data_0.xml,182,Clear_Dungeon007,"<DataName type=""string"">Clear_Dungeon007</DataName>",candidate_needs_semantic_validation
gamedata\bool_data_0.xml,185,Clear_Dungeon008,"<DataName type=""string"">Clear_Dungeon008</DataName>",candidate_needs_semantic_validation
gamedata\bool_data_0.xml,188,Clear_Dungeon009,"<DataName type=""string"">Clear_Dungeon009</DataName>",candidate_needs_semantic_validation
gamedata\bool_data_0.xml,191,Clear_Dungeon010,"<DataName type=""string"">Clear_Dungeon010</DataName>",candidate_needs_semantic_validation
gamedata\bool_data_0.xml,194,Clear_Dungeon011,"<DataName type=""string"">Clear_Dungeon011</DataName>",candidate_needs_semantic_validation
gamedata\bool_data_0.xml,197,Clear_Dungeon012,"<DataName type=""string"">Clear_Dungeon012</DataName>",candidate_needs_semantic_validation
gamedata\bool_data_0.xml,200,Clear_Dungeon013,"<DataName type=""string"">Clear_Dungeon013</DataName>",candidate_needs_semantic_validation
gamedata\bool_data_0.xml,203,Clear_Dungeon014,"<DataName type=""string"">Clear_Dungeon014</DataName>",candidate_needs_semantic_validation
gamedata\bool_data_0.xml,206,Clear_Dungeon015,"<DataName type=""string"">Clear_Dungeon015</DataName>",candidate_needs_semantic_validation
gamedata\bool_data_0.xml,209,Clear_Dungeon016,"<DataName type=""string"">Clear_Dungeon016</DataName>",candidate_needs_semantic_validation
gamedata\bool_data_0.xml,212,Clear_Dungeon017,"<DataName type=""string"">Clear_Dungeon017</DataName>",candidate_needs_semantic_validation
gamedata\bool_data_0.xml,215,Clear_Dungeon018,"<DataName type=""string"">Clear_Dungeon018</DataName>",candidate_needs_semantic_validation
gamedata\bool_data_0.xml,218,Clear_Dungeon019,"<DataName type=""string"">Clear_Dungeon019</DataName>",candidate_needs_semantic_validation
gamedata\bool_data_0.xml,221,Clear_Dungeon020,"<DataName type=""string"">Clear_Dungeon020</DataName>",candidate_needs_semantic_validation
gamedata\bool_data_0.xml,224,Clear_Dungeon021,"<DataName type=""string"">Clear_Dungeon021</DataName>",candidate_needs_semantic_validation
gamedata\bool_data_0.xml,227,Clear_Dungeon022,"<DataName type=""string"">Clear_Dungeon022</DataName>",candidate_needs_semantic_validation
gamedata\bool_data_0.xml,230,Clear_Dungeon023,"<DataName type=""string"">Clear_Dungeon023</DataName>",candidate_needs_semantic_validation
gamedata\bool_data_0.xml,233,Clear_Dungeon024,"<DataName type=""string"">Clear_Dungeon024</DataName>",candidate_needs_semantic_validation
gamedata\bool_data_0.xml,236,Clear_Dungeon025,"<DataName type=""string"">Clear_Dungeon025</DataName>",candidate_needs_semantic_validation
gamedata\bool_data_0.xml,239,Clear_Dungeon026,"<DataName type=""string"">Clear_Dungeon026</DataName>",candidate_needs_semantic_validation
gamedata\bool_data_0.xml,242,Clear_Dungeon027,"<DataName type=""string"">Clear_Dungeon027</DataName>",candidate_needs_semantic_validation
gamedata\bool_data_0.xml,245,Clear_Dungeon028,"<DataName type=""string"">Clear_Dungeon028</DataName>",candidate_needs_semantic_validation
gamedata\bool_data_0.xml,248,Clear_Dungeon029,"<DataName type=""string"">Clear_Dungeon029</DataName>",candidate_needs_semantic_validation
gamedata\bool_data_0.xml,251,Clear_Dungeon030,"<DataName type=""string"">Clear_Dungeon030</DataName>",candidate_needs_semantic_validation
gamedata\bool_data_0.xml,254,Clear_Dungeon031,"<DataName type=""string"">Clear_Dungeon031</DataName>",candidate_needs_semantic_validation
gamedata\bool_data_0.xml,257,Clear_Dungeon032,"<DataName type=""string"">Clear_Dungeon032</DataName>",candidate_needs_semantic_validation
gamedata\bool_data_0.xml,260,Clear_Dungeon033,"<DataName type=""string"">Clear_Dungeon033</DataName>",candidate_needs_semantic_validation
gamedata\bool_data_0.xml,263,Clear_Dungeon034,"<DataName type=""string"">Clear_Dungeon034</DataName>",candidate_needs_semantic_validation
gamedata\bool_data_0.xml,266,Clear_Dungeon035,"<DataName type=""string"">Clear_Dungeon035</DataName>",candidate_needs_semantic_validation
gamedata\bool_data_0.xml,269,Clear_Dungeon036,"<DataName type=""string"">Clear_Dungeon036</DataName>",candidate_needs_semantic_validation
gamedata\bool_data_0.xml,272,Clear_Dungeon037,"<DataName type=""string"">Clear_Dungeon037</DataName>",candidate_needs_semantic_validation
gamedata\bool_data_0.xml,275,Clear_Dungeon038,"<DataName type=""string"">Clear_Dungeon038</DataName>",candidate_needs_semantic_validation
gamedata\bool_data_0.xml,278,Clear_Dungeon039,"<DataName type=""string"">Clear_Dungeon039</DataName>",candidate_needs_semantic_validation
gamedata\bool_data_0.xml,281,Clear_Dungeon040,"<DataName type=""string"">Clear_Dungeon040</DataName>",candidate_needs_semantic_validation
gamedata\bool_data_0.xml,284,Clear_Dungeon041,"<DataName type=""string"">Clear_Dungeon041</DataName>",candidate_needs_semantic_validation
gamedata\bool_data_0.xml,287,Clear_Dungeon042,"<DataName type=""string"">Clear_Dungeon042</DataName>",candidate_needs_semantic_validation
gamedata\bool_data_0.xml,290,Clear_Dungeon043,"<DataName type=""string"">Clear_Dungeon043</DataName>",candidate_needs_semantic_validation
gamedata\bool_data_0.xml,293,Clear_Dungeon044,"<DataName type=""string"">Clear_Dungeon044</DataName>",candidate_needs_semantic_validation
gamedata\bool_data_0.xml,296,Clear_Dungeon045,"<DataName type=""string"">Clear_Dungeon045</DataName>",candidate_needs_semantic_validation
gamedata\bool_data_0.xml,299,Clear_Dungeon046,"<DataName type=""string"">Clear_Dungeon046</DataName>",candidate_needs_semantic_validation
gamedata\bool_data_0.xml,302,Clear_Dungeon047,"<DataName type=""string"">Clear_Dungeon047</DataName>",candidate_needs_semantic_validation
gamedata\bool_data_0.xml,305,Clear_Dungeon048,"<DataName type=""string"">Clear_Dungeon048</DataName>",candidate_needs_semantic_validation
gamedata\bool_data_0.xml,308,Clear_Dungeon049,"<DataName type=""string"">Clear_Dungeon049</DataName>",candidate_needs_semantic_validation
gamedata\bool_data_0.xml,311,Clear_Dungeon050,"<DataName type=""string"">Clear_Dungeon050</DataName>",candidate_needs_semantic_validation
gamedata\bool_data_0.xml,314,Clear_Dungeon051,"<DataName type=""string"">Clear_Dungeon051</DataName>",candidate_needs_semantic_validation
gamedata\bool_data_0.xml,317,Clear_Dungeon052,"<DataName type=""string"">Clear_Dungeon052</DataName>",candidate_needs_semantic_validation
gamedata\bool_data_0.xml,320,Clear_Dungeon053,"<DataName type=""string"">Clear_Dungeon053</DataName>",candidate_needs_semantic_validation
gamedata\bool_data_0.xml,323,Clear_Dungeon054,"<DataName type=""string"">Clear_Dungeon054</DataName>",candidate_needs_semantic_validation
gamedata\bool_data_0.xml,326,Clear_Dungeon055,"<DataName type=""string"">Clear_Dungeon055</DataName>",candidate_needs_semantic_validation
gamedata\bool_data_0.xml,329,Clear_Dungeon056,"<DataName type=""string"">Clear_Dungeon056</DataName>",candidate_needs_semantic_validation
gamedata\bool_data_0.xml,332,Clear_Dungeon057,"<DataName type=""string"">Clear_Dungeon057</DataName>",candidate_needs_semantic_validation
gamedata\bool_data_0.xml,335,Clear_Dungeon058,"<DataName type=""string"">Clear_Dungeon058</DataName>",candidate_needs_semantic_validation
gamedata\bool_data_0.xml,338,Clear_Dungeon059,"<DataName type=""string"">Clear_Dungeon059</DataName>",candidate_needs_semantic_validation
gamedata\bool_data_0.xml,341,Clear_Dungeon060,"<DataName type=""string"">Clear_Dungeon060</DataName>",candidate_needs_semantic_validation
gamedata\bool_data_0.xml,344,Clear_Dungeon061,"<DataName type=""string"">Clear_Dungeon061</DataName>",candidate_needs_semantic_validation
gamedata\bool_data_0.xml,347,Clear_Dungeon062,"<DataName type=""string"">Clear_Dungeon062</DataName>",candidate_needs_semantic_validation
gamedata\bool_data_0.xml,350,Clear_Dungeon063,"<DataName type=""string"">Clear_Dungeon063</DataName>",candidate_needs_semantic_validation
gamedata\bool_data_0.xml,353,Clear_Dungeon064,"<DataName type=""string"">Clear_Dungeon064</DataName>",candidate_needs_semantic_validation
gamedata\bool_data_0.xml,356,Clear_Dungeon065,"<DataName type=""string"">Clear_Dungeon065</DataName>",candidate_needs_semantic_validation
gamedata\bool_data_0.xml,359,Clear_Dungeon066,"<DataName type=""string"">Clear_Dungeon066</DataName>",candidate_needs_semantic_validation
gamedata\bool_data_0.xml,362,Clear_Dungeon067,"<DataName type=""string"">Clear_Dungeon067</DataName>",candidate_needs_semantic_validation
gamedata\bool_data_0.xml,365,Clear_Dungeon068,"<DataName type=""string"">Clear_Dungeon068</DataName>",candidate_needs_semantic_validation
gamedata\bool_data_0.xml,368,Clear_Dungeon069,"<DataName type=""string"">Clear_Dungeon069</DataName>",candidate_needs_semantic_validation
gamedata\bool_data_0.xml,371,Clear_Dungeon070,"<DataName type=""string"">Clear_Dungeon070</DataName>",candidate_needs_semantic_validation
gamedata\bool_data_0.xml,374,Clear_Dungeon071,"<DataName type=""string"">Clear_Dungeon071</DataName>",candidate_needs_semantic_validation
gamedata\bool_data_0.xml,377,Clear_Dungeon072,"<DataName type=""string"">Clear_Dungeon072</DataName>",candidate_needs_semantic_validation
gamedata\bool_data_0.xml,380,Clear_Dungeon073,"<DataName type=""string"">Clear_Dungeon073</DataName>",candidate_needs_semantic_validation
gamedata\bool_data_0.xml,383,Clear_Dungeon074,"<DataName type=""string"">Clear_Dungeon074</DataName>",candidate_needs_semantic_validation
gamedata\bool_data_0.xml,386,Clear_Dungeon075,"<DataName type=""string"">Clear_Dungeon075</DataName>",candidate_needs_semantic_validation
gamedata\bool_data_0.xml,389,Clear_Dungeon076,"<DataName type=""string"">Clear_Dungeon076</DataName>",candidate_needs_semantic_validation
gamedata\bool_data_0.xml,392,Clear_Dungeon077,"<DataName type=""string"">Clear_Dungeon077</DataName>",candidate_needs_semantic_validation
gamedata\bool_data_0.xml,395,Clear_Dungeon078,"<DataName type=""string"">Clear_Dungeon078</DataName>",candidate_needs_semantic_validation
gamedata\bool_data_0.xml,398,Clear_Dungeon079,"<DataName type=""string"">Clear_Dungeon079</DataName>",candidate_needs_semantic_validation
gamedata\bool_data_0.xml,401,Clear_Dungeon080,"<DataName type=""string"">Clear_Dungeon080</DataName>",candidate_needs_semantic_validation
gamedata\bool_data_0.xml,404,Clear_Dungeon081,"<DataName type=""string"">Clear_Dungeon081</DataName>",candidate_needs_semantic_validation
gamedata\bool_data_0.xml,407,Clear_Dungeon082,"<DataName type=""string"">Clear_Dungeon082</DataName>",candidate_needs_semantic_validation
gamedata\bool_data_0.xml,410,Clear_Dungeon083,"<DataName type=""string"">Clear_Dungeon083</DataName>",candidate_needs_semantic_validation
gamedata\bool_data_0.xml,413,Clear_Dungeon084,"<DataName type=""string"">Clear_Dungeon084</DataName>",candidate_needs_semantic_validation
gamedata\bool_data_0.xml,416,Clear_Dungeon085,"<DataName type=""string"">Clear_Dungeon085</DataName>",candidate_needs_semantic_validation
gamedata\bool_data_0.xml,419,Clear_Dungeon086,"<DataName type=""string"">Clear_Dungeon086</DataName>",candidate_needs_semantic_validation
gamedata\bool_data_0.xml,422,Clear_Dungeon087,"<DataName type=""string"">Clear_Dungeon087</DataName>",candidate_needs_semantic_validation
gamedata\bool_data_0.xml,425,Clear_Dungeon088,"<DataName type=""string"">Clear_Dungeon088</DataName>",candidate_needs_semantic_validation
gamedata\bool_data_0.xml,428,Clear_Dungeon089,"<DataName type=""string"">Clear_Dungeon089</DataName>",candidate_needs_semantic_validation
gamedata\bool_data_0.xml,431,Clear_Dungeon090,"<DataName type=""string"">Clear_Dungeon090</DataName>",candidate_needs_semantic_validation
gamedata\bool_data_0.xml,434,Clear_Dungeon091,"<DataName type=""string"">Clear_Dungeon091</DataName>",candidate_needs_semantic_validation
gamedata\bool_data_0.xml,437,Clear_Dungeon092,"<DataName type=""string"">Clear_Dungeon092</DataName>",candidate_needs_semantic_validation
gamedata\bool_data_0.xml,440,Clear_Dungeon093,"<DataName type=""string"">Clear_Dungeon093</DataName>",candidate_needs_semantic_validation
gamedata\bool_data_0.xml,443,Clear_Dungeon094,"<DataName type=""string"">Clear_Dungeon094</DataName>",candidate_needs_semantic_validation
gamedata\bool_data_0.xml,446,Clear_Dungeon095,"<DataName type=""string"">Clear_Dungeon095</DataName>",candidate_needs_semantic_validation
gamedata\bool_data_0.xml,449,Clear_Dungeon096,"<DataName type=""string"">Clear_Dungeon096</DataName>",candidate_needs_semantic_validation
gamedata\bool_data_0.xml,452,Clear_Dungeon097,"<DataName type=""string"">Clear_Dungeon097</DataName>",candidate_needs_semantic_validation
gamedata\bool_data_0.xml,455,Clear_Dungeon098,"<DataName type=""string"">Clear_Dungeon098</DataName>",candidate_needs_semantic_validation
gamedata\bool_data_0.xml,458,Clear_Dungeon099,"<DataName type=""string"">Clear_Dungeon099</DataName>",candidate_needs_semantic_validation
gamedata\bool_data_0.xml,569,Dungeon000,"<DataName type=""string"">Dungeon000_SmallKey00</DataName>",candidate_needs_semantic_validation
gamedata\bool_data_0.xml,572,Dungeon000,"<DataName type=""string"">Dungeon000_SmallKey01</DataName>",candidate_needs_semantic_validation
gamedata\bool_data_0.xml,575,Dungeon000,"<DataName type=""string"">Dungeon000_SmallKey02</DataName>",candidate_needs_semantic_validation
gamedata\bool_data_0.xml,578,Dungeon000,"<DataName type=""string"">Dungeon000_SmallKey03</DataName>",candidate_needs_semantic_validation
gamedata\bool_data_0.xml,581,Dungeon000,"<DataName type=""string"">Dungeon000_SmallKey04</DataName>",candidate_needs_semantic_validation
gamedata\bool_data_0.xml,584,Dungeon000,"<DataName type=""string"">Dungeon000_SmallKey05</DataName>",candidate_needs_semantic_validation
gamedata\bool_data_0.xml,587,Dungeon000,"<DataName type=""string"">Dungeon000_SmallKey06</DataName>",candidate_needs_semantic_validation
gamedata\bool_data_0.xml,590,Dungeon000,"<DataName type=""string"">Dungeon000_SmallKey07</DataName>",candidate_needs_semantic_validation
gamedata\bool_data_0.xml,593,Dungeon000,"<DataName type=""string"">Dungeon000_SmallKey08</DataName>",candidate_needs_semantic_validation
gamedata\bool_data_0.xml,596,Dungeon000,"<DataName type=""string"">Dungeon000_SmallKey09</DataName>",candidate_needs_semantic_validation
gamedata\bool_data_0.xml,599,Dungeon001,"<DataName type=""string"">Dungeon001_SmallKey00</DataName>",candidate_needs_semantic_validation
gamedata\bool_data_0.xml,602,Dungeon001,"<DataName type=""string"">Dungeon001_SmallKey01</DataName>",candidate_needs_semantic_validation
gamedata\bool_data_0.xml,605,Dungeon001,"<DataName type=""string"">Dungeon001_SmallKey02</DataName>",candidate_needs_semantic_validation
gamedata\bool_data_0.xml,608,Dungeon001,"<DataName type=""string"">Dungeon001_SmallKey03</DataName>",candidate_needs_semantic_validation
gamedata\bool_data_0.xml,611,Dungeon001,"<DataName type=""string"">Dungeon001_SmallKey04</DataName>",candidate_needs_semantic_validation
gamedata\bool_data_0.xml,614,Dungeon001,"<DataName type=""string"">Dungeon001_SmallKey05</DataName>",candidate_needs_semantic_validation
gamedata\bool_data_0.xml,617,Dungeon001,"<DataName type=""string"">Dungeon001_SmallKey06</DataName>",candidate_needs_semantic_validation
gamedata\bool_data_0.xml,620,Dungeon001,"<DataName type=""string"">Dungeon001_SmallKey07</DataName>",candidate_needs_semantic_validation
gamedata\bool_data_0.xml,623,Dungeon001,"<DataName type=""string"">Dungeon001_SmallKey08</DataName>",candidate_needs_semantic_validation
gamedata\bool_data_0.xml,626,Dungeon001,"<DataName type=""string"">Dungeon001_SmallKey09</DataName>",candidate_needs_semantic_validation
gamedata\bool_data_0.xml,629,Dungeon002,"<DataName type=""string"">Dungeon002_SmallKey00</DataName>",candidate_needs_semantic_validation
gamedata\bool_data_0.xml,632,Dungeon002,"<DataName type=""string"">Dungeon002_SmallKey01</DataName>",candidate_needs_semantic_validation
gamedata\bool_data_0.xml,635,Dungeon002,"<DataName type=""string"">Dungeon002_SmallKey02</DataName>",candidate_needs_semantic_validation
gamedata\bool_data_0.xml,638,Dungeon002,"<DataName type=""string"">Dungeon002_SmallKey03</DataName>",candidate_needs_semantic_validation
gamedata\bool_data_0.xml,641,Dungeon002,"<DataName type=""string"">Dungeon002_SmallKey04</DataName>",candidate_needs_semantic_validation
gamedata\bool_data_0.xml,644,Dungeon002,"<DataName type=""string"">Dungeon002_SmallKey05</DataName>",candidate_needs_semantic_validation
gamedata\bool_data_0.xml,647,Dungeon002,"<DataName type=""string"">Dungeon002_SmallKey06</DataName>",candidate_needs_semantic_validation
gamedata\bool_data_0.xml,650,Dungeon002,"<DataName type=""string"">Dungeon002_SmallKey07</DataName>",candidate_needs_semantic_validation
gamedata\bool_data_0.xml,653,Dungeon002,"<DataName type=""string"">Dungeon002_SmallKey08</DataName>",candidate_needs_semantic_validation
gamedata\bool_data_0.xml,656,Dungeon002,"<DataName type=""string"">Dungeon002_SmallKey09</DataName>",candidate_needs_semantic_validation
gamedata\bool_data_0.xml,659,Dungeon003,"<DataName type=""string"">Dungeon003_SmallKey00</DataName>",candidate_needs_semantic_validation
gamedata\bool_data_0.xml,662,Dungeon003,"<DataName type=""string"">Dungeon003_SmallKey01</DataName>",candidate_needs_semantic_validation
gamedata\bool_data_0.xml,665,Dungeon003,"<DataName type=""string"">Dungeon003_SmallKey02</DataName>",candidate_needs_semantic_validation
gamedata\bool_data_0.xml,668,Dungeon003,"<DataName type=""string"">Dungeon003_SmallKey03</DataName>",candidate_needs_semantic_validation
gamedata\bool_data_0.xml,671,Dungeon003,"<DataName type=""string"">Dungeon003_SmallKey04</DataName>",candidate_needs_semantic_validation
gamedata\bool_data_0.xml,674,Dungeon003,"<DataName type=""string"">Dungeon003_SmallKey05</DataName>",candidate_needs_semantic_validation
gamedata\bool_data_0.xml,677,Dungeon003,"<DataName type=""string"">Dungeon003_SmallKey06</DataName>",candidate_needs_semantic_validation
gamedata\bool_data_0.xml,680,Dungeon003,"<DataName type=""string"">Dungeon003_SmallKey07</DataName>",candidate_needs_semantic_validation
gamedata\bool_data_0.xml,683,Dungeon003,"<DataName type=""string"">Dungeon003_SmallKey08</DataName>",candidate_needs_semantic_validation
gamedata\bool_data_0.xml,686,Dungeon003,"<DataName type=""string"">Dungeon003_SmallKey09</DataName>",candidate_needs_semantic_validation
gamedata\bool_data_0.xml,689,Dungeon004,"<DataName type=""string"">Dungeon004_SmallKey00</DataName>",candidate_needs_semantic_validation
gamedata\bool_data_0.xml,692,Dungeon004,"<DataName type=""string"">Dungeon004_SmallKey01</DataName>",candidate_needs_semantic_validation
gamedata\bool_data_0.xml,695,Dungeon004,"<DataName type=""string"">Dungeon004_SmallKey02</DataName>",candidate_needs_semantic_validation
gamedata\bool_data_0.xml,698,Dungeon004,"<DataName type=""string"">Dungeon004_SmallKey03</DataName>",candidate_needs_semantic_validation
gamedata\bool_data_0.xml,701,Dungeon004,"<DataName type=""string"">Dungeon004_SmallKey04</DataName>",candidate_needs_semantic_validation
gamedata\bool_data_0.xml,704,Dungeon004,"<DataName type=""string"">Dungeon004_SmallKey05</DataName>",candidate_needs_semantic_validation
gamedata\bool_data_0.xml,707,Dungeon004,"<DataName type=""string"">Dungeon004_SmallKey06</DataName>",candidate_needs_semantic_validation
gamedata\bool_data_0.xml,710,Dungeon004,"<DataName type=""string"">Dungeon004_SmallKey07</DataName>",candidate_needs_semantic_validation
gamedata\bool_data_0.xml,713,Dungeon004,"<DataName type=""string"">Dungeon004_SmallKey08</DataName>",candidate_needs_semantic_validation
gamedata\bool_data_0.xml,716,Dungeon004,"<DataName type=""string"">Dungeon004_SmallKey09</DataName>",candidate_needs_semantic_validation
gamedata\bool_data_0.xml,719,Dungeon005,"<DataName type=""string"">Dungeon005_SmallKey00</DataName>",candidate_needs_semantic_validation
gamedata\bool_data_0.xml,722,Dungeon005,"<DataName type=""string"">Dungeon005_SmallKey01</DataName>",candidate_needs_semantic_validation
gamedata\bool_data_0.xml,725,Dungeon005,"<DataName type=""string"">Dungeon005_SmallKey02</DataName>",candidate_needs_semantic_validation
gamedata\bool_data_0.xml,728,Dungeon005,"<DataName type=""string"">Dungeon005_SmallKey03</DataName>",candidate_needs_semantic_validation
gamedata\bool_data_0.xml,731,Dungeon005,"<DataName type=""string"">Dungeon005_SmallKey04</DataName>",candidate_needs_semantic_validation
gamedata\bool_data_0.xml,734,Dungeon005,"<DataName type=""string"">Dungeon005_SmallKey05</DataName>",candidate_needs_semantic_validation
gamedata\bool_data_0.xml,737,Dungeon005,"<DataName type=""string"">Dungeon005_SmallKey06</DataName>",candidate_needs_semantic_validation
gamedata\bool_data_0.xml,740,Dungeon005,"<DataName type=""string"">Dungeon005_SmallKey07</DataName>",candidate_needs_semantic_validation
gamedata\bool_data_0.xml,743,Dungeon005,"<DataName type=""string"">Dungeon005_SmallKey08</DataName>",candidate_needs_semantic_validation
gamedata\bool_data_0.xml,746,Dungeon005,"<DataName type=""string"">Dungeon005_SmallKey09</DataName>",candidate_needs_semantic_validation
gamedata\bool_data_0.xml,749,Dungeon006,"<DataName type=""string"">Dungeon006_SmallKey00</DataName>",candidate_needs_semantic_validation
gamedata\bool_data_0.xml,752,Dungeon006,"<DataName type=""string"">Dungeon006_SmallKey01</DataName>",candidate_needs_semantic_validation
gamedata\bool_data_0.xml,755,Dungeon006,"<DataName type=""string"">Dungeon006_SmallKey02</DataName>",candidate_needs_semantic_validation
gamedata\bool_data_0.xml,758,Dungeon006,"<DataName type=""string"">Dungeon006_SmallKey03</DataName>",candidate_needs_semantic_validation
gamedata\bool_data_0.xml,761,Dungeon006,"<DataName type=""string"">Dungeon006_SmallKey04</DataName>",candidate_needs_semantic_validation
gamedata\bool_data_0.xml,764,Dungeon006,"<DataName type=""string"">Dungeon006_SmallKey05</DataName>",candidate_needs_semantic_validation
gamedata\bool_data_0.xml,767,Dungeon006,"<DataName type=""string"">Dungeon006_SmallKey06</DataName>",candidate_needs_semantic_validation
gamedata\bool_data_0.xml,770,Dungeon006,"<DataName type=""string"">Dungeon006_SmallKey07</DataName>",candidate_needs_semantic_validation
gamedata\bool_data_0.xml,773,Dungeon006,"<DataName type=""string"">Dungeon006_SmallKey08</DataName>",candidate_needs_semantic_validation
gamedata\bool_data_0.xml,776,Dungeon006,"<DataName type=""string"">Dungeon006_SmallKey09</DataName>",candidate_needs_semantic_validation
gamedata\bool_data_0.xml,779,Dungeon007,"<DataName type=""string"">Dungeon007_SmallKey00</DataName>",candidate_needs_semantic_validation
gamedata\bool_data_0.xml,782,Dungeon007,"<DataName type=""string"">Dungeon007_SmallKey01</DataName>",candidate_needs_semantic_validation
gamedata\bool_data_0.xml,785,Dungeon007,"<DataName type=""string"">Dungeon007_SmallKey02</DataName>",candidate_needs_semantic_validation
gamedata\bool_data_0.xml,788,Dungeon007,"<DataName type=""string"">Dungeon007_SmallKey03</DataName>",candidate_needs_semantic_validation
gamedata\bool_data_0.xml,791,Dungeon007,"<DataName type=""string"">Dungeon007_SmallKey04</DataName>",candidate_needs_semantic_validation
gamedata\bool_data_0.xml,794,Dungeon007,"<DataName type=""string"">Dungeon007_SmallKey05</DataName>",candidate_needs_semantic_validation
gamedata\bool_data_0.xml,797,Dungeon007,"<DataName type=""string"">Dungeon007_SmallKey06</DataName>",candidate_needs_semantic_validation
gamedata\bool_data_0.xml,800,Dungeon007,"<DataName type=""string"">Dungeon007_SmallKey07</DataName>",candidate_needs_semantic_validation
gamedata\bool_data_0.xml,803,Dungeon007,"<DataName type=""string"">Dungeon007_SmallKey08</DataName>",candidate_needs_semantic_validation
gamedata\bool_data_0.xml,806,Dungeon007,"<DataName type=""string"">Dungeon007_SmallKey09</DataName>",candidate_needs_semantic_validation
gamedata\bool_data_0.xml,809,Dungeon008,"<DataName type=""string"">Dungeon008_SmallKey00</DataName>",candidate_needs_semantic_validation
gamedata\bool_data_0.xml,812,Dungeon008,"<DataName type=""string"">Dungeon008_SmallKey01</DataName>",candidate_needs_semantic_validation
gamedata\bool_data_0.xml,815,Dungeon008,"<DataName type=""string"">Dungeon008_SmallKey02</DataName>",candidate_needs_semantic_validation
gamedata\bool_data_0.xml,818,Dungeon008,"<DataName type=""string"">Dungeon008_SmallKey03</DataName>",candidate_needs_semantic_validation
gamedata\bool_data_0.xml,821,Dungeon008,"<DataName type=""string"">Dungeon008_SmallKey04</DataName>",candidate_needs_semantic_validation
gamedata\bool_data_0.xml,824,Dungeon008,"<DataName type=""string"">Dungeon008_SmallKey05</DataName>",candidate_needs_semantic_validation
gamedata\bool_data_0.xml,827,Dungeon008,"<DataName type=""string"">Dungeon008_SmallKey06</DataName>",candidate_needs_semantic_validation
gamedata\bool_data_0.xml,830,Dungeon008,"<DataName type=""string"">Dungeon008_SmallKey07</DataName>",candidate_needs_semantic_validation
gamedata\bool_data_0.xml,833,Dungeon008,"<DataName type=""string"">Dungeon008_SmallKey08</DataName>",candidate_needs_semantic_validation
gamedata\bool_data_0.xml,836,Dungeon008,"<DataName type=""string"">Dungeon008_SmallKey09</DataName>",candidate_needs_semantic_validation
gamedata\bool_data_0.xml,839,Dungeon009,"<DataName type=""string"">Dungeon009_SmallKey00</DataName>",candidate_needs_semantic_validation
gamedata\bool_data_0.xml,842,Dungeon009,"<DataName type=""string"">Dungeon009_SmallKey01</DataName>",candidate_needs_semantic_validation
gamedata\bool_data_0.xml,845,Dungeon009,"<DataName type=""string"">Dungeon009_SmallKey02</DataName>",candidate_needs_semantic_validation
gamedata\bool_data_0.xml,848,Dungeon009,"<DataName type=""string"">Dungeon009_SmallKey03</DataName>",candidate_needs_semantic_validation
gamedata\bool_data_0.xml,851,Dungeon009,"<DataName type=""string"">Dungeon009_SmallKey04</DataName>",candidate_needs_semantic_validation
gamedata\bool_data_0.xml,854,Dungeon009,"<DataName type=""string"">Dungeon009_SmallKey05</DataName>",candidate_needs_semantic_validation
gamedata\bool_data_0.xml,857,Dungeon009,"<DataName type=""string"">Dungeon009_SmallKey06</DataName>",candidate_needs_semantic_validation
gamedata\bool_data_0.xml,860,Dungeon009,"<DataName type=""string"">Dungeon009_SmallKey07</DataName>",candidate_needs_semantic_validation
gamedata\bool_data_0.xml,863,Dungeon009,"<DataName type=""string"">Dungeon009_SmallKey08</DataName>",candidate_needs_semantic_validation
gamedata\bool_data_0.xml,866,Dungeon009,"<DataName type=""string"">Dungeon009_SmallKey09</DataName>",candidate_needs_semantic_validation
gamedata\bool_data_0.xml,869,Dungeon010,"<DataName type=""string"">Dungeon010_SmallKey00</DataName>",candidate_needs_semantic_validation
gamedata\bool_data_0.xml,872,Dungeon010,"<DataName type=""string"">Dungeon010_SmallKey01</DataName>",candidate_needs_semantic_validation
gamedata\bool_data_0.xml,875,Dungeon010,"<DataName type=""string"">Dungeon010_SmallKey02</DataName>",candidate_needs_semantic_validation
gamedata\bool_data_0.xml,878,Dungeon010,"<DataName type=""string"">Dungeon010_SmallKey03</DataName>",candidate_needs_semantic_validation
gamedata\bool_data_0.xml,881,Dungeon010,"<DataName type=""string"">Dungeon010_SmallKey04</DataName>",candidate_needs_semantic_validation
gamedata\bool_data_0.xml,884,Dungeon010,"<DataName type=""string"">Dungeon010_SmallKey05</DataName>",candidate_needs_semantic_validation
gamedata\bool_data_0.xml,887,Dungeon010,"<DataName type=""string"">Dungeon010_SmallKey06</DataName>",candidate_needs_semantic_validation
gamedata\bool_data_0.xml,890,Dungeon010,"<DataName type=""string"">Dungeon010_SmallKey07</DataName>",candidate_needs_semantic_validation
gamedata\bool_data_0.xml,893,Dungeon010,"<DataName type=""string"">Dungeon010_SmallKey08</DataName>",candidate_needs_semantic_validation
gamedata\bool_data_0.xml,896,Dungeon010,"<DataName type=""string"">Dungeon010_SmallKey09</DataName>",candidate_needs_semantic_validation
gamedata\bool_data_0.xml,899,Dungeon011,"<DataName type=""string"">Dungeon011_SmallKey00</DataName>",candidate_needs_semantic_validation
gamedata\bool_data_0.xml,902,Dungeon011,"<DataName type=""string"">Dungeon011_SmallKey01</DataName>",candidate_needs_semantic_validation
gamedata\bool_data_0.xml,905,Dungeon011,"<DataName type=""string"">Dungeon011_SmallKey02</DataName>",candidate_needs_semantic_validation
gamedata\bool_data_0.xml,908,Dungeon011,"<DataName type=""string"">Dungeon011_SmallKey03</DataName>",candidate_needs_semantic_validation
gamedata\bool_data_0.xml,911,Dungeon011,"<DataName type=""string"">Dungeon011_SmallKey04</DataName>",candidate_needs_semantic_validation
gamedata\bool_data_0.xml,914,Dungeon011,"<DataName type=""string"">Dungeon011_SmallKey05</DataName>",candidate_needs_semantic_validation
gamedata\bool_data_0.xml,917,Dungeon011,"<DataName type=""string"">Dungeon011_SmallKey06</DataName>",candidate_needs_semantic_validation
gamedata\bool_data_0.xml,920,Dungeon011,"<DataName type=""string"">Dungeon011_SmallKey07</DataName>",candidate_needs_semantic_validation
gamedata\bool_data_0.xml,923,Dungeon011,"<DataName type=""string"">Dungeon011_SmallKey08</DataName>",candidate_needs_semantic_validation
gamedata\bool_data_0.xml,926,Dungeon011,"<DataName type=""string"">Dungeon011_SmallKey09</DataName>",candidate_needs_semantic_validation
gamedata\bool_data_0.xml,929,Dungeon012,"<DataName type=""string"">Dungeon012_SmallKey00</DataName>",candidate_needs_semantic_validation
gamedata\bool_data_0.xml,932,Dungeon012,"<DataName type=""string"">Dungeon012_SmallKey01</DataName>",candidate_needs_semantic_validation
gamedata\bool_data_0.xml,935,Dungeon012,"<DataName type=""string"">Dungeon012_SmallKey02</DataName>",candidate_needs_semantic_validation
gamedata\bool_data_0.xml,938,Dungeon012,"<DataName type=""string"">Dungeon012_SmallKey03</DataName>",candidate_needs_semantic_validation
gamedata\bool_data_0.xml,941,Dungeon012,"<DataName type=""string"">Dungeon012_SmallKey04</DataName>",candidate_needs_semantic_validation
gamedata\bool_data_0.xml,944,Dungeon012,"<DataName type=""string"">Dungeon012_SmallKey05</DataName>",candidate_needs_semantic_validation
gamedata\bool_data_0.xml,947,Dungeon012,"<DataName type=""string"">Dungeon012_SmallKey06</DataName>",candidate_needs_semantic_validation
gamedata\bool_data_0.xml,950,Dungeon012,"<DataName type=""string"">Dungeon012_SmallKey07</DataName>",candidate_needs_semantic_validation
gamedata\bool_data_0.xml,953,Dungeon012,"<DataName type=""string"">Dungeon012_SmallKey08</DataName>",candidate_needs_semantic_validation
gamedata\bool_data_0.xml,956,Dungeon012,"<DataName type=""string"">Dungeon012_SmallKey09</DataName>",candidate_needs_semantic_validation
gamedata\bool_data_0.xml,959,Dungeon013,"<DataName type=""string"">Dungeon013_SmallKey00</DataName>",candidate_needs_semantic_validation
gamedata\bool_data_0.xml,962,Dungeon013,"<DataName type=""string"">Dungeon013_SmallKey01</DataName>",candidate_needs_semantic_validation
gamedata\bool_data_0.xml,965,Dungeon013,"<DataName type=""string"">Dungeon013_SmallKey02</DataName>",candidate_needs_semantic_validation
gamedata\bool_data_0.xml,968,Dungeon013,"<DataName type=""string"">Dungeon013_SmallKey03</DataName>",candidate_needs_semantic_validation
gamedata\bool_data_0.xml,971,Dungeon013,"<DataName type=""string"">Dungeon013_SmallKey04</DataName>",candidate_needs_semantic_validation
gamedata\bool_data_0.xml,974,Dungeon013,"<DataName type=""string"">Dungeon013_SmallKey05</DataName>",candidate_needs_semantic_validation
gamedata\bool_data_0.xml,977,Dungeon013,"<DataName type=""string"">Dungeon013_SmallKey06</DataName>",candidate_needs_semantic_validation
gamedata\bool_data_0.xml,980,Dungeon013,"<DataName type=""string"">Dungeon013_SmallKey07</DataName>",candidate_needs_semantic_validation
gamedata\bool_data_0.xml,983,Dungeon013,"<DataName type=""string"">Dungeon013_SmallKey08</DataName>",candidate_needs_semantic_validation
gamedata\bool_data_0.xml,986,Dungeon013,"<DataName type=""string"">Dungeon013_SmallKey09</DataName>",candidate_needs_semantic_validation
gamedata\bool_data_0.xml,989,Dungeon014,"<DataName type=""string"">Dungeon014_SmallKey00</DataName>",candidate_needs_semantic_validation
gamedata\bool_data_0.xml,992,Dungeon014,"<DataName type=""string"">Dungeon014_SmallKey01</DataName>",candidate_needs_semantic_validation
gamedata\bool_data_0.xml,995,Dungeon014,"<DataName type=""string"">Dungeon014_SmallKey02</DataName>",candidate_needs_semantic_validation
gamedata\bool_data_0.xml,998,Dungeon014,"<DataName type=""string"">Dungeon014_SmallKey03</DataName>",candidate_needs_semantic_validation
gamedata\bool_data_0.xml,1001,Dungeon014,"<DataName type=""string"">Dungeon014_SmallKey04</DataName>",candidate_needs_semantic_validation
gamedata\bool_data_0.xml,1004,Dungeon014,"<DataName type=""string"">Dungeon014_SmallKey05</DataName>",candidate_needs_semantic_validation
gamedata\bool_data_0.xml,1007,Dungeon014,"<DataName type=""string"">Dungeon014_SmallKey06</DataName>",candidate_needs_semantic_validation
gamedata\bool_data_0.xml,1010,Dungeon014,"<DataName type=""string"">Dungeon014_SmallKey07</DataName>",candidate_needs_semantic_validation
gamedata\bool_data_0.xml,1013,Dungeon014,"<DataName type=""string"">Dungeon014_SmallKey08</DataName>",candidate_needs_semantic_validation
gamedata\bool_data_0.xml,1016,Dungeon014,"<DataName type=""string"">Dungeon014_SmallKey09</DataName>",candidate_needs_semantic_validation
gamedata\bool_data_0.xml,1019,Dungeon015,"<DataName type=""string"">Dungeon015_SmallKey00</DataName>",candidate_needs_semantic_validation
gamedata\bool_data_0.xml,1022,Dungeon015,"<DataName type=""string"">Dungeon015_SmallKey01</DataName>",candidate_needs_semantic_validation
gamedata\bool_data_0.xml,1025,Dungeon015,"<DataName type=""string"">Dungeon015_SmallKey02</DataName>",candidate_needs_semantic_validation
gamedata\bool_data_0.xml,1028,Dungeon015,"<DataName type=""string"">Dungeon015_SmallKey03</DataName>",candidate_needs_semantic_validation
gamedata\bool_data_0.xml,1031,Dungeon015,"<DataName type=""string"">Dungeon015_SmallKey04</DataName>",candidate_needs_semantic_validation
gamedata\bool_data_0.xml,1034,Dungeon015,"<DataName type=""string"">Dungeon015_SmallKey05</DataName>",candidate_needs_semantic_validation
gamedata\bool_data_0.xml,1037,Dungeon015,"<DataName type=""string"">Dungeon015_SmallKey06</DataName>",candidate_needs_semantic_validation
gamedata\bool_data_0.xml,1040,Dungeon015,"<DataName type=""string"">Dungeon015_SmallKey07</DataName>",candidate_needs_semantic_validation
gamedata\bool_data_0.xml,1043,Dungeon015,"<DataName type=""string"">Dungeon015_SmallKey08</DataName>",candidate_needs_semantic_validation
gamedata\bool_data_0.xml,1046,Dungeon015,"<DataName type=""string"">Dungeon015_SmallKey09</DataName>",candidate_needs_semantic_validation
gamedata\bool_data_0.xml,1049,Dungeon016,"<DataName type=""string"">Dungeon016_SmallKey00</DataName>",candidate_needs_semantic_validation
gamedata\bool_data_0.xml,1052,Dungeon016,"<DataName type=""string"">Dungeon016_SmallKey01</DataName>",candidate_needs_semantic_validation
gamedata\bool_data_0.xml,1055,Dungeon016,"<DataName type=""string"">Dungeon016_SmallKey02</DataName>",candidate_needs_semantic_validation
gamedata\bool_data_0.xml,1058,Dungeon016,"<DataName type=""string"">Dungeon016_SmallKey03</DataName>",candidate_needs_semantic_validation
gamedata\bool_data_0.xml,1061,Dungeon016,"<DataName type=""string"">Dungeon016_SmallKey04</DataName>",candidate_needs_semantic_validation
gamedata\bool_data_0.xml,1064,Dungeon016,"<DataName type=""string"">Dungeon016_SmallKey05</DataName>",candidate_needs_semantic_validation
gamedata\bool_data_0.xml,1067,Dungeon016,"<DataName type=""string"">Dungeon016_SmallKey06</DataName>",candidate_needs_semantic_validation
gamedata\bool_data_0.xml,1070,Dungeon016,"<DataName type=""string"">Dungeon016_SmallKey07</DataName>",candidate_needs_semantic_validation
gamedata\bool_data_0.xml,1073,Dungeon016,"<DataName type=""string"">Dungeon016_SmallKey08</DataName>",candidate_needs_semantic_validation
gamedata\bool_data_0.xml,1076,Dungeon016,"<DataName type=""string"">Dungeon016_SmallKey09</DataName>",candidate_needs_semantic_validation
gamedata\bool_data_0.xml,1079,Dungeon017,"<DataName type=""string"">Dungeon017_SmallKey00</DataName>",candidate_needs_semantic_validation
gamedata\bool_data_0.xml,1082,Dungeon017,"<DataName type=""string"">Dungeon017_SmallKey01</DataName>",candidate_needs_semantic_validation
gamedata\bool_data_0.xml,1085,Dungeon017,"<DataName type=""string"">Dungeon017_SmallKey02</DataName>",candidate_needs_semantic_validation
gamedata\bool_data_0.xml,1088,Dungeon017,"<DataName type=""string"">Dungeon017_SmallKey03</DataName>",candidate_needs_semantic_validation
gamedata\bool_data_0.xml,1091,Dungeon017,"<DataName type=""string"">Dungeon017_SmallKey04</DataName>",candidate_needs_semantic_validation
gamedata\bool_data_0.xml,1094,Dungeon017,"<DataName type=""string"">Dungeon017_SmallKey05</DataName>",candidate_needs_semantic_validation
gamedata\bool_data_0.xml,1097,Dungeon017,"<DataName type=""string"">Dungeon017_SmallKey06</DataName>",candidate_needs_semantic_validation
gamedata\bool_data_0.xml,1100,Dungeon017,"<DataName type=""string"">Dungeon017_SmallKey07</DataName>",candidate_needs_semantic_validation
gamedata\bool_data_0.xml,1103,Dungeon017,"<DataName type=""string"">Dungeon017_SmallKey08</DataName>",candidate_needs_semantic_validation
gamedata\bool_data_0.xml,1106,Dungeon017,"<DataName type=""string"">Dungeon017_SmallKey09</DataName>",candidate_needs_semantic_validation
gamedata\bool_data_0.xml,1109,Dungeon018,"<DataName type=""string"">Dungeon018_SmallKey00</DataName>",candidate_needs_semantic_validation
gamedata\bool_data_0.xml,1112,Dungeon018,"<DataName type=""string"">Dungeon018_SmallKey01</DataName>",candidate_needs_semantic_validation
gamedata\bool_data_0.xml,1115,Dungeon018,"<DataName type=""string"">Dungeon018_SmallKey02</DataName>",candidate_needs_semantic_validation
gamedata\bool_data_0.xml,1118,Dungeon018,"<DataName type=""string"">Dungeon018_SmallKey03</DataName>",candidate_needs_semantic_validation
gamedata\bool_data_0.xml,1121,Dungeon018,"<DataName type=""string"">Dungeon018_SmallKey04</DataName>",candidate_needs_semantic_validation
gamedata\bool_data_0.xml,1124,Dungeon018,"<DataName type=""string"">Dungeon018_SmallKey05</DataName>",candidate_needs_semantic_validation
gamedata\bool_data_0.xml,1127,Dungeon018,"<DataName type=""string"">Dungeon018_SmallKey06</DataName>",candidate_needs_semantic_validation
gamedata\bool_data_0.xml,1130,Dungeon018,"<DataName type=""string"">Dungeon018_SmallKey07</DataName>",candidate_needs_semantic_validation
gamedata\bool_data_0.xml,1133,Dungeon018,"<DataName type=""string"">Dungeon018_SmallKey08</DataName>",candidate_needs_semantic_validation
gamedata\bool_data_0.xml,1136,Dungeon018,"<DataName type=""string"">Dungeon018_SmallKey09</DataName>",candidate_needs_semantic_validation
gamedata\bool_data_0.xml,1139,Dungeon019,"<DataName type=""string"">Dungeon019_SmallKey00</DataName>",candidate_needs_semantic_validation
gamedata\bool_data_0.xml,1142,Dungeon019,"<DataName type=""string"">Dungeon019_SmallKey01</DataName>",candidate_needs_semantic_validation
gamedata\bool_data_0.xml,1145,Dungeon019,"<DataName type=""string"">Dungeon019_SmallKey02</DataName>",candidate_needs_semantic_validation
gamedata\bool_data_0.xml,1148,Dungeon019,"<DataName type=""string"">Dungeon019_SmallKey03</DataName>",candidate_needs_semantic_validation
gamedata\bool_data_0.xml,1151,Dungeon019,"<DataName type=""string"">Dungeon019_SmallKey04</DataName>",candidate_needs_semantic_validation
gamedata\bool_data_0.xml,1154,Dungeon019,"<DataName type=""string"">Dungeon019_SmallKey05</DataName>",candidate_needs_semantic_validation
gamedata\bool_data_0.xml,1157,Dungeon019,"<DataName type=""string"">Dungeon019_SmallKey06</DataName>",candidate_needs_semantic_validation
gamedata\bool_data_0.xml,1160,Dungeon019,"<DataName type=""string"">Dungeon019_SmallKey07</DataName>",candidate_needs_semantic_validation
gamedata\bool_data_0.xml,1163,Dungeon019,"<DataName type=""string"">Dungeon019_SmallKey08</DataName>",candidate_needs_semantic_validation
gamedata\bool_data_0.xml,1166,Dungeon019,"<DataName type=""string"">Dungeon019_SmallKey09</DataName>",candidate_needs_semantic_validation
gamedata\bool_data_0.xml,1169,Dungeon020,"<DataName type=""string"">Dungeon020_SmallKey00</DataName>",candidate_needs_semantic_validation
gamedata\bool_data_0.xml,1172,Dungeon020,"<DataName type=""string"">Dungeon020_SmallKey01</DataName>",candidate_needs_semantic_validation
gamedata\bool_data_0.xml,1175,Dungeon020,"<DataName type=""string"">Dungeon020_SmallKey02</DataName>",candidate_needs_semantic_validation
gamedata\bool_data_0.xml,1178,Dungeon020,"<DataName type=""string"">Dungeon020_SmallKey03</DataName>",candidate_needs_semantic_validation
gamedata\bool_data_0.xml,1181,Dungeon020,"<DataName type=""string"">Dungeon020_SmallKey04</DataName>",candidate_needs_semantic_validation
gamedata\bool_data_0.xml,1184,Dungeon020,"<DataName type=""string"">Dungeon020_SmallKey05</DataName>",candidate_needs_semantic_validation
gamedata\bool_data_0.xml,1187,Dungeon020,"<DataName type=""string"">Dungeon020_SmallKey06</DataName>",candidate_needs_semantic_validation
gamedata\bool_data_0.xml,1190,Dungeon020,"<DataName type=""string"">Dungeon020_SmallKey07</DataName>",candidate_needs_semantic_validation
gamedata\bool_data_0.xml,1193,Dungeon020,"<DataName type=""string"">Dungeon020_SmallKey08</DataName>",candidate_needs_semantic_validation
gamedata\bool_data_0.xml,1196,Dungeon020,"<DataName type=""string"">Dungeon020_SmallKey09</DataName>",candidate_needs_semantic_validation
gamedata\bool_data_0.xml,1199,Dungeon021,"<DataName type=""string"">Dungeon021_SmallKey00</DataName>",candidate_needs_semantic_validation
gamedata\bool_data_0.xml,1202,Dungeon021,"<DataName type=""string"">Dungeon021_SmallKey01</DataName>",candidate_needs_semantic_validation
gamedata\bool_data_0.xml,1205,Dungeon021,"<DataName type=""string"">Dungeon021_SmallKey02</DataName>",candidate_needs_semantic_validation
gamedata\bool_data_0.xml,1208,Dungeon021,"<DataName type=""string"">Dungeon021_SmallKey03</DataName>",candidate_needs_semantic_validation
gamedata\bool_data_0.xml,1211,Dungeon021,"<DataName type=""string"">Dungeon021_SmallKey04</DataName>",candidate_needs_semantic_validation
gamedata\bool_data_0.xml,1214,Dungeon021,"<DataName type=""string"">Dungeon021_SmallKey05</DataName>",candidate_needs_semantic_validation
gamedata\bool_data_0.xml,1217,Dungeon021,"<DataName type=""string"">Dungeon021_SmallKey06</DataName>",candidate_needs_semantic_validation
gamedata\bool_data_0.xml,1220,Dungeon021,"<DataName type=""string"">Dungeon021_SmallKey07</DataName>",candidate_needs_semantic_validation
gamedata\bool_data_0.xml,1223,Dungeon021,"<DataName type=""string"">Dungeon021_SmallKey08</DataName>",candidate_needs_semantic_validation
gamedata\bool_data_0.xml,1226,Dungeon021,"<DataName type=""string"">Dungeon021_SmallKey09</DataName>",candidate_needs_semantic_validation
gamedata\bool_data_0.xml,1229,Dungeon022,"<DataName type=""string"">Dungeon022_SmallKey00</DataName>",candidate_needs_semantic_validation
gamedata\bool_data_0.xml,1232,Dungeon022,"<DataName type=""string"">Dungeon022_SmallKey01</DataName>",candidate_needs_semantic_validation
gamedata\bool_data_0.xml,1235,Dungeon022,"<DataName type=""string"">Dungeon022_SmallKey02</DataName>",candidate_needs_semantic_validation
gamedata\bool_data_0.xml,1238,Dungeon022,"<DataName type=""string"">Dungeon022_SmallKey03</DataName>",candidate_needs_semantic_validation
gamedata\bool_data_0.xml,1241,Dungeon022,"<DataName type=""string"">Dungeon022_SmallKey04</DataName>",candidate_needs_semantic_validation
gamedata\bool_data_0.xml,1244,Dungeon022,"<DataName type=""string"">Dungeon022_SmallKey05</DataName>",candidate_needs_semantic_validation
gamedata\bool_data_0.xml,1247,Dungeon022,"<DataName type=""string"">Dungeon022_SmallKey06</DataName>",candidate_needs_semantic_validation
gamedata\bool_data_0.xml,1250,Dungeon022,"<DataName type=""string"">Dungeon022_SmallKey07</DataName>",candidate_needs_semantic_validation
gamedata\bool_data_0.xml,1253,Dungeon022,"<DataName type=""string"">Dungeon022_SmallKey08</DataName>",candidate_needs_semantic_validation
gamedata\bool_data_0.xml,1256,Dungeon022,"<DataName type=""string"">Dungeon022_SmallKey09</DataName>",candidate_needs_semantic_validation
gamedata\bool_data_0.xml,1259,Dungeon023,"<DataName type=""string"">Dungeon023_SmallKey00</DataName>",candidate_needs_semantic_validation
gamedata\bool_data_0.xml,1262,Dungeon023,"<DataName type=""string"">Dungeon023_SmallKey01</DataName>",candidate_needs_semantic_validation
gamedata\bool_data_0.xml,1265,Dungeon023,"<DataName type=""string"">Dungeon023_SmallKey02</DataName>",candidate_needs_semantic_validation
gamedata\bool_data_0.xml,1268,Dungeon023,"<DataName type=""string"">Dungeon023_SmallKey03</DataName>",candidate_needs_semantic_validation
gamedata\bool_data_0.xml,1271,Dungeon023,"<DataName type=""string"">Dungeon023_SmallKey04</DataName>",candidate_needs_semantic_validation
gamedata\bool_data_0.xml,1274,Dungeon023,"<DataName type=""string"">Dungeon023_SmallKey05</DataName>",candidate_needs_semantic_validation
gamedata\bool_data_0.xml,1277,Dungeon023,"<DataName type=""string"">Dungeon023_SmallKey06</DataName>",candidate_needs_semantic_validation
gamedata\bool_data_0.xml,1280,Dungeon023,"<DataName type=""string"">Dungeon023_SmallKey07</DataName>",candidate_needs_semantic_validation
gamedata\bool_data_0.xml,1283,Dungeon023,"<DataName type=""string"">Dungeon023_SmallKey08</DataName>",candidate_needs_semantic_validation
gamedata\bool_data_0.xml,1286,Dungeon023,"<DataName type=""string"">Dungeon023_SmallKey09</DataName>",candidate_needs_semantic_validation
gamedata\bool_data_0.xml,1289,Dungeon024,"<DataName type=""string"">Dungeon024_SmallKey00</DataName>",candidate_needs_semantic_validation
gamedata\bool_data_0.xml,1292,Dungeon024,"<DataName type=""string"">Dungeon024_SmallKey01</DataName>",candidate_needs_semantic_validation
gamedata\bool_data_0.xml,1295,Dungeon024,"<DataName type=""string"">Dungeon024_SmallKey02</DataName>",candidate_needs_semantic_validation
gamedata\bool_data_0.xml,1298,Dungeon024,"<DataName type=""string"">Dungeon024_SmallKey03</DataName>",candidate_needs_semantic_validation
gamedata\bool_data_0.xml,1301,Dungeon024,"<DataName type=""string"">Dungeon024_SmallKey04</DataName>",candidate_needs_semantic_validation
gamedata\bool_data_0.xml,1304,Dungeon024,"<DataName type=""string"">Dungeon024_SmallKey05</DataName>",candidate_needs_semantic_validation
gamedata\bool_data_0.xml,1307,Dungeon024,"<DataName type=""string"">Dungeon024_SmallKey06</DataName>",candidate_needs_semantic_validation
gamedata\bool_data_0.xml,1310,Dungeon024,"<DataName type=""string"">Dungeon024_SmallKey07</DataName>",candidate_needs_semantic_validation
gamedata\bool_data_0.xml,1313,Dungeon024,"<DataName type=""string"">Dungeon024_SmallKey08</DataName>",candidate_needs_semantic_validation
gamedata\bool_data_0.xml,1316,Dungeon024,"<DataName type=""string"">Dungeon024_SmallKey09</DataName>",candidate_needs_semantic_validation
gamedata\bool_data_0.xml,1319,Dungeon025,"<DataName type=""string"">Dungeon025_SmallKey00</DataName>",candidate_needs_semantic_validation
gamedata\bool_data_0.xml,1322,Dungeon025,"<DataName type=""string"">Dungeon025_SmallKey01</DataName>",candidate_needs_semantic_validation
gamedata\bool_data_0.xml,1325,Dungeon025,"<DataName type=""string"">Dungeon025_SmallKey02</DataName>",candidate_needs_semantic_validation
gamedata\bool_data_0.xml,1328,Dungeon025,"<DataName type=""string"">Dungeon025_SmallKey03</DataName>",candidate_needs_semantic_validation
gamedata\bool_data_0.xml,1331,Dungeon025,"<DataName type=""string"">Dungeon025_SmallKey04</DataName>",candidate_needs_semantic_validation
gamedata\bool_data_0.xml,1334,Dungeon025,"<DataName type=""string"">Dungeon025_SmallKey05</DataName>",candidate_needs_semantic_validation
gamedata\bool_data_0.xml,1337,Dungeon025,"<DataName type=""string"">Dungeon025_SmallKey06</DataName>",candidate_needs_semantic_validation
gamedata\bool_data_0.xml,1340,Dungeon025,"<DataName type=""string"">Dungeon025_SmallKey07</DataName>",candidate_needs_semantic_validation
gamedata\bool_data_0.xml,1343,Dungeon025,"<DataName type=""string"">Dungeon025_SmallKey08</DataName>",candidate_needs_semantic_validation
gamedata\bool_data_0.xml,1346,Dungeon025,"<DataName type=""string"">Dungeon025_SmallKey09</DataName>",candidate_needs_semantic_validation
gamedata\bool_data_0.xml,1349,Dungeon026,"<DataName type=""string"">Dungeon026_SmallKey00</DataName>",candidate_needs_semantic_validation
gamedata\bool_data_0.xml,1352,Dungeon026,"<DataName type=""string"">Dungeon026_SmallKey01</DataName>",candidate_needs_semantic_validation
gamedata\bool_data_0.xml,1355,Dungeon026,"<DataName type=""string"">Dungeon026_SmallKey02</DataName>",candidate_needs_semantic_validation
gamedata\bool_data_0.xml,1358,Dungeon026,"<DataName type=""string"">Dungeon026_SmallKey03</DataName>",candidate_needs_semantic_validation
gamedata\bool_data_0.xml,1361,Dungeon026,"<DataName type=""string"">Dungeon026_SmallKey04</DataName>",candidate_needs_semantic_validation
gamedata\bool_data_0.xml,1364,Dungeon026,"<DataName type=""string"">Dungeon026_SmallKey05</DataName>",candidate_needs_semantic_validation
gamedata\bool_data_0.xml,1367,Dungeon026,"<DataName type=""string"">Dungeon026_SmallKey06</DataName>",candidate_needs_semantic_validation
gamedata\bool_data_0.xml,1370,Dungeon026,"<DataName type=""string"">Dungeon026_SmallKey07</DataName>",candidate_needs_semantic_validation
gamedata\bool_data_0.xml,1373,Dungeon026,"<DataName type=""string"">Dungeon026_SmallKey08</DataName>",candidate_needs_semantic_validation
gamedata\bool_data_0.xml,1376,Dungeon026,"<DataName type=""string"">Dungeon026_SmallKey09</DataName>",candidate_needs_semantic_validation
gamedata\bool_data_0.xml,1379,Dungeon027,"<DataName type=""string"">Dungeon027_SmallKey00</DataName>",candidate_needs_semantic_validation
gamedata\bool_data_0.xml,1382,Dungeon027,"<DataName type=""string"">Dungeon027_SmallKey01</DataName>",candidate_needs_semantic_validation
gamedata\bool_data_0.xml,1385,Dungeon027,"<DataName type=""string"">Dungeon027_SmallKey02</DataName>",candidate_needs_semantic_validation
gamedata\bool_data_0.xml,1388,Dungeon027,"<DataName type=""string"">Dungeon027_SmallKey03</DataName>",candidate_needs_semantic_validation
gamedata\bool_data_0.xml,1391,Dungeon027,"<DataName type=""string"">Dungeon027_SmallKey04</DataName>",candidate_needs_semantic_validation
gamedata\bool_data_0.xml,1394,Dungeon027,"<DataName type=""string"">Dungeon027_SmallKey05</DataName>",candidate_needs_semantic_validation
gamedata\bool_data_0.xml,1397,Dungeon027,"<DataName type=""string"">Dungeon027_SmallKey06</DataName>",candidate_needs_semantic_validation
gamedata\bool_data_0.xml,1400,Dungeon027,"<DataName type=""string"">Dungeon027_SmallKey07</DataName>",candidate_needs_semantic_validation
gamedata\bool_data_0.xml,1403,Dungeon027,"<DataName type=""string"">Dungeon027_SmallKey08</DataName>",candidate_needs_semantic_validation
gamedata\bool_data_0.xml,1406,Dungeon027,"<DataName type=""string"">Dungeon027_SmallKey09</DataName>",candidate_needs_semantic_validation
gamedata\bool_data_0.xml,1409,Dungeon028,"<DataName type=""string"">Dungeon028_SmallKey00</DataName>",candidate_needs_semantic_validation
gamedata\bool_data_0.xml,1412,Dungeon028,"<DataName type=""string"">Dungeon028_SmallKey01</DataName>",candidate_needs_semantic_validation
gamedata\bool_data_0.xml,1415,Dungeon028,"<DataName type=""string"">Dungeon028_SmallKey02</DataName>",candidate_needs_semantic_validation
gamedata\bool_data_0.xml,1418,Dungeon028,"<DataName type=""string"">Dungeon028_SmallKey03</DataName>",candidate_needs_semantic_validation
gamedata\bool_data_0.xml,1421,Dungeon028,"<DataName type=""string"">Dungeon028_SmallKey04</DataName>",candidate_needs_semantic_validation
gamedata\bool_data_0.xml,1424,Dungeon028,"<DataName type=""string"">Dungeon028_SmallKey05</DataName>",candidate_needs_semantic_validation
gamedata\bool_data_0.xml,1427,Dungeon028,"<DataName type=""string"">Dungeon028_SmallKey06</DataName>",candidate_needs_semantic_validation
gamedata\bool_data_0.xml,1430,Dungeon028,"<DataName type=""string"">Dungeon028_SmallKey07</DataName>",candidate_needs_semantic_validation
gamedata\bool_data_0.xml,1433,Dungeon028,"<DataName type=""string"">Dungeon028_SmallKey08</DataName>",candidate_needs_semantic_validation
gamedata\bool_data_0.xml,1436,Dungeon028,"<DataName type=""string"">Dungeon028_SmallKey09</DataName>",candidate_needs_semantic_validation
gamedata\bool_data_0.xml,1439,Dungeon029,"<DataName type=""string"">Dungeon029_SmallKey00</DataName>",candidate_needs_semantic_validation
gamedata\bool_data_0.xml,1442,Dungeon029,"<DataName type=""string"">Dungeon029_SmallKey01</DataName>",candidate_needs_semantic_validation
gamedata\bool_data_0.xml,1445,Dungeon029,"<DataName type=""string"">Dungeon029_SmallKey02</DataName>",candidate_needs_semantic_validation
gamedata\bool_data_0.xml,1448,Dungeon029,"<DataName type=""string"">Dungeon029_SmallKey03</DataName>",candidate_needs_semantic_validation
gamedata\bool_data_0.xml,1451,Dungeon029,"<DataName type=""string"">Dungeon029_SmallKey04</DataName>",candidate_needs_semantic_validation
gamedata\bool_data_0.xml,1454,Dungeon029,"<DataName type=""string"">Dungeon029_SmallKey05</DataName>",candidate_needs_semantic_validation
gamedata\bool_data_0.xml,1457,Dungeon029,"<DataName type=""string"">Dungeon029_SmallKey06</DataName>",candidate_needs_semantic_validation
gamedata\bool_data_0.xml,1460,Dungeon029,"<DataName type=""string"">Dungeon029_SmallKey07</DataName>",candidate_needs_semantic_validation
gamedata\bool_data_0.xml,1463,Dungeon029,"<DataName type=""string"">Dungeon029_SmallKey08</DataName>",candidate_needs_semantic_validation
gamedata\bool_data_0.xml,1466,Dungeon029,"<DataName type=""string"">Dungeon029_SmallKey09</DataName>",candidate_needs_semantic_validation
gamedata\bool_data_0.xml,1469,Dungeon030,"<DataName type=""string"">Dungeon030_SmallKey00</DataName>",candidate_needs_semantic_validation
gamedata\bool_data_0.xml,1472,Dungeon030,"<DataName type=""string"">Dungeon030_SmallKey01</DataName>",candidate_needs_semantic_validation
gamedata\bool_data_0.xml,1475,Dungeon030,"<DataName type=""string"">Dungeon030_SmallKey02</DataName>",candidate_needs_semantic_validation
gamedata\bool_data_0.xml,1478,Dungeon030,"<DataName type=""string"">Dungeon030_SmallKey03</DataName>",candidate_needs_semantic_validation
gamedata\bool_data_0.xml,1481,Dungeon030,"<DataName type=""string"">Dungeon030_SmallKey04</DataName>",candidate_needs_semantic_validation
gamedata\bool_data_0.xml,1484,Dungeon030,"<DataName type=""string"">Dungeon030_SmallKey05</DataName>",candidate_needs_semantic_validation
gamedata\bool_data_0.xml,1487,Dungeon030,"<DataName type=""string"">Dungeon030_SmallKey06</DataName>",candidate_needs_semantic_validation
gamedata\bool_data_0.xml,1490,Dungeon030,"<DataName type=""string"">Dungeon030_SmallKey07</DataName>",candidate_needs_semantic_validation
gamedata\bool_data_0.xml,1493,Dungeon030,"<DataName type=""string"">Dungeon030_SmallKey08</DataName>",candidate_needs_semantic_validation
gamedata\bool_data_0.xml,1496,Dungeon030,"<DataName type=""string"">Dungeon030_SmallKey09</DataName>",candidate_needs_semantic_validation
gamedata\bool_data_0.xml,1499,Dungeon031,"<DataName type=""string"">Dungeon031_SmallKey00</DataName>",candidate_needs_semantic_validation
gamedata\bool_data_0.xml,1502,Dungeon031,"<DataName type=""string"">Dungeon031_SmallKey01</DataName>",candidate_needs_semantic_validation
gamedata\bool_data_0.xml,1505,Dungeon031,"<DataName type=""string"">Dungeon031_SmallKey02</DataName>",candidate_needs_semantic_validation
gamedata\bool_data_0.xml,1508,Dungeon031,"<DataName type=""string"">Dungeon031_SmallKey03</DataName>",candidate_needs_semantic_validation
gamedata\bool_data_0.xml,1511,Dungeon031,"<DataName type=""string"">Dungeon031_SmallKey04</DataName>",candidate_needs_semantic_validation
gamedata\bool_data_0.xml,1514,Dungeon031,"<DataName type=""string"">Dungeon031_SmallKey05</DataName>",candidate_needs_semantic_validation
gamedata\bool_data_0.xml,1517,Dungeon031,"<DataName type=""string"">Dungeon031_SmallKey06</DataName>",candidate_needs_semantic_validation
gamedata\bool_data_0.xml,1520,Dungeon031,"<DataName type=""string"">Dungeon031_SmallKey07</DataName>",candidate_needs_semantic_validation
gamedata\bool_data_0.xml,1523,Dungeon031,"<DataName type=""string"">Dungeon031_SmallKey08</DataName>",candidate_needs_semantic_validation
gamedata\bool_data_0.xml,1526,Dungeon031,"<DataName type=""string"">Dungeon031_SmallKey09</DataName>",candidate_needs_semantic_validation
gamedata\bool_data_0.xml,1529,Dungeon032,"<DataName type=""string"">Dungeon032_SmallKey00</DataName>",candidate_needs_semantic_validation
gamedata\bool_data_0.xml,1532,Dungeon032,"<DataName type=""string"">Dungeon032_SmallKey01</DataName>",candidate_needs_semantic_validation
gamedata\bool_data_0.xml,1535,Dungeon032,"<DataName type=""string"">Dungeon032_SmallKey02</DataName>",candidate_needs_semantic_validation
gamedata\bool_data_0.xml,1538,Dungeon032,"<DataName type=""string"">Dungeon032_SmallKey03</DataName>",candidate_needs_semantic_validation
gamedata\bool_data_0.xml,1541,Dungeon032,"<DataName type=""string"">Dungeon032_SmallKey04</DataName>",candidate_needs_semantic_validation
gamedata\bool_data_0.xml,1544,Dungeon032,"<DataName type=""string"">Dungeon032_SmallKey05</DataName>",candidate_needs_semantic_validation
gamedata\bool_data_0.xml,1547,Dungeon032,"<DataName type=""string"">Dungeon032_SmallKey06</DataName>",candidate_needs_semantic_validation
gamedata\bool_data_0.xml,1550,Dungeon032,"<DataName type=""string"">Dungeon032_SmallKey07</DataName>",candidate_needs_semantic_validation
gamedata\bool_data_0.xml,1553,Dungeon032,"<DataName type=""string"">Dungeon032_SmallKey08</DataName>",candidate_needs_semantic_validation
gamedata\bool_data_0.xml,1556,Dungeon032,"<DataName type=""string"">Dungeon032_SmallKey09</DataName>",candidate_needs_semantic_validation
gamedata\bool_data_0.xml,1559,Dungeon033,"<DataName type=""string"">Dungeon033_SmallKey00</DataName>",candidate_needs_semantic_validation
gamedata\bool_data_0.xml,1562,Dungeon033,"<DataName type=""string"">Dungeon033_SmallKey01</DataName>",candidate_needs_semantic_validation
gamedata\bool_data_0.xml,1565,Dungeon033,"<DataName type=""string"">Dungeon033_SmallKey02</DataName>",candidate_needs_semantic_validation
gamedata\bool_data_0.xml,1568,Dungeon033,"<DataName type=""string"">Dungeon033_SmallKey03</DataName>",candidate_needs_semantic_validation
gamedata\bool_data_0.xml,1571,Dungeon033,"<DataName type=""string"">Dungeon033_SmallKey04</DataName>",candidate_needs_semantic_validation
gamedata\bool_data_0.xml,1574,Dungeon033,"<DataName type=""string"">Dungeon033_SmallKey05</DataName>",candidate_needs_semantic_validation
gamedata\bool_data_0.xml,1577,Dungeon033,"<DataName type=""string"">Dungeon033_SmallKey06</DataName>",candidate_needs_semantic_validation
gamedata\bool_data_0.xml,1580,Dungeon033,"<DataName type=""string"">Dungeon033_SmallKey07</DataName>",candidate_needs_semantic_validation
gamedata\bool_data_0.xml,1583,Dungeon033,"<DataName type=""string"">Dungeon033_SmallKey08</DataName>",candidate_needs_semantic_validation
gamedata\bool_data_0.xml,1586,Dungeon033,"<DataName type=""string"">Dungeon033_SmallKey09</DataName>",candidate_needs_semantic_validation
gamedata\bool_data_0.xml,1589,Dungeon034,"<DataName type=""string"">Dungeon034_SmallKey00</DataName>",candidate_needs_semantic_validation
gamedata\bool_data_0.xml,1592,Dungeon034,"<DataName type=""string"">Dungeon034_SmallKey01</DataName>",candidate_needs_semantic_validation
gamedata\bool_data_0.xml,1595,Dungeon034,"<DataName type=""string"">Dungeon034_SmallKey02</DataName>",candidate_needs_semantic_validation
gamedata\bool_data_0.xml,1598,Dungeon034,"<DataName type=""string"">Dungeon034_SmallKey03</DataName>",candidate_needs_semantic_validation
gamedata\bool_data_0.xml,1601,Dungeon034,"<DataName type=""string"">Dungeon034_SmallKey04</DataName>",candidate_needs_semantic_validation
gamedata\bool_data_0.xml,1604,Dungeon034,"<DataName type=""string"">Dungeon034_SmallKey05</DataName>",candidate_needs_semantic_validation
gamedata\bool_data_0.xml,1607,Dungeon034,"<DataName type=""string"">Dungeon034_SmallKey06</DataName>",candidate_needs_semantic_validation
gamedata\bool_data_0.xml,1610,Dungeon034,"<DataName type=""string"">Dungeon034_SmallKey07</DataName>",candidate_needs_semantic_validation
gamedata\bool_data_0.xml,1613,Dungeon034,"<DataName type=""string"">Dungeon034_SmallKey08</DataName>",candidate_needs_semantic_validation
gamedata\bool_data_0.xml,1616,Dungeon034,"<DataName type=""string"">Dungeon034_SmallKey09</DataName>",candidate_needs_semantic_validation
gamedata\bool_data_0.xml,1619,Dungeon035,"<DataName type=""string"">Dungeon035_SmallKey00</DataName>",candidate_needs_semantic_validation
gamedata\bool_data_0.xml,1622,Dungeon035,"<DataName type=""string"">Dungeon035_SmallKey01</DataName>",candidate_needs_semantic_validation
gamedata\bool_data_0.xml,1625,Dungeon035,"<DataName type=""string"">Dungeon035_SmallKey02</DataName>",candidate_needs_semantic_validation
gamedata\bool_data_0.xml,1628,Dungeon035,"<DataName type=""string"">Dungeon035_SmallKey03</DataName>",candidate_needs_semantic_validation
gamedata\bool_data_0.xml,1631,Dungeon035,"<DataName type=""string"">Dungeon035_SmallKey04</DataName>",candidate_needs_semantic_validation
gamedata\bool_data_0.xml,1634,Dungeon035,"<DataName type=""string"">Dungeon035_SmallKey05</DataName>",candidate_needs_semantic_validation
gamedata\bool_data_0.xml,1637,Dungeon035,"<DataName type=""string"">Dungeon035_SmallKey06</DataName>",candidate_needs_semantic_validation
gamedata\bool_data_0.xml,1640,Dungeon035,"<DataName type=""string"">Dungeon035_SmallKey07</DataName>",candidate_needs_semantic_validation
gamedata\bool_data_0.xml,1643,Dungeon035,"<DataName type=""string"">Dungeon035_SmallKey08</DataName>",candidate_needs_semantic_validation
gamedata\bool_data_0.xml,1646,Dungeon035,"<DataName type=""string"">Dungeon035_SmallKey09</DataName>",candidate_needs_semantic_validation
gamedata\bool_data_0.xml,1649,Dungeon036,"<DataName type=""string"">Dungeon036_SmallKey00</DataName>",candidate_needs_semantic_validation
gamedata\bool_data_0.xml,1652,Dungeon036,"<DataName type=""string"">Dungeon036_SmallKey01</DataName>",candidate_needs_semantic_validation
gamedata\bool_data_0.xml,1655,Dungeon036,"<DataName type=""string"">Dungeon036_SmallKey02</DataName>",candidate_needs_semantic_validation
gamedata\bool_data_0.xml,1658,Dungeon036,"<DataName type=""string"">Dungeon036_SmallKey03</DataName>",candidate_needs_semantic_validation
gamedata\bool_data_0.xml,1661,Dungeon036,"<DataName type=""string"">Dungeon036_SmallKey04</DataName>",candidate_needs_semantic_validation
gamedata\bool_data_0.xml,1664,Dungeon036,"<DataName type=""string"">Dungeon036_SmallKey05</DataName>",candidate_needs_semantic_validation
gamedata\bool_data_0.xml,1667,Dungeon036,"<DataName type=""string"">Dungeon036_SmallKey06</DataName>",candidate_needs_semantic_validation
gamedata\bool_data_0.xml,1670,Dungeon036,"<DataName type=""string"">Dungeon036_SmallKey07</DataName>",candidate_needs_semantic_validation
gamedata\bool_data_0.xml,1673,Dungeon036,"<DataName type=""string"">Dungeon036_SmallKey08</DataName>",candidate_needs_semantic_validation
gamedata\bool_data_0.xml,1676,Dungeon036,"<DataName type=""string"">Dungeon036_SmallKey09</DataName>",candidate_needs_semantic_validation
gamedata\bool_data_0.xml,1679,Dungeon037,"<DataName type=""string"">Dungeon037_SmallKey00</DataName>",candidate_needs_semantic_validation
gamedata\bool_data_0.xml,1682,Dungeon037,"<DataName type=""string"">Dungeon037_SmallKey01</DataName>",candidate_needs_semantic_validation
gamedata\bool_data_0.xml,1685,Dungeon037,"<DataName type=""string"">Dungeon037_SmallKey02</DataName>",candidate_needs_semantic_validation
gamedata\bool_data_0.xml,1688,Dungeon037,"<DataName type=""string"">Dungeon037_SmallKey03</DataName>",candidate_needs_semantic_validation
gamedata\bool_data_0.xml,1691,Dungeon037,"<DataName type=""string"">Dungeon037_SmallKey04</DataName>",candidate_needs_semantic_validation
gamedata\bool_data_0.xml,1694,Dungeon037,"<DataName type=""string"">Dungeon037_SmallKey05</DataName>",candidate_needs_semantic_validation
gamedata\bool_data_0.xml,1697,Dungeon037,"<DataName type=""string"">Dungeon037_SmallKey06</DataName>",candidate_needs_semantic_validation
gamedata\bool_data_0.xml,1700,Dungeon037,"<DataName type=""string"">Dungeon037_SmallKey07</DataName>",candidate_needs_semantic_validation
gamedata\bool_data_0.xml,1703,Dungeon037,"<DataName type=""string"">Dungeon037_SmallKey08</DataName>",candidate_needs_semantic_validation
gamedata\bool_data_0.xml,1706,Dungeon037,"<DataName type=""string"">Dungeon037_SmallKey09</DataName>",candidate_needs_semantic_validation
gamedata\bool_data_0.xml,1709,Dungeon038,"<DataName type=""string"">Dungeon038_SmallKey00</DataName>",candidate_needs_semantic_validation
gamedata\bool_data_0.xml,1712,Dungeon038,"<DataName type=""string"">Dungeon038_SmallKey01</DataName>",candidate_needs_semantic_validation
gamedata\bool_data_0.xml,1715,Dungeon038,"<DataName type=""string"">Dungeon038_SmallKey02</DataName>",candidate_needs_semantic_validation
gamedata\bool_data_0.xml,1718,Dungeon038,"<DataName type=""string"">Dungeon038_SmallKey03</DataName>",candidate_needs_semantic_validation
gamedata\bool_data_0.xml,1721,Dungeon038,"<DataName type=""string"">Dungeon038_SmallKey04</DataName>",candidate_needs_semantic_validation
gamedata\bool_data_0.xml,1724,Dungeon038,"<DataName type=""string"">Dungeon038_SmallKey05</DataName>",candidate_needs_semantic_validation
gamedata\bool_data_0.xml,1727,Dungeon038,"<DataName type=""string"">Dungeon038_SmallKey06</DataName>",candidate_needs_semantic_validation
gamedata\bool_data_0.xml,1730,Dungeon038,"<DataName type=""string"">Dungeon038_SmallKey07</DataName>",candidate_needs_semantic_validation
gamedata\bool_data_0.xml,1733,Dungeon038,"<DataName type=""string"">Dungeon038_SmallKey08</DataName>",candidate_needs_semantic_validation
gamedata\bool_data_0.xml,1736,Dungeon038,"<DataName type=""string"">Dungeon038_SmallKey09</DataName>",candidate_needs_semantic_validation
gamedata\bool_data_0.xml,1739,Dungeon039,"<DataName type=""string"">Dungeon039_SmallKey00</DataName>",candidate_needs_semantic_validation
gamedata\bool_data_0.xml,1742,Dungeon039,"<DataName type=""string"">Dungeon039_SmallKey01</DataName>",candidate_needs_semantic_validation
gamedata\bool_data_0.xml,1745,Dungeon039,"<DataName type=""string"">Dungeon039_SmallKey02</DataName>",candidate_needs_semantic_validation
gamedata\bool_data_0.xml,1748,Dungeon039,"<DataName type=""string"">Dungeon039_SmallKey03</DataName>",candidate_needs_semantic_validation
gamedata\bool_data_0.xml,1751,Dungeon039,"<DataName type=""string"">Dungeon039_SmallKey04</DataName>",candidate_needs_semantic_validation
gamedata\bool_data_0.xml,1754,Dungeon039,"<DataName type=""string"">Dungeon039_SmallKey05</DataName>",candidate_needs_semantic_validation
gamedata\bool_data_0.xml,1757,Dungeon039,"<DataName type=""string"">Dungeon039_SmallKey06</DataName>",candidate_needs_semantic_validation
gamedata\bool_data_0.xml,1760,Dungeon039,"<DataName type=""string"">Dungeon039_SmallKey07</DataName>",candidate_needs_semantic_validation
gamedata\bool_data_0.xml,1763,Dungeon039,"<DataName type=""string"">Dungeon039_SmallKey08</DataName>",candidate_needs_semantic_validation
gamedata\bool_data_0.xml,1766,Dungeon039,"<DataName type=""string"">Dungeon039_SmallKey09</DataName>",candidate_needs_semantic_validation
gamedata\bool_data_0.xml,1769,Dungeon040,"<DataName type=""string"">Dungeon040_SmallKey00</DataName>",candidate_needs_semantic_validation
gamedata\bool_data_0.xml,1772,Dungeon040,"<DataName type=""string"">Dungeon040_SmallKey01</DataName>",candidate_needs_semantic_validation
gamedata\bool_data_0.xml,1775,Dungeon040,"<DataName type=""string"">Dungeon040_SmallKey02</DataName>",candidate_needs_semantic_validation
gamedata\bool_data_0.xml,1778,Dungeon040,"<DataName type=""string"">Dungeon040_SmallKey03</DataName>",candidate_needs_semantic_validation
gamedata\bool_data_0.xml,1781,Dungeon040,"<DataName type=""string"">Dungeon040_SmallKey04</DataName>",candidate_needs_semantic_validation
gamedata\bool_data_0.xml,1784,Dungeon040,"<DataName type=""string"">Dungeon040_SmallKey05</DataName>",candidate_needs_semantic_validation
gamedata\bool_data_0.xml,1787,Dungeon040,"<DataName type=""string"">Dungeon040_SmallKey06</DataName>",candidate_needs_semantic_validation
gamedata\bool_data_0.xml,1790,Dungeon040,"<DataName type=""string"">Dungeon040_SmallKey07</DataName>",candidate_needs_semantic_validation
gamedata\bool_data_0.xml,1793,Dungeon040,"<DataName type=""string"">Dungeon040_SmallKey08</DataName>",candidate_needs_semantic_validation
gamedata\bool_data_0.xml,1796,Dungeon040,"<DataName type=""string"">Dungeon040_SmallKey09</DataName>",candidate_needs_semantic_validation
gamedata\bool_data_0.xml,1799,Dungeon041,"<DataName type=""string"">Dungeon041_SmallKey00</DataName>",candidate_needs_semantic_validation
gamedata\bool_data_0.xml,1802,Dungeon041,"<DataName type=""string"">Dungeon041_SmallKey01</DataName>",candidate_needs_semantic_validation
gamedata\bool_data_0.xml,1805,Dungeon041,"<DataName type=""string"">Dungeon041_SmallKey02</DataName>",candidate_needs_semantic_validation
gamedata\bool_data_0.xml,1808,Dungeon041,"<DataName type=""string"">Dungeon041_SmallKey03</DataName>",candidate_needs_semantic_validation
gamedata\bool_data_0.xml,1811,Dungeon041,"<DataName type=""string"">Dungeon041_SmallKey04</DataName>",candidate_needs_semantic_validation
gamedata\bool_data_0.xml,1814,Dungeon041,"<DataName type=""string"">Dungeon041_SmallKey05</DataName>",candidate_needs_semantic_validation
gamedata\bool_data_0.xml,1817,Dungeon041,"<DataName type=""string"">Dungeon041_SmallKey06</DataName>",candidate_needs_semantic_validation
gamedata\bool_data_0.xml,1820,Dungeon041,"<DataName type=""string"">Dungeon041_SmallKey07</DataName>",candidate_needs_semantic_validation
gamedata\bool_data_0.xml,1823,Dungeon041,"<DataName type=""string"">Dungeon041_SmallKey08</DataName>",candidate_needs_semantic_validation
gamedata\bool_data_0.xml,1826,Dungeon041,"<DataName type=""string"">Dungeon041_SmallKey09</DataName>",candidate_needs_semantic_validation
gamedata\bool_data_0.xml,1829,Dungeon042,"<DataName type=""string"">Dungeon042_SmallKey00</DataName>",candidate_needs_semantic_validation
gamedata\bool_data_0.xml,1832,Dungeon042,"<DataName type=""string"">Dungeon042_SmallKey01</DataName>",candidate_needs_semantic_validation
gamedata\bool_data_0.xml,1835,Dungeon042,"<DataName type=""string"">Dungeon042_SmallKey02</DataName>",candidate_needs_semantic_validation
gamedata\bool_data_0.xml,1838,Dungeon042,"<DataName type=""string"">Dungeon042_SmallKey03</DataName>",candidate_needs_semantic_validation
gamedata\bool_data_0.xml,1841,Dungeon042,"<DataName type=""string"">Dungeon042_SmallKey04</DataName>",candidate_needs_semantic_validation
gamedata\bool_data_0.xml,1844,Dungeon042,"<DataName type=""string"">Dungeon042_SmallKey05</DataName>",candidate_needs_semantic_validation
gamedata\bool_data_0.xml,1847,Dungeon042,"<DataName type=""string"">Dungeon042_SmallKey06</DataName>",candidate_needs_semantic_validation
gamedata\bool_data_0.xml,1850,Dungeon042,"<DataName type=""string"">Dungeon042_SmallKey07</DataName>",candidate_needs_semantic_validation
gamedata\bool_data_0.xml,1853,Dungeon042,"<DataName type=""string"">Dungeon042_SmallKey08</DataName>",candidate_needs_semantic_validation
gamedata\bool_data_0.xml,1856,Dungeon042,"<DataName type=""string"">Dungeon042_SmallKey09</DataName>",candidate_needs_semantic_validation
gamedata\bool_data_0.xml,1859,Dungeon043,"<DataName type=""string"">Dungeon043_SmallKey00</DataName>",candidate_needs_semantic_validation
gamedata\bool_data_0.xml,1862,Dungeon043,"<DataName type=""string"">Dungeon043_SmallKey01</DataName>",candidate_needs_semantic_validation
gamedata\bool_data_0.xml,1865,Dungeon043,"<DataName type=""string"">Dungeon043_SmallKey02</DataName>",candidate_needs_semantic_validation
gamedata\bool_data_0.xml,1868,Dungeon043,"<DataName type=""string"">Dungeon043_SmallKey03</DataName>",candidate_needs_semantic_validation
gamedata\bool_data_0.xml,1871,Dungeon043,"<DataName type=""string"">Dungeon043_SmallKey04</DataName>",candidate_needs_semantic_validation
gamedata\bool_data_0.xml,1874,Dungeon043,"<DataName type=""string"">Dungeon043_SmallKey05</DataName>",candidate_needs_semantic_validation
gamedata\bool_data_0.xml,1877,Dungeon043,"<DataName type=""string"">Dungeon043_SmallKey06</DataName>",candidate_needs_semantic_validation
gamedata\bool_data_0.xml,1880,Dungeon043,"<DataName type=""string"">Dungeon043_SmallKey07</DataName>",candidate_needs_semantic_validation
gamedata\bool_data_0.xml,1883,Dungeon043,"<DataName type=""string"">Dungeon043_SmallKey08</DataName>",candidate_needs_semantic_validation
gamedata\bool_data_0.xml,1886,Dungeon043,"<DataName type=""string"">Dungeon043_SmallKey09</DataName>",candidate_needs_semantic_validation
gamedata\bool_data_0.xml,1889,Dungeon044,"<DataName type=""string"">Dungeon044_SmallKey00</DataName>",candidate_needs_semantic_validation
gamedata\bool_data_0.xml,1892,Dungeon044,"<DataName type=""string"">Dungeon044_SmallKey01</DataName>",candidate_needs_semantic_validation
gamedata\bool_data_0.xml,1895,Dungeon044,"<DataName type=""string"">Dungeon044_SmallKey02</DataName>",candidate_needs_semantic_validation
gamedata\bool_data_0.xml,1898,Dungeon044,"<DataName type=""string"">Dungeon044_SmallKey03</DataName>",candidate_needs_semantic_validation
gamedata\bool_data_0.xml,1901,Dungeon044,"<DataName type=""string"">Dungeon044_SmallKey04</DataName>",candidate_needs_semantic_validation
gamedata\bool_data_0.xml,1904,Dungeon044,"<DataName type=""string"">Dungeon044_SmallKey05</DataName>",candidate_needs_semantic_validation
gamedata\bool_data_0.xml,1907,Dungeon044,"<DataName type=""string"">Dungeon044_SmallKey06</DataName>",candidate_needs_semantic_validation
gamedata\bool_data_0.xml,1910,Dungeon044,"<DataName type=""string"">Dungeon044_SmallKey07</DataName>",candidate_needs_semantic_validation
gamedata\bool_data_0.xml,1913,Dungeon044,"<DataName type=""string"">Dungeon044_SmallKey08</DataName>",candidate_needs_semantic_validation
gamedata\bool_data_0.xml,1916,Dungeon044,"<DataName type=""string"">Dungeon044_SmallKey09</DataName>",candidate_needs_semantic_validation
gamedata\bool_data_0.xml,1919,Dungeon045,"<DataName type=""string"">Dungeon045_SmallKey00</DataName>",candidate_needs_semantic_validation
gamedata\bool_data_0.xml,1922,Dungeon045,"<DataName type=""string"">Dungeon045_SmallKey01</DataName>",candidate_needs_semantic_validation
gamedata\bool_data_0.xml,1925,Dungeon045,"<DataName type=""string"">Dungeon045_SmallKey02</DataName>",candidate_needs_semantic_validation
gamedata\bool_data_0.xml,1928,Dungeon045,"<DataName type=""string"">Dungeon045_SmallKey03</DataName>",candidate_needs_semantic_validation
gamedata\bool_data_0.xml,1931,Dungeon045,"<DataName type=""string"">Dungeon045_SmallKey04</DataName>",candidate_needs_semantic_validation
gamedata\bool_data_0.xml,1934,Dungeon045,"<DataName type=""string"">Dungeon045_SmallKey05</DataName>",candidate_needs_semantic_validation
gamedata\bool_data_0.xml,1937,Dungeon045,"<DataName type=""string"">Dungeon045_SmallKey06</DataName>",candidate_needs_semantic_validation
gamedata\bool_data_0.xml,1940,Dungeon045,"<DataName type=""string"">Dungeon045_SmallKey07</DataName>",candidate_needs_semantic_validation
gamedata\bool_data_0.xml,1943,Dungeon045,"<DataName type=""string"">Dungeon045_SmallKey08</DataName>",candidate_needs_semantic_validation
gamedata\bool_data_0.xml,1946,Dungeon045,"<DataName type=""string"">Dungeon045_SmallKey09</DataName>",candidate_needs_semantic_validation
gamedata\bool_data_0.xml,1949,Dungeon046,"<DataName type=""string"">Dungeon046_SmallKey00</DataName>",candidate_needs_semantic_validation
gamedata\bool_data_0.xml,1952,Dungeon046,"<DataName type=""string"">Dungeon046_SmallKey01</DataName>",candidate_needs_semantic_validation
gamedata\bool_data_0.xml,1955,Dungeon046,"<DataName type=""string"">Dungeon046_SmallKey02</DataName>",candidate_needs_semantic_validation
gamedata\bool_data_0.xml,1958,Dungeon046,"<DataName type=""string"">Dungeon046_SmallKey03</DataName>",candidate_needs_semantic_validation
gamedata\bool_data_0.xml,1961,Dungeon046,"<DataName type=""string"">Dungeon046_SmallKey04</DataName>",candidate_needs_semantic_validation
gamedata\bool_data_0.xml,1964,Dungeon046,"<DataName type=""string"">Dungeon046_SmallKey05</DataName>",candidate_needs_semantic_validation
gamedata\bool_data_0.xml,1967,Dungeon046,"<DataName type=""string"">Dungeon046_SmallKey06</DataName>",candidate_needs_semantic_validation
gamedata\bool_data_0.xml,1970,Dungeon046,"<DataName type=""string"">Dungeon046_SmallKey07</DataName>",candidate_needs_semantic_validation
gamedata\bool_data_0.xml,1973,Dungeon046,"<DataName type=""string"">Dungeon046_SmallKey08</DataName>",candidate_needs_semantic_validation
gamedata\bool_data_0.xml,1976,Dungeon046,"<DataName type=""string"">Dungeon046_SmallKey09</DataName>",candidate_needs_semantic_validation
gamedata\bool_data_0.xml,1979,Dungeon047,"<DataName type=""string"">Dungeon047_SmallKey00</DataName>",candidate_needs_semantic_validation
gamedata\bool_data_0.xml,1982,Dungeon047,"<DataName type=""string"">Dungeon047_SmallKey01</DataName>",candidate_needs_semantic_validation
gamedata\bool_data_0.xml,1985,Dungeon047,"<DataName type=""string"">Dungeon047_SmallKey02</DataName>",candidate_needs_semantic_validation
gamedata\bool_data_0.xml,1988,Dungeon047,"<DataName type=""string"">Dungeon047_SmallKey03</DataName>",candidate_needs_semantic_validation
gamedata\bool_data_0.xml,1991,Dungeon047,"<DataName type=""string"">Dungeon047_SmallKey04</DataName>",candidate_needs_semantic_validation
gamedata\bool_data_0.xml,1994,Dungeon047,"<DataName type=""string"">Dungeon047_SmallKey05</DataName>",candidate_needs_semantic_validation
gamedata\bool_data_0.xml,1997,Dungeon047,"<DataName type=""string"">Dungeon047_SmallKey06</DataName>",candidate_needs_semantic_validation
gamedata\bool_data_0.xml,2000,Dungeon047,"<DataName type=""string"">Dungeon047_SmallKey07</DataName>",candidate_needs_semantic_validation
gamedata\bool_data_0.xml,2003,Dungeon047,"<DataName type=""string"">Dungeon047_SmallKey08</DataName>",candidate_needs_semantic_validation
gamedata\bool_data_0.xml,2006,Dungeon047,"<DataName type=""string"">Dungeon047_SmallKey09</DataName>",candidate_needs_semantic_validation
gamedata\bool_data_0.xml,2009,Dungeon048,"<DataName type=""string"">Dungeon048_SmallKey00</DataName>",candidate_needs_semantic_validation
gamedata\bool_data_0.xml,2012,Dungeon048,"<DataName type=""string"">Dungeon048_SmallKey01</DataName>",candidate_needs_semantic_validation
gamedata\bool_data_0.xml,2015,Dungeon048,"<DataName type=""string"">Dungeon048_SmallKey02</DataName>",candidate_needs_semantic_validation
gamedata\bool_data_0.xml,2018,Dungeon048,"<DataName type=""string"">Dungeon048_SmallKey03</DataName>",candidate_needs_semantic_validation
gamedata\bool_data_0.xml,2021,Dungeon048,"<DataName type=""string"">Dungeon048_SmallKey04</DataName>",candidate_needs_semantic_validation
gamedata\bool_data_0.xml,2024,Dungeon048,"<DataName type=""string"">Dungeon048_SmallKey05</DataName>",candidate_needs_semantic_validation
gamedata\bool_data_0.xml,2027,Dungeon048,"<DataName type=""string"">Dungeon048_SmallKey06</DataName>",candidate_needs_semantic_validation
gamedata\bool_data_0.xml,2030,Dungeon048,"<DataName type=""string"">Dungeon048_SmallKey07</DataName>",candidate_needs_semantic_validation
gamedata\bool_data_0.xml,2033,Dungeon048,"<DataName type=""string"">Dungeon048_SmallKey08</DataName>",candidate_needs_semantic_validation
gamedata\bool_data_0.xml,2036,Dungeon048,"<DataName type=""string"">Dungeon048_SmallKey09</DataName>",candidate_needs_semantic_validation
gamedata\bool_data_0.xml,2039,Dungeon049,"<DataName type=""string"">Dungeon049_SmallKey00</DataName>",candidate_needs_semantic_validation
gamedata\bool_data_0.xml,2042,Dungeon049,"<DataName type=""string"">Dungeon049_SmallKey01</DataName>",candidate_needs_semantic_validation
gamedata\bool_data_0.xml,2045,Dungeon049,"<DataName type=""string"">Dungeon049_SmallKey02</DataName>",candidate_needs_semantic_validation
gamedata\bool_data_0.xml,2048,Dungeon049,"<DataName type=""string"">Dungeon049_SmallKey03</DataName>",candidate_needs_semantic_validation
gamedata\bool_data_0.xml,2051,Dungeon049,"<DataName type=""string"">Dungeon049_SmallKey04</DataName>",candidate_needs_semantic_validation
gamedata\bool_data_0.xml,2054,Dungeon049,"<DataName type=""string"">Dungeon049_SmallKey05</DataName>",candidate_needs_semantic_validation
gamedata\bool_data_0.xml,2057,Dungeon049,"<DataName type=""string"">Dungeon049_SmallKey06</DataName>",candidate_needs_semantic_validation
gamedata\bool_data_0.xml,2060,Dungeon049,"<DataName type=""string"">Dungeon049_SmallKey07</DataName>",candidate_needs_semantic_validation
gamedata\bool_data_0.xml,2063,Dungeon049,"<DataName type=""string"">Dungeon049_SmallKey08</DataName>",candidate_needs_semantic_validation
gamedata\bool_data_0.xml,2066,Dungeon049,"<DataName type=""string"">Dungeon049_SmallKey09</DataName>",candidate_needs_semantic_validation
gamedata\bool_data_0.xml,2069,Dungeon050,"<DataName type=""string"">Dungeon050_SmallKey00</DataName>",candidate_needs_semantic_validation
gamedata\bool_data_0.xml,2072,Dungeon050,"<DataName type=""string"">Dungeon050_SmallKey01</DataName>",candidate_needs_semantic_validation
gamedata\bool_data_0.xml,2075,Dungeon050,"<DataName type=""string"">Dungeon050_SmallKey02</DataName>",candidate_needs_semantic_validation
gamedata\bool_data_0.xml,2078,Dungeon050,"<DataName type=""string"">Dungeon050_SmallKey03</DataName>",candidate_needs_semantic_validation
gamedata\bool_data_0.xml,2081,Dungeon050,"<DataName type=""string"">Dungeon050_SmallKey04</DataName>",candidate_needs_semantic_validation
gamedata\bool_data_0.xml,2084,Dungeon050,"<DataName type=""string"">Dungeon050_SmallKey05</DataName>",candidate_needs_semantic_validation
gamedata\bool_data_0.xml,2087,Dungeon050,"<DataName type=""string"">Dungeon050_SmallKey06</DataName>",candidate_needs_semantic_validation
gamedata\bool_data_0.xml,2090,Dungeon050,"<DataName type=""string"">Dungeon050_SmallKey07</DataName>",candidate_needs_semantic_validation
gamedata\bool_data_0.xml,2093,Dungeon050,"<DataName type=""string"">Dungeon050_SmallKey08</DataName>",candidate_needs_semantic_validation
gamedata\bool_data_0.xml,2096,Dungeon050,"<DataName type=""string"">Dungeon050_SmallKey09</DataName>",candidate_needs_semantic_validation
gamedata\bool_data_0.xml,2099,Dungeon051,"<DataName type=""string"">Dungeon051_SmallKey00</DataName>",candidate_needs_semantic_validation
gamedata\bool_data_0.xml,2102,Dungeon051,"<DataName type=""string"">Dungeon051_SmallKey01</DataName>",candidate_needs_semantic_validation
gamedata\bool_data_0.xml,2105,Dungeon051,"<DataName type=""string"">Dungeon051_SmallKey02</DataName>",candidate_needs_semantic_validation
gamedata\bool_data_0.xml,2108,Dungeon051,"<DataName type=""string"">Dungeon051_SmallKey03</DataName>",candidate_needs_semantic_validation
gamedata\bool_data_0.xml,2111,Dungeon051,"<DataName type=""string"">Dungeon051_SmallKey04</DataName>",candidate_needs_semantic_validation
gamedata\bool_data_0.xml,2114,Dungeon051,"<DataName type=""string"">Dungeon051_SmallKey05</DataName>",candidate_needs_semantic_validation
gamedata\bool_data_0.xml,2117,Dungeon051,"<DataName type=""string"">Dungeon051_SmallKey06</DataName>",candidate_needs_semantic_validation
gamedata\bool_data_0.xml,2120,Dungeon051,"<DataName type=""string"">Dungeon051_SmallKey07</DataName>",candidate_needs_semantic_validation
gamedata\bool_data_0.xml,2123,Dungeon051,"<DataName type=""string"">Dungeon051_SmallKey08</DataName>",candidate_needs_semantic_validation
gamedata\bool_data_0.xml,2126,Dungeon051,"<DataName type=""string"">Dungeon051_SmallKey09</DataName>",candidate_needs_semantic_validation
gamedata\bool_data_0.xml,2129,Dungeon052,"<DataName type=""string"">Dungeon052_SmallKey00</DataName>",candidate_needs_semantic_validation
gamedata\bool_data_0.xml,2132,Dungeon052,"<DataName type=""string"">Dungeon052_SmallKey01</DataName>",candidate_needs_semantic_validation
gamedata\bool_data_0.xml,2135,Dungeon052,"<DataName type=""string"">Dungeon052_SmallKey02</DataName>",candidate_needs_semantic_validation
gamedata\bool_data_0.xml,2138,Dungeon052,"<DataName type=""string"">Dungeon052_SmallKey03</DataName>",candidate_needs_semantic_validation
gamedata\bool_data_0.xml,2141,Dungeon052,"<DataName type=""string"">Dungeon052_SmallKey04</DataName>",candidate_needs_semantic_validation
gamedata\bool_data_0.xml,2144,Dungeon052,"<DataName type=""string"">Dungeon052_SmallKey05</DataName>",candidate_needs_semantic_validation
gamedata\bool_data_0.xml,2147,Dungeon052,"<DataName type=""string"">Dungeon052_SmallKey06</DataName>",candidate_needs_semantic_validation
gamedata\bool_data_0.xml,2150,Dungeon052,"<DataName type=""string"">Dungeon052_SmallKey07</DataName>",candidate_needs_semantic_validation
gamedata\bool_data_0.xml,2153,Dungeon052,"<DataName type=""string"">Dungeon052_SmallKey08</DataName>",candidate_needs_semantic_validation
gamedata\bool_data_0.xml,2156,Dungeon052,"<DataName type=""string"">Dungeon052_SmallKey09</DataName>",candidate_needs_semantic_validation
gamedata\bool_data_0.xml,2159,Dungeon053,"<DataName type=""string"">Dungeon053_SmallKey00</DataName>",candidate_needs_semantic_validation
gamedata\bool_data_0.xml,2162,Dungeon053,"<DataName type=""string"">Dungeon053_SmallKey01</DataName>",candidate_needs_semantic_validation
gamedata\bool_data_0.xml,2165,Dungeon053,"<DataName type=""string"">Dungeon053_SmallKey02</DataName>",candidate_needs_semantic_validation
gamedata\bool_data_0.xml,2168,Dungeon053,"<DataName type=""string"">Dungeon053_SmallKey03</DataName>",candidate_needs_semantic_validation
gamedata\bool_data_0.xml,2171,Dungeon053,"<DataName type=""string"">Dungeon053_SmallKey04</DataName>",candidate_needs_semantic_validation
gamedata\bool_data_0.xml,2174,Dungeon053,"<DataName type=""string"">Dungeon053_SmallKey05</DataName>",candidate_needs_semantic_validation
gamedata\bool_data_0.xml,2177,Dungeon053,"<DataName type=""string"">Dungeon053_SmallKey06</DataName>",candidate_needs_semantic_validation
gamedata\bool_data_0.xml,2180,Dungeon053,"<DataName type=""string"">Dungeon053_SmallKey07</DataName>",candidate_needs_semantic_validation
gamedata\bool_data_0.xml,2183,Dungeon053,"<DataName type=""string"">Dungeon053_SmallKey08</DataName>",candidate_needs_semantic_validation
gamedata\bool_data_0.xml,2186,Dungeon053,"<DataName type=""string"">Dungeon053_SmallKey09</DataName>",candidate_needs_semantic_validation
gamedata\bool_data_0.xml,2189,Dungeon054,"<DataName type=""string"">Dungeon054_SmallKey00</DataName>",candidate_needs_semantic_validation
gamedata\bool_data_0.xml,2192,Dungeon054,"<DataName type=""string"">Dungeon054_SmallKey01</DataName>",candidate_needs_semantic_validation
gamedata\bool_data_0.xml,2195,Dungeon054,"<DataName type=""string"">Dungeon054_SmallKey02</DataName>",candidate_needs_semantic_validation
gamedata\bool_data_0.xml,2198,Dungeon054,"<DataName type=""string"">Dungeon054_SmallKey03</DataName>",candidate_needs_semantic_validation
gamedata\bool_data_0.xml,2201,Dungeon054,"<DataName type=""string"">Dungeon054_SmallKey04</DataName>",candidate_needs_semantic_validation
gamedata\bool_data_0.xml,2204,Dungeon054,"<DataName type=""string"">Dungeon054_SmallKey05</DataName>",candidate_needs_semantic_validation
gamedata\bool_data_0.xml,2207,Dungeon054,"<DataName type=""string"">Dungeon054_SmallKey06</DataName>",candidate_needs_semantic_validation
gamedata\bool_data_0.xml,2210,Dungeon054,"<DataName type=""string"">Dungeon054_SmallKey07</DataName>",candidate_needs_semantic_validation
gamedata\bool_data_0.xml,2213,Dungeon054,"<DataName type=""string"">Dungeon054_SmallKey08</DataName>",candidate_needs_semantic_validation
gamedata\bool_data_0.xml,2216,Dungeon054,"<DataName type=""string"">Dungeon054_SmallKey09</DataName>",candidate_needs_semantic_validation
gamedata\bool_data_0.xml,2219,Dungeon055,"<DataName type=""string"">Dungeon055_SmallKey00</DataName>",candidate_needs_semantic_validation
gamedata\bool_data_0.xml,2222,Dungeon055,"<DataName type=""string"">Dungeon055_SmallKey01</DataName>",candidate_needs_semantic_validation
gamedata\bool_data_0.xml,2225,Dungeon055,"<DataName type=""string"">Dungeon055_SmallKey02</DataName>",candidate_needs_semantic_validation
gamedata\bool_data_0.xml,2228,Dungeon055,"<DataName type=""string"">Dungeon055_SmallKey03</DataName>",candidate_needs_semantic_validation
gamedata\bool_data_0.xml,2231,Dungeon055,"<DataName type=""string"">Dungeon055_SmallKey04</DataName>",candidate_needs_semantic_validation
gamedata\bool_data_0.xml,2234,Dungeon055,"<DataName type=""string"">Dungeon055_SmallKey05</DataName>",candidate_needs_semantic_validation
gamedata\bool_data_0.xml,2237,Dungeon055,"<DataName type=""string"">Dungeon055_SmallKey06</DataName>",candidate_needs_semantic_validation
gamedata\bool_data_0.xml,2240,Dungeon055,"<DataName type=""string"">Dungeon055_SmallKey07</DataName>",candidate_needs_semantic_validation
gamedata\bool_data_0.xml,2243,Dungeon055,"<DataName type=""string"">Dungeon055_SmallKey08</DataName>",candidate_needs_semantic_validation
gamedata\bool_data_0.xml,2246,Dungeon055,"<DataName type=""string"">Dungeon055_SmallKey09</DataName>",candidate_needs_semantic_validation
gamedata\bool_data_0.xml,2249,Dungeon056,"<DataName type=""string"">Dungeon056_SmallKey00</DataName>",candidate_needs_semantic_validation
gamedata\bool_data_0.xml,2252,Dungeon056,"<DataName type=""string"">Dungeon056_SmallKey01</DataName>",candidate_needs_semantic_validation
gamedata\bool_data_0.xml,2255,Dungeon056,"<DataName type=""string"">Dungeon056_SmallKey02</DataName>",candidate_needs_semantic_validation
gamedata\bool_data_0.xml,2258,Dungeon056,"<DataName type=""string"">Dungeon056_SmallKey03</DataName>",candidate_needs_semantic_validation
gamedata\bool_data_0.xml,2261,Dungeon056,"<DataName type=""string"">Dungeon056_SmallKey04</DataName>",candidate_needs_semantic_validation
gamedata\bool_data_0.xml,2264,Dungeon056,"<DataName type=""string"">Dungeon056_SmallKey05</DataName>",candidate_needs_semantic_validation
gamedata\bool_data_0.xml,2267,Dungeon056,"<DataName type=""string"">Dungeon056_SmallKey06</DataName>",candidate_needs_semantic_validation
gamedata\bool_data_0.xml,2270,Dungeon056,"<DataName type=""string"">Dungeon056_SmallKey07</DataName>",candidate_needs_semantic_validation
gamedata\bool_data_0.xml,2273,Dungeon056,"<DataName type=""string"">Dungeon056_SmallKey08</DataName>",candidate_needs_semantic_validation
gamedata\bool_data_0.xml,2276,Dungeon056,"<DataName type=""string"">Dungeon056_SmallKey09</DataName>",candidate_needs_semantic_validation
gamedata\bool_data_0.xml,2279,Dungeon057,"<DataName type=""string"">Dungeon057_SmallKey00</DataName>",candidate_needs_semantic_validation
gamedata\bool_data_0.xml,2282,Dungeon057,"<DataName type=""string"">Dungeon057_SmallKey01</DataName>",candidate_needs_semantic_validation
gamedata\bool_data_0.xml,2285,Dungeon057,"<DataName type=""string"">Dungeon057_SmallKey02</DataName>",candidate_needs_semantic_validation
gamedata\bool_data_0.xml,2288,Dungeon057,"<DataName type=""string"">Dungeon057_SmallKey03</DataName>",candidate_needs_semantic_validation
gamedata\bool_data_0.xml,2291,Dungeon057,"<DataName type=""string"">Dungeon057_SmallKey04</DataName>",candidate_needs_semantic_validation
gamedata\bool_data_0.xml,2294,Dungeon057,"<DataName type=""string"">Dungeon057_SmallKey05</DataName>",candidate_needs_semantic_validation
gamedata\bool_data_0.xml,2297,Dungeon057,"<DataName type=""string"">Dungeon057_SmallKey06</DataName>",candidate_needs_semantic_validation
gamedata\bool_data_0.xml,2300,Dungeon057,"<DataName type=""string"">Dungeon057_SmallKey07</DataName>",candidate_needs_semantic_validation
gamedata\bool_data_0.xml,2303,Dungeon057,"<DataName type=""string"">Dungeon057_SmallKey08</DataName>",candidate_needs_semantic_validation
gamedata\bool_data_0.xml,2306,Dungeon057,"<DataName type=""string"">Dungeon057_SmallKey09</DataName>",candidate_needs_semantic_validation
gamedata\bool_data_0.xml,2309,Dungeon058,"<DataName type=""string"">Dungeon058_SmallKey00</DataName>",candidate_needs_semantic_validation
gamedata\bool_data_0.xml,2312,Dungeon058,"<DataName type=""string"">Dungeon058_SmallKey01</DataName>",candidate_needs_semantic_validation
gamedata\bool_data_0.xml,2315,Dungeon058,"<DataName type=""string"">Dungeon058_SmallKey02</DataName>",candidate_needs_semantic_validation
gamedata\bool_data_0.xml,2318,Dungeon058,"<DataName type=""string"">Dungeon058_SmallKey03</DataName>",candidate_needs_semantic_validation
gamedata\bool_data_0.xml,2321,Dungeon058,"<DataName type=""string"">Dungeon058_SmallKey04</DataName>",candidate_needs_semantic_validation
gamedata\bool_data_0.xml,2324,Dungeon058,"<DataName type=""string"">Dungeon058_SmallKey05</DataName>",candidate_needs_semantic_validation
gamedata\bool_data_0.xml,2327,Dungeon058,"<DataName type=""string"">Dungeon058_SmallKey06</DataName>",candidate_needs_semantic_validation
gamedata\bool_data_0.xml,2330,Dungeon058,"<DataName type=""string"">Dungeon058_SmallKey07</DataName>",candidate_needs_semantic_validation
gamedata\bool_data_0.xml,2333,Dungeon058,"<DataName type=""string"">Dungeon058_SmallKey08</DataName>",candidate_needs_semantic_validation
gamedata\bool_data_0.xml,2336,Dungeon058,"<DataName type=""string"">Dungeon058_SmallKey09</DataName>",candidate_needs_semantic_validation
gamedata\bool_data_0.xml,2339,Dungeon059,"<DataName type=""string"">Dungeon059_SmallKey00</DataName>",candidate_needs_semantic_validation
gamedata\bool_data_0.xml,2342,Dungeon059,"<DataName type=""string"">Dungeon059_SmallKey01</DataName>",candidate_needs_semantic_validation
gamedata\bool_data_0.xml,2345,Dungeon059,"<DataName type=""string"">Dungeon059_SmallKey02</DataName>",candidate_needs_semantic_validation
gamedata\bool_data_0.xml,2348,Dungeon059,"<DataName type=""string"">Dungeon059_SmallKey03</DataName>",candidate_needs_semantic_validation
gamedata\bool_data_0.xml,2351,Dungeon059,"<DataName type=""string"">Dungeon059_SmallKey04</DataName>",candidate_needs_semantic_validation
gamedata\bool_data_0.xml,2354,Dungeon059,"<DataName type=""string"">Dungeon059_SmallKey05</DataName>",candidate_needs_semantic_validation
gamedata\bool_data_0.xml,2357,Dungeon059,"<DataName type=""string"">Dungeon059_SmallKey06</DataName>",candidate_needs_semantic_validation
gamedata\bool_data_0.xml,2360,Dungeon059,"<DataName type=""string"">Dungeon059_SmallKey07</DataName>",candidate_needs_semantic_validation
gamedata\bool_data_0.xml,2363,Dungeon059,"<DataName type=""string"">Dungeon059_SmallKey08</DataName>",candidate_needs_semantic_validation
gamedata\bool_data_0.xml,2366,Dungeon059,"<DataName type=""string"">Dungeon059_SmallKey09</DataName>",candidate_needs_semantic_validation
gamedata\bool_data_0.xml,2369,Dungeon060,"<DataName type=""string"">Dungeon060_SmallKey00</DataName>",candidate_needs_semantic_validation
gamedata\bool_data_0.xml,2372,Dungeon060,"<DataName type=""string"">Dungeon060_SmallKey01</DataName>",candidate_needs_semantic_validation
gamedata\bool_data_0.xml,2375,Dungeon060,"<DataName type=""string"">Dungeon060_SmallKey02</DataName>",candidate_needs_semantic_validation
gamedata\bool_data_0.xml,2378,Dungeon060,"<DataName type=""string"">Dungeon060_SmallKey03</DataName>",candidate_needs_semantic_validation
gamedata\bool_data_0.xml,2381,Dungeon060,"<DataName type=""string"">Dungeon060_SmallKey04</DataName>",candidate_needs_semantic_validation
gamedata\bool_data_0.xml,2384,Dungeon060,"<DataName type=""string"">Dungeon060_SmallKey05</DataName>",candidate_needs_semantic_validation
gamedata\bool_data_0.xml,2387,Dungeon060,"<DataName type=""string"">Dungeon060_SmallKey06</DataName>",candidate_needs_semantic_validation
gamedata\bool_data_0.xml,2390,Dungeon060,"<DataName type=""string"">Dungeon060_SmallKey07</DataName>",candidate_needs_semantic_validation
gamedata\bool_data_0.xml,2393,Dungeon060,"<DataName type=""string"">Dungeon060_SmallKey08</DataName>",candidate_needs_semantic_validation
gamedata\bool_data_0.xml,2396,Dungeon060,"<DataName type=""string"">Dungeon060_SmallKey09</DataName>",candidate_needs_semantic_validation
gamedata\bool_data_0.xml,2399,Dungeon061,"<DataName type=""string"">Dungeon061_SmallKey00</DataName>",candidate_needs_semantic_validation
gamedata\bool_data_0.xml,2402,Dungeon061,"<DataName type=""string"">Dungeon061_SmallKey01</DataName>",candidate_needs_semantic_validation
gamedata\bool_data_0.xml,2405,Dungeon061,"<DataName type=""string"">Dungeon061_SmallKey02</DataName>",candidate_needs_semantic_validation
gamedata\bool_data_0.xml,2408,Dungeon061,"<DataName type=""string"">Dungeon061_SmallKey03</DataName>",candidate_needs_semantic_validation
gamedata\bool_data_0.xml,2411,Dungeon061,"<DataName type=""string"">Dungeon061_SmallKey04</DataName>",candidate_needs_semantic_validation
gamedata\bool_data_0.xml,2414,Dungeon061,"<DataName type=""string"">Dungeon061_SmallKey05</DataName>",candidate_needs_semantic_validation
gamedata\bool_data_0.xml,2417,Dungeon061,"<DataName type=""string"">Dungeon061_SmallKey06</DataName>",candidate_needs_semantic_validation
gamedata\bool_data_0.xml,2420,Dungeon061,"<DataName type=""string"">Dungeon061_SmallKey07</DataName>",candidate_needs_semantic_validation
gamedata\bool_data_0.xml,2423,Dungeon061,"<DataName type=""string"">Dungeon061_SmallKey08</DataName>",candidate_needs_semantic_validation
gamedata\bool_data_0.xml,2426,Dungeon061,"<DataName type=""string"">Dungeon061_SmallKey09</DataName>",candidate_needs_semantic_validation
gamedata\bool_data_0.xml,2429,Dungeon062,"<DataName type=""string"">Dungeon062_SmallKey00</DataName>",candidate_needs_semantic_validation
gamedata\bool_data_0.xml,2432,Dungeon062,"<DataName type=""string"">Dungeon062_SmallKey01</DataName>",candidate_needs_semantic_validation
gamedata\bool_data_0.xml,2435,Dungeon062,"<DataName type=""string"">Dungeon062_SmallKey02</DataName>",candidate_needs_semantic_validation
gamedata\bool_data_0.xml,2438,Dungeon062,"<DataName type=""string"">Dungeon062_SmallKey03</DataName>",candidate_needs_semantic_validation
gamedata\bool_data_0.xml,2441,Dungeon062,"<DataName type=""string"">Dungeon062_SmallKey04</DataName>",candidate_needs_semantic_validation
gamedata\bool_data_0.xml,2444,Dungeon062,"<DataName type=""string"">Dungeon062_SmallKey05</DataName>",candidate_needs_semantic_validation
gamedata\bool_data_0.xml,2447,Dungeon062,"<DataName type=""string"">Dungeon062_SmallKey06</DataName>",candidate_needs_semantic_validation
gamedata\bool_data_0.xml,2450,Dungeon062,"<DataName type=""string"">Dungeon062_SmallKey07</DataName>",candidate_needs_semantic_validation
gamedata\bool_data_0.xml,2453,Dungeon062,"<DataName type=""string"">Dungeon062_SmallKey08</DataName>",candidate_needs_semantic_validation
gamedata\bool_data_0.xml,2456,Dungeon062,"<DataName type=""string"">Dungeon062_SmallKey09</DataName>",candidate_needs_semantic_validation
gamedata\bool_data_0.xml,2459,Dungeon063,"<DataName type=""string"">Dungeon063_SmallKey00</DataName>",candidate_needs_semantic_validation
gamedata\bool_data_0.xml,2462,Dungeon063,"<DataName type=""string"">Dungeon063_SmallKey01</DataName>",candidate_needs_semantic_validation
gamedata\bool_data_0.xml,2465,Dungeon063,"<DataName type=""string"">Dungeon063_SmallKey02</DataName>",candidate_needs_semantic_validation
gamedata\bool_data_0.xml,2468,Dungeon063,"<DataName type=""string"">Dungeon063_SmallKey03</DataName>",candidate_needs_semantic_validation
gamedata\bool_data_0.xml,2471,Dungeon063,"<DataName type=""string"">Dungeon063_SmallKey04</DataName>",candidate_needs_semantic_validation
gamedata\bool_data_0.xml,2474,Dungeon063,"<DataName type=""string"">Dungeon063_SmallKey05</DataName>",candidate_needs_semantic_validation
gamedata\bool_data_0.xml,2477,Dungeon063,"<DataName type=""string"">Dungeon063_SmallKey06</DataName>",candidate_needs_semantic_validation
gamedata\bool_data_0.xml,2480,Dungeon063,"<DataName type=""string"">Dungeon063_SmallKey07</DataName>",candidate_needs_semantic_validation
gamedata\bool_data_0.xml,2483,Dungeon063,"<DataName type=""string"">Dungeon063_SmallKey08</DataName>",candidate_needs_semantic_validation
gamedata\bool_data_0.xml,2486,Dungeon063,"<DataName type=""string"">Dungeon063_SmallKey09</DataName>",candidate_needs_semantic_validation
gamedata\bool_data_0.xml,2489,Dungeon064,"<DataName type=""string"">Dungeon064_SmallKey00</DataName>",candidate_needs_semantic_validation
gamedata\bool_data_0.xml,2492,Dungeon064,"<DataName type=""string"">Dungeon064_SmallKey01</DataName>",candidate_needs_semantic_validation
gamedata\bool_data_0.xml,2495,Dungeon064,"<DataName type=""string"">Dungeon064_SmallKey02</DataName>",candidate_needs_semantic_validation
gamedata\bool_data_0.xml,2498,Dungeon064,"<DataName type=""string"">Dungeon064_SmallKey03</DataName>",candidate_needs_semantic_validation
gamedata\bool_data_0.xml,2501,Dungeon064,"<DataName type=""string"">Dungeon064_SmallKey04</DataName>",candidate_needs_semantic_validation
gamedata\bool_data_0.xml,2504,Dungeon064,"<DataName type=""string"">Dungeon064_SmallKey05</DataName>",candidate_needs_semantic_validation
gamedata\bool_data_0.xml,2507,Dungeon064,"<DataName type=""string"">Dungeon064_SmallKey06</DataName>",candidate_needs_semantic_validation
gamedata\bool_data_0.xml,2510,Dungeon064,"<DataName type=""string"">Dungeon064_SmallKey07</DataName>",candidate_needs_semantic_validation
gamedata\bool_data_0.xml,2513,Dungeon064,"<DataName type=""string"">Dungeon064_SmallKey08</DataName>",candidate_needs_semantic_validation
gamedata\bool_data_0.xml,2516,Dungeon064,"<DataName type=""string"">Dungeon064_SmallKey09</DataName>",candidate_needs_semantic_validation
gamedata\bool_data_0.xml,2519,Dungeon065,"<DataName type=""string"">Dungeon065_SmallKey00</DataName>",candidate_needs_semantic_validation
gamedata\bool_data_0.xml,2522,Dungeon065,"<DataName type=""string"">Dungeon065_SmallKey01</DataName>",candidate_needs_semantic_validation
gamedata\bool_data_0.xml,2525,Dungeon065,"<DataName type=""string"">Dungeon065_SmallKey02</DataName>",candidate_needs_semantic_validation
gamedata\bool_data_0.xml,2528,Dungeon065,"<DataName type=""string"">Dungeon065_SmallKey03</DataName>",candidate_needs_semantic_validation
gamedata\bool_data_0.xml,2531,Dungeon065,"<DataName type=""string"">Dungeon065_SmallKey04</DataName>",candidate_needs_semantic_validation
gamedata\bool_data_0.xml,2534,Dungeon065,"<DataName type=""string"">Dungeon065_SmallKey05</DataName>",candidate_needs_semantic_validation
gamedata\bool_data_0.xml,2537,Dungeon065,"<DataName type=""string"">Dungeon065_SmallKey06</DataName>",candidate_needs_semantic_validation
gamedata\bool_data_0.xml,2540,Dungeon065,"<DataName type=""string"">Dungeon065_SmallKey07</DataName>",candidate_needs_semantic_validation
gamedata\bool_data_0.xml,2543,Dungeon065,"<DataName type=""string"">Dungeon065_SmallKey08</DataName>",candidate_needs_semantic_validation
gamedata\bool_data_0.xml,2546,Dungeon065,"<DataName type=""string"">Dungeon065_SmallKey09</DataName>",candidate_needs_semantic_validation
gamedata\bool_data_0.xml,2549,Dungeon066,"<DataName type=""string"">Dungeon066_SmallKey00</DataName>",candidate_needs_semantic_validation
gamedata\bool_data_0.xml,2552,Dungeon066,"<DataName type=""string"">Dungeon066_SmallKey01</DataName>",candidate_needs_semantic_validation
gamedata\bool_data_0.xml,2555,Dungeon066,"<DataName type=""string"">Dungeon066_SmallKey02</DataName>",candidate_needs_semantic_validation
gamedata\bool_data_0.xml,2558,Dungeon066,"<DataName type=""string"">Dungeon066_SmallKey03</DataName>",candidate_needs_semantic_validation
gamedata\bool_data_0.xml,2561,Dungeon066,"<DataName type=""string"">Dungeon066_SmallKey04</DataName>",candidate_needs_semantic_validation
gamedata\bool_data_0.xml,2564,Dungeon066,"<DataName type=""string"">Dungeon066_SmallKey05</DataName>",candidate_needs_semantic_validation
gamedata\bool_data_0.xml,2567,Dungeon066,"<DataName type=""string"">Dungeon066_SmallKey06</DataName>",candidate_needs_semantic_validation
gamedata\bool_data_0.xml,2570,Dungeon066,"<DataName type=""string"">Dungeon066_SmallKey07</DataName>",candidate_needs_semantic_validation
gamedata\bool_data_0.xml,2573,Dungeon066,"<DataName type=""string"">Dungeon066_SmallKey08</DataName>",candidate_needs_semantic_validation
gamedata\bool_data_0.xml,2576,Dungeon066,"<DataName type=""string"">Dungeon066_SmallKey09</DataName>",candidate_needs_semantic_validation
gamedata\bool_data_0.xml,2579,Dungeon067,"<DataName type=""string"">Dungeon067_SmallKey00</DataName>",candidate_needs_semantic_validation
gamedata\bool_data_0.xml,2582,Dungeon067,"<DataName type=""string"">Dungeon067_SmallKey01</DataName>",candidate_needs_semantic_validation
gamedata\bool_data_0.xml,2585,Dungeon067,"<DataName type=""string"">Dungeon067_SmallKey02</DataName>",candidate_needs_semantic_validation
gamedata\bool_data_0.xml,2588,Dungeon067,"<DataName type=""string"">Dungeon067_SmallKey03</DataName>",candidate_needs_semantic_validation
gamedata\bool_data_0.xml,2591,Dungeon067,"<DataName type=""string"">Dungeon067_SmallKey04</DataName>",candidate_needs_semantic_validation
gamedata\bool_data_0.xml,2594,Dungeon067,"<DataName type=""string"">Dungeon067_SmallKey05</DataName>",candidate_needs_semantic_validation
gamedata\bool_data_0.xml,2597,Dungeon067,"<DataName type=""string"">Dungeon067_SmallKey06</DataName>",candidate_needs_semantic_validation
gamedata\bool_data_0.xml,2600,Dungeon067,"<DataName type=""string"">Dungeon067_SmallKey07</DataName>",candidate_needs_semantic_validation
gamedata\bool_data_0.xml,2603,Dungeon067,"<DataName type=""string"">Dungeon067_SmallKey08</DataName>",candidate_needs_semantic_validation
gamedata\bool_data_0.xml,2606,Dungeon067,"<DataName type=""string"">Dungeon067_SmallKey09</DataName>",candidate_needs_semantic_validation
gamedata\bool_data_0.xml,2609,Dungeon068,"<DataName type=""string"">Dungeon068_SmallKey00</DataName>",candidate_needs_semantic_validation
gamedata\bool_data_0.xml,2612,Dungeon068,"<DataName type=""string"">Dungeon068_SmallKey01</DataName>",candidate_needs_semantic_validation
gamedata\bool_data_0.xml,2615,Dungeon068,"<DataName type=""string"">Dungeon068_SmallKey02</DataName>",candidate_needs_semantic_validation
gamedata\bool_data_0.xml,2618,Dungeon068,"<DataName type=""string"">Dungeon068_SmallKey03</DataName>",candidate_needs_semantic_validation
gamedata\bool_data_0.xml,2621,Dungeon068,"<DataName type=""string"">Dungeon068_SmallKey04</DataName>",candidate_needs_semantic_validation
gamedata\bool_data_0.xml,2624,Dungeon068,"<DataName type=""string"">Dungeon068_SmallKey05</DataName>",candidate_needs_semantic_validation
gamedata\bool_data_0.xml,2627,Dungeon068,"<DataName type=""string"">Dungeon068_SmallKey06</DataName>",candidate_needs_semantic_validation
gamedata\bool_data_0.xml,2630,Dungeon068,"<DataName type=""string"">Dungeon068_SmallKey07</DataName>",candidate_needs_semantic_validation
gamedata\bool_data_0.xml,2633,Dungeon068,"<DataName type=""string"">Dungeon068_SmallKey08</DataName>",candidate_needs_semantic_validation
gamedata\bool_data_0.xml,2636,Dungeon068,"<DataName type=""string"">Dungeon068_SmallKey09</DataName>",candidate_needs_semantic_validation
gamedata\bool_data_0.xml,2639,Dungeon069,"<DataName type=""string"">Dungeon069_SmallKey00</DataName>",candidate_needs_semantic_validation
gamedata\bool_data_0.xml,2642,Dungeon069,"<DataName type=""string"">Dungeon069_SmallKey01</DataName>",candidate_needs_semantic_validation
gamedata\bool_data_0.xml,2645,Dungeon069,"<DataName type=""string"">Dungeon069_SmallKey02</DataName>",candidate_needs_semantic_validation
gamedata\bool_data_0.xml,2648,Dungeon069,"<DataName type=""string"">Dungeon069_SmallKey03</DataName>",candidate_needs_semantic_validation
gamedata\bool_data_0.xml,2651,Dungeon069,"<DataName type=""string"">Dungeon069_SmallKey04</DataName>",candidate_needs_semantic_validation
gamedata\bool_data_0.xml,2654,Dungeon069,"<DataName type=""string"">Dungeon069_SmallKey05</DataName>",candidate_needs_semantic_validation
gamedata\bool_data_0.xml,2657,Dungeon069,"<DataName type=""string"">Dungeon069_SmallKey06</DataName>",candidate_needs_semantic_validation
gamedata\bool_data_0.xml,2660,Dungeon069,"<DataName type=""string"">Dungeon069_SmallKey07</DataName>",candidate_needs_semantic_validation
gamedata\bool_data_0.xml,2663,Dungeon069,"<DataName type=""string"">Dungeon069_SmallKey08</DataName>",candidate_needs_semantic_validation
gamedata\bool_data_0.xml,2666,Dungeon069,"<DataName type=""string"">Dungeon069_SmallKey09</DataName>",candidate_needs_semantic_validation
gamedata\bool_data_0.xml,2669,Dungeon070,"<DataName type=""string"">Dungeon070_SmallKey00</DataName>",candidate_needs_semantic_validation
gamedata\bool_data_0.xml,2672,Dungeon070,"<DataName type=""string"">Dungeon070_SmallKey01</DataName>",candidate_needs_semantic_validation
gamedata\bool_data_0.xml,2675,Dungeon070,"<DataName type=""string"">Dungeon070_SmallKey02</DataName>",candidate_needs_semantic_validation
gamedata\bool_data_0.xml,2678,Dungeon070,"<DataName type=""string"">Dungeon070_SmallKey03</DataName>",candidate_needs_semantic_validation
gamedata\bool_data_0.xml,2681,Dungeon070,"<DataName type=""string"">Dungeon070_SmallKey04</DataName>",candidate_needs_semantic_validation
gamedata\bool_data_0.xml,2684,Dungeon070,"<DataName type=""string"">Dungeon070_SmallKey05</DataName>",candidate_needs_semantic_validation
gamedata\bool_data_0.xml,2687,Dungeon070,"<DataName type=""string"">Dungeon070_SmallKey06</DataName>",candidate_needs_semantic_validation
gamedata\bool_data_0.xml,2690,Dungeon070,"<DataName type=""string"">Dungeon070_SmallKey07</DataName>",candidate_needs_semantic_validation
gamedata\bool_data_0.xml,2693,Dungeon070,"<DataName type=""string"">Dungeon070_SmallKey08</DataName>",candidate_needs_semantic_validation
gamedata\bool_data_0.xml,2696,Dungeon070,"<DataName type=""string"">Dungeon070_SmallKey09</DataName>",candidate_needs_semantic_validation
gamedata\bool_data_0.xml,2699,Dungeon071,"<DataName type=""string"">Dungeon071_SmallKey00</DataName>",candidate_needs_semantic_validation
gamedata\bool_data_0.xml,2702,Dungeon071,"<DataName type=""string"">Dungeon071_SmallKey01</DataName>",candidate_needs_semantic_validation
gamedata\bool_data_0.xml,2705,Dungeon071,"<DataName type=""string"">Dungeon071_SmallKey02</DataName>",candidate_needs_semantic_validation
gamedata\bool_data_0.xml,2708,Dungeon071,"<DataName type=""string"">Dungeon071_SmallKey03</DataName>",candidate_needs_semantic_validation
gamedata\bool_data_0.xml,2711,Dungeon071,"<DataName type=""string"">Dungeon071_SmallKey04</DataName>",candidate_needs_semantic_validation
gamedata\bool_data_0.xml,2714,Dungeon071,"<DataName type=""string"">Dungeon071_SmallKey05</DataName>",candidate_needs_semantic_validation
gamedata\bool_data_0.xml,2717,Dungeon071,"<DataName type=""string"">Dungeon071_SmallKey06</DataName>",candidate_needs_semantic_validation
gamedata\bool_data_0.xml,2720,Dungeon071,"<DataName type=""string"">Dungeon071_SmallKey07</DataName>",candidate_needs_semantic_validation
gamedata\bool_data_0.xml,2723,Dungeon071,"<DataName type=""string"">Dungeon071_SmallKey08</DataName>",candidate_needs_semantic_validation
gamedata\bool_data_0.xml,2726,Dungeon071,"<DataName type=""string"">Dungeon071_SmallKey09</DataName>",candidate_needs_semantic_validation
gamedata\bool_data_0.xml,2729,Dungeon072,"<DataName type=""string"">Dungeon072_SmallKey00</DataName>",candidate_needs_semantic_validation
gamedata\bool_data_0.xml,2732,Dungeon072,"<DataName type=""string"">Dungeon072_SmallKey01</DataName>",candidate_needs_semantic_validation
gamedata\bool_data_0.xml,2735,Dungeon072,"<DataName type=""string"">Dungeon072_SmallKey02</DataName>",candidate_needs_semantic_validation
gamedata\bool_data_0.xml,2738,Dungeon072,"<DataName type=""string"">Dungeon072_SmallKey03</DataName>",candidate_needs_semantic_validation
gamedata\bool_data_0.xml,2741,Dungeon072,"<DataName type=""string"">Dungeon072_SmallKey04</DataName>",candidate_needs_semantic_validation
gamedata\bool_data_0.xml,2744,Dungeon072,"<DataName type=""string"">Dungeon072_SmallKey05</DataName>",candidate_needs_semantic_validation
gamedata\bool_data_0.xml,2747,Dungeon072,"<DataName type=""string"">Dungeon072_SmallKey06</DataName>",candidate_needs_semantic_validation
gamedata\bool_data_0.xml,2750,Dungeon072,"<DataName type=""string"">Dungeon072_SmallKey07</DataName>",candidate_needs_semantic_validation
gamedata\bool_data_0.xml,2753,Dungeon072,"<DataName type=""string"">Dungeon072_SmallKey08</DataName>",candidate_needs_semantic_validation
gamedata\bool_data_0.xml,2756,Dungeon072,"<DataName type=""string"">Dungeon072_SmallKey09</DataName>",candidate_needs_semantic_validation
gamedata\bool_data_0.xml,2759,Dungeon073,"<DataName type=""string"">Dungeon073_SmallKey00</DataName>",candidate_needs_semantic_validation
gamedata\bool_data_0.xml,2762,Dungeon073,"<DataName type=""string"">Dungeon073_SmallKey01</DataName>",candidate_needs_semantic_validation
gamedata\bool_data_0.xml,2765,Dungeon073,"<DataName type=""string"">Dungeon073_SmallKey02</DataName>",candidate_needs_semantic_validation
gamedata\bool_data_0.xml,2768,Dungeon073,"<DataName type=""string"">Dungeon073_SmallKey03</DataName>",candidate_needs_semantic_validation
gamedata\bool_data_0.xml,2771,Dungeon073,"<DataName type=""string"">Dungeon073_SmallKey04</DataName>",candidate_needs_semantic_validation
gamedata\bool_data_0.xml,2774,Dungeon073,"<DataName type=""string"">Dungeon073_SmallKey05</DataName>",candidate_needs_semantic_validation
gamedata\bool_data_0.xml,2777,Dungeon073,"<DataName type=""string"">Dungeon073_SmallKey06</DataName>",candidate_needs_semantic_validation
gamedata\bool_data_0.xml,2780,Dungeon073,"<DataName type=""string"">Dungeon073_SmallKey07</DataName>",candidate_needs_semantic_validation
gamedata\bool_data_0.xml,2783,Dungeon073,"<DataName type=""string"">Dungeon073_SmallKey08</DataName>",candidate_needs_semantic_validation
gamedata\bool_data_0.xml,2786,Dungeon073,"<DataName type=""string"">Dungeon073_SmallKey09</DataName>",candidate_needs_semantic_validation
gamedata\bool_data_0.xml,2789,Dungeon074,"<DataName type=""string"">Dungeon074_SmallKey00</DataName>",candidate_needs_semantic_validation
gamedata\bool_data_0.xml,2792,Dungeon074,"<DataName type=""string"">Dungeon074_SmallKey01</DataName>",candidate_needs_semantic_validation
gamedata\bool_data_0.xml,2795,Dungeon074,"<DataName type=""string"">Dungeon074_SmallKey02</DataName>",candidate_needs_semantic_validation
gamedata\bool_data_0.xml,2798,Dungeon074,"<DataName type=""string"">Dungeon074_SmallKey03</DataName>",candidate_needs_semantic_validation
gamedata\bool_data_0.xml,2801,Dungeon074,"<DataName type=""string"">Dungeon074_SmallKey04</DataName>",candidate_needs_semantic_validation
gamedata\bool_data_0.xml,2804,Dungeon074,"<DataName type=""string"">Dungeon074_SmallKey05</DataName>",candidate_needs_semantic_validation
gamedata\bool_data_0.xml,2807,Dungeon074,"<DataName type=""string"">Dungeon074_SmallKey06</DataName>",candidate_needs_semantic_validation
gamedata\bool_data_0.xml,2810,Dungeon074,"<DataName type=""string"">Dungeon074_SmallKey07</DataName>",candidate_needs_semantic_validation
gamedata\bool_data_0.xml,2813,Dungeon074,"<DataName type=""string"">Dungeon074_SmallKey08</DataName>",candidate_needs_semantic_validation
gamedata\bool_data_0.xml,2816,Dungeon074,"<DataName type=""string"">Dungeon074_SmallKey09</DataName>",candidate_needs_semantic_validation
gamedata\bool_data_0.xml,2819,Dungeon075,"<DataName type=""string"">Dungeon075_SmallKey00</DataName>",candidate_needs_semantic_validation
gamedata\bool_data_0.xml,2822,Dungeon075,"<DataName type=""string"">Dungeon075_SmallKey01</DataName>",candidate_needs_semantic_validation
gamedata\bool_data_0.xml,2825,Dungeon075,"<DataName type=""string"">Dungeon075_SmallKey02</DataName>",candidate_needs_semantic_validation
gamedata\bool_data_0.xml,2828,Dungeon075,"<DataName type=""string"">Dungeon075_SmallKey03</DataName>",candidate_needs_semantic_validation
gamedata\bool_data_0.xml,2831,Dungeon075,"<DataName type=""string"">Dungeon075_SmallKey04</DataName>",candidate_needs_semantic_validation
gamedata\bool_data_0.xml,2834,Dungeon075,"<DataName type=""string"">Dungeon075_SmallKey05</DataName>",candidate_needs_semantic_validation
gamedata\bool_data_0.xml,2837,Dungeon075,"<DataName type=""string"">Dungeon075_SmallKey06</DataName>",candidate_needs_semantic_validation
gamedata\bool_data_0.xml,2840,Dungeon075,"<DataName type=""string"">Dungeon075_SmallKey07</DataName>",candidate_needs_semantic_validation
gamedata\bool_data_0.xml,2843,Dungeon075,"<DataName type=""string"">Dungeon075_SmallKey08</DataName>",candidate_needs_semantic_validation
gamedata\bool_data_0.xml,2846,Dungeon075,"<DataName type=""string"">Dungeon075_SmallKey09</DataName>",candidate_needs_semantic_validation
gamedata\bool_data_0.xml,2849,Dungeon076,"<DataName type=""string"">Dungeon076_SmallKey00</DataName>",candidate_needs_semantic_validation
gamedata\bool_data_0.xml,2852,Dungeon076,"<DataName type=""string"">Dungeon076_SmallKey01</DataName>",candidate_needs_semantic_validation
gamedata\bool_data_0.xml,2855,Dungeon076,"<DataName type=""string"">Dungeon076_SmallKey02</DataName>",candidate_needs_semantic_validation
gamedata\bool_data_0.xml,2858,Dungeon076,"<DataName type=""string"">Dungeon076_SmallKey03</DataName>",candidate_needs_semantic_validation
gamedata\bool_data_0.xml,2861,Dungeon076,"<DataName type=""string"">Dungeon076_SmallKey04</DataName>",candidate_needs_semantic_validation
gamedata\bool_data_0.xml,2864,Dungeon076,"<DataName type=""string"">Dungeon076_SmallKey05</DataName>",candidate_needs_semantic_validation
gamedata\bool_data_0.xml,2867,Dungeon076,"<DataName type=""string"">Dungeon076_SmallKey06</DataName>",candidate_needs_semantic_validation
gamedata\bool_data_0.xml,2870,Dungeon076,"<DataName type=""string"">Dungeon076_SmallKey07</DataName>",candidate_needs_semantic_validation
gamedata\bool_data_0.xml,2873,Dungeon076,"<DataName type=""string"">Dungeon076_SmallKey08</DataName>",candidate_needs_semantic_validation
gamedata\bool_data_0.xml,2876,Dungeon076,"<DataName type=""string"">Dungeon076_SmallKey09</DataName>",candidate_needs_semantic_validation
gamedata\bool_data_0.xml,2879,Dungeon077,"<DataName type=""string"">Dungeon077_SmallKey00</DataName>",candidate_needs_semantic_validation
gamedata\bool_data_0.xml,2882,Dungeon077,"<DataName type=""string"">Dungeon077_SmallKey01</DataName>",candidate_needs_semantic_validation
gamedata\bool_data_0.xml,2885,Dungeon077,"<DataName type=""string"">Dungeon077_SmallKey02</DataName>",candidate_needs_semantic_validation
gamedata\bool_data_0.xml,2888,Dungeon077,"<DataName type=""string"">Dungeon077_SmallKey03</DataName>",candidate_needs_semantic_validation
gamedata\bool_data_0.xml,2891,Dungeon077,"<DataName type=""string"">Dungeon077_SmallKey04</DataName>",candidate_needs_semantic_validation
gamedata\bool_data_0.xml,2894,Dungeon077,"<DataName type=""string"">Dungeon077_SmallKey05</DataName>",candidate_needs_semantic_validation
gamedata\bool_data_0.xml,2897,Dungeon077,"<DataName type=""string"">Dungeon077_SmallKey06</DataName>",candidate_needs_semantic_validation
gamedata\bool_data_0.xml,2900,Dungeon077,"<DataName type=""string"">Dungeon077_SmallKey07</DataName>",candidate_needs_semantic_validation
gamedata\bool_data_0.xml,2903,Dungeon077,"<DataName type=""string"">Dungeon077_SmallKey08</DataName>",candidate_needs_semantic_validation
gamedata\bool_data_0.xml,2906,Dungeon077,"<DataName type=""string"">Dungeon077_SmallKey09</DataName>",candidate_needs_semantic_validation
gamedata\bool_data_0.xml,2909,Dungeon078,"<DataName type=""string"">Dungeon078_SmallKey00</DataName>",candidate_needs_semantic_validation
gamedata\bool_data_0.xml,2912,Dungeon078,"<DataName type=""string"">Dungeon078_SmallKey01</DataName>",candidate_needs_semantic_validation
gamedata\bool_data_0.xml,2915,Dungeon078,"<DataName type=""string"">Dungeon078_SmallKey02</DataName>",candidate_needs_semantic_validation
gamedata\bool_data_0.xml,2918,Dungeon078,"<DataName type=""string"">Dungeon078_SmallKey03</DataName>",candidate_needs_semantic_validation
gamedata\bool_data_0.xml,2921,Dungeon078,"<DataName type=""string"">Dungeon078_SmallKey04</DataName>",candidate_needs_semantic_validation
gamedata\bool_data_0.xml,2924,Dungeon078,"<DataName type=""string"">Dungeon078_SmallKey05</DataName>",candidate_needs_semantic_validation
gamedata\bool_data_0.xml,2927,Dungeon078,"<DataName type=""string"">Dungeon078_SmallKey06</DataName>",candidate_needs_semantic_validation
gamedata\bool_data_0.xml,2930,Dungeon078,"<DataName type=""string"">Dungeon078_SmallKey07</DataName>",candidate_needs_semantic_validation
gamedata\bool_data_0.xml,2933,Dungeon078,"<DataName type=""string"">Dungeon078_SmallKey08</DataName>",candidate_needs_semantic_validation
gamedata\bool_data_0.xml,2936,Dungeon078,"<DataName type=""string"">Dungeon078_SmallKey09</DataName>",candidate_needs_semantic_validation
gamedata\bool_data_0.xml,2939,Dungeon079,"<DataName type=""string"">Dungeon079_SmallKey00</DataName>",candidate_needs_semantic_validation
gamedata\bool_data_0.xml,2942,Dungeon079,"<DataName type=""string"">Dungeon079_SmallKey01</DataName>",candidate_needs_semantic_validation
gamedata\bool_data_0.xml,2945,Dungeon079,"<DataName type=""string"">Dungeon079_SmallKey02</DataName>",candidate_needs_semantic_validation
gamedata\bool_data_0.xml,2948,Dungeon079,"<DataName type=""string"">Dungeon079_SmallKey03</DataName>",candidate_needs_semantic_validation
gamedata\bool_data_0.xml,2951,Dungeon079,"<DataName type=""string"">Dungeon079_SmallKey04</DataName>",candidate_needs_semantic_validation
gamedata\bool_data_0.xml,2954,Dungeon079,"<DataName type=""string"">Dungeon079_SmallKey05</DataName>",candidate_needs_semantic_validation
gamedata\bool_data_0.xml,2957,Dungeon079,"<DataName type=""string"">Dungeon079_SmallKey06</DataName>",candidate_needs_semantic_validation
gamedata\bool_data_0.xml,2960,Dungeon079,"<DataName type=""string"">Dungeon079_SmallKey07</DataName>",candidate_needs_semantic_validation
gamedata\bool_data_0.xml,2963,Dungeon079,"<DataName type=""string"">Dungeon079_SmallKey08</DataName>",candidate_needs_semantic_validation
gamedata\bool_data_0.xml,2966,Dungeon079,"<DataName type=""string"">Dungeon079_SmallKey09</DataName>",candidate_needs_semantic_validation
gamedata\bool_data_0.xml,2969,Dungeon080,"<DataName type=""string"">Dungeon080_SmallKey00</DataName>",candidate_needs_semantic_validation
gamedata\bool_data_0.xml,2972,Dungeon080,"<DataName type=""string"">Dungeon080_SmallKey01</DataName>",candidate_needs_semantic_validation
gamedata\bool_data_0.xml,2975,Dungeon080,"<DataName type=""string"">Dungeon080_SmallKey02</DataName>",candidate_needs_semantic_validation
gamedata\bool_data_0.xml,2978,Dungeon080,"<DataName type=""string"">Dungeon080_SmallKey03</DataName>",candidate_needs_semantic_validation
gamedata\bool_data_0.xml,2981,Dungeon080,"<DataName type=""string"">Dungeon080_SmallKey04</DataName>",candidate_needs_semantic_validation
gamedata\bool_data_0.xml,2984,Dungeon080,"<DataName type=""string"">Dungeon080_SmallKey05</DataName>",candidate_needs_semantic_validation
gamedata\bool_data_0.xml,2987,Dungeon080,"<DataName type=""string"">Dungeon080_SmallKey06</DataName>",candidate_needs_semantic_validation
gamedata\bool_data_0.xml,2990,Dungeon080,"<DataName type=""string"">Dungeon080_SmallKey07</DataName>",candidate_needs_semantic_validation
gamedata\bool_data_0.xml,2993,Dungeon080,"<DataName type=""string"">Dungeon080_SmallKey08</DataName>",candidate_needs_semantic_validation
gamedata\bool_data_0.xml,2996,Dungeon080,"<DataName type=""string"">Dungeon080_SmallKey09</DataName>",candidate_needs_semantic_validation
gamedata\bool_data_0.xml,2999,Dungeon081,"<DataName type=""string"">Dungeon081_SmallKey00</DataName>",candidate_needs_semantic_validation
gamedata\bool_data_0.xml,3002,Dungeon081,"<DataName type=""string"">Dungeon081_SmallKey01</DataName>",candidate_needs_semantic_validation
gamedata\bool_data_0.xml,3005,Dungeon081,"<DataName type=""string"">Dungeon081_SmallKey02</DataName>",candidate_needs_semantic_validation
gamedata\bool_data_0.xml,3008,Dungeon081,"<DataName type=""string"">Dungeon081_SmallKey03</DataName>",candidate_needs_semantic_validation
gamedata\bool_data_0.xml,3011,Dungeon081,"<DataName type=""string"">Dungeon081_SmallKey04</DataName>",candidate_needs_semantic_validation
gamedata\bool_data_0.xml,3014,Dungeon081,"<DataName type=""string"">Dungeon081_SmallKey05</DataName>",candidate_needs_semantic_validation
gamedata\bool_data_0.xml,3017,Dungeon081,"<DataName type=""string"">Dungeon081_SmallKey06</DataName>",candidate_needs_semantic_validation
gamedata\bool_data_0.xml,3020,Dungeon081,"<DataName type=""string"">Dungeon081_SmallKey07</DataName>",candidate_needs_semantic_validation
gamedata\bool_data_0.xml,3023,Dungeon081,"<DataName type=""string"">Dungeon081_SmallKey08</DataName>",candidate_needs_semantic_validation
gamedata\bool_data_0.xml,3026,Dungeon081,"<DataName type=""string"">Dungeon081_SmallKey09</DataName>",candidate_needs_semantic_validation
gamedata\bool_data_0.xml,3029,Dungeon082,"<DataName type=""string"">Dungeon082_SmallKey00</DataName>",candidate_needs_semantic_validation
gamedata\bool_data_0.xml,3032,Dungeon082,"<DataName type=""string"">Dungeon082_SmallKey01</DataName>",candidate_needs_semantic_validation
gamedata\bool_data_0.xml,3035,Dungeon082,"<DataName type=""string"">Dungeon082_SmallKey02</DataName>",candidate_needs_semantic_validation
gamedata\bool_data_0.xml,3038,Dungeon082,"<DataName type=""string"">Dungeon082_SmallKey03</DataName>",candidate_needs_semantic_validation
gamedata\bool_data_0.xml,3041,Dungeon082,"<DataName type=""string"">Dungeon082_SmallKey04</DataName>",candidate_needs_semantic_validation
gamedata\bool_data_0.xml,3044,Dungeon082,"<DataName type=""string"">Dungeon082_SmallKey05</DataName>",candidate_needs_semantic_validation
gamedata\bool_data_0.xml,3047,Dungeon082,"<DataName type=""string"">Dungeon082_SmallKey06</DataName>",candidate_needs_semantic_validation
gamedata\bool_data_0.xml,3050,Dungeon082,"<DataName type=""string"">Dungeon082_SmallKey07</DataName>",candidate_needs_semantic_validation
gamedata\bool_data_0.xml,3053,Dungeon082,"<DataName type=""string"">Dungeon082_SmallKey08</DataName>",candidate_needs_semantic_validation
gamedata\bool_data_0.xml,3056,Dungeon082,"<DataName type=""string"">Dungeon082_SmallKey09</DataName>",candidate_needs_semantic_validation
gamedata\bool_data_0.xml,3059,Dungeon083,"<DataName type=""string"">Dungeon083_SmallKey00</DataName>",candidate_needs_semantic_validation
gamedata\bool_data_0.xml,3062,Dungeon083,"<DataName type=""string"">Dungeon083_SmallKey01</DataName>",candidate_needs_semantic_validation
gamedata\bool_data_0.xml,3065,Dungeon083,"<DataName type=""string"">Dungeon083_SmallKey02</DataName>",candidate_needs_semantic_validation
gamedata\bool_data_0.xml,3068,Dungeon083,"<DataName type=""string"">Dungeon083_SmallKey03</DataName>",candidate_needs_semantic_validation
gamedata\bool_data_0.xml,3071,Dungeon083,"<DataName type=""string"">Dungeon083_SmallKey04</DataName>",candidate_needs_semantic_validation
gamedata\bool_data_0.xml,3074,Dungeon083,"<DataName type=""string"">Dungeon083_SmallKey05</DataName>",candidate_needs_semantic_validation
gamedata\bool_data_0.xml,3077,Dungeon083,"<DataName type=""string"">Dungeon083_SmallKey06</DataName>",candidate_needs_semantic_validation
gamedata\bool_data_0.xml,3080,Dungeon083,"<DataName type=""string"">Dungeon083_SmallKey07</DataName>",candidate_needs_semantic_validation
gamedata\bool_data_0.xml,3083,Dungeon083,"<DataName type=""string"">Dungeon083_SmallKey08</DataName>",candidate_needs_semantic_validation
gamedata\bool_data_0.xml,3086,Dungeon083,"<DataName type=""string"">Dungeon083_SmallKey09</DataName>",candidate_needs_semantic_validation
gamedata\bool_data_0.xml,3089,Dungeon084,"<DataName type=""string"">Dungeon084_SmallKey00</DataName>",candidate_needs_semantic_validation
gamedata\bool_data_0.xml,3092,Dungeon084,"<DataName type=""string"">Dungeon084_SmallKey01</DataName>",candidate_needs_semantic_validation
gamedata\bool_data_0.xml,3095,Dungeon084,"<DataName type=""string"">Dungeon084_SmallKey02</DataName>",candidate_needs_semantic_validation
gamedata\bool_data_0.xml,3098,Dungeon084,"<DataName type=""string"">Dungeon084_SmallKey03</DataName>",candidate_needs_semantic_validation
gamedata\bool_data_0.xml,3101,Dungeon084,"<DataName type=""string"">Dungeon084_SmallKey04</DataName>",candidate_needs_semantic_validation
gamedata\bool_data_0.xml,3104,Dungeon084,"<DataName type=""string"">Dungeon084_SmallKey05</DataName>",candidate_needs_semantic_validation
gamedata\bool_data_0.xml,3107,Dungeon084,"<DataName type=""string"">Dungeon084_SmallKey06</DataName>",candidate_needs_semantic_validation
gamedata\bool_data_0.xml,3110,Dungeon084,"<DataName type=""string"">Dungeon084_SmallKey07</DataName>",candidate_needs_semantic_validation
gamedata\bool_data_0.xml,3113,Dungeon084,"<DataName type=""string"">Dungeon084_SmallKey08</DataName>",candidate_needs_semantic_validation
gamedata\bool_data_0.xml,3116,Dungeon084,"<DataName type=""string"">Dungeon084_SmallKey09</DataName>",candidate_needs_semantic_validation
gamedata\bool_data_0.xml,3119,Dungeon085,"<DataName type=""string"">Dungeon085_SmallKey00</DataName>",candidate_needs_semantic_validation
gamedata\bool_data_0.xml,3122,Dungeon085,"<DataName type=""string"">Dungeon085_SmallKey01</DataName>",candidate_needs_semantic_validation
gamedata\bool_data_0.xml,3125,Dungeon085,"<DataName type=""string"">Dungeon085_SmallKey02</DataName>",candidate_needs_semantic_validation
gamedata\bool_data_0.xml,3128,Dungeon085,"<DataName type=""string"">Dungeon085_SmallKey03</DataName>",candidate_needs_semantic_validation
gamedata\bool_data_0.xml,3131,Dungeon085,"<DataName type=""string"">Dungeon085_SmallKey04</DataName>",candidate_needs_semantic_validation
gamedata\bool_data_0.xml,3134,Dungeon085,"<DataName type=""string"">Dungeon085_SmallKey05</DataName>",candidate_needs_semantic_validation
gamedata\bool_data_0.xml,3137,Dungeon085,"<DataName type=""string"">Dungeon085_SmallKey06</DataName>",candidate_needs_semantic_validation
gamedata\bool_data_0.xml,3140,Dungeon085,"<DataName type=""string"">Dungeon085_SmallKey07</DataName>",candidate_needs_semantic_validation
gamedata\bool_data_0.xml,3143,Dungeon085,"<DataName type=""string"">Dungeon085_SmallKey08</DataName>",candidate_needs_semantic_validation
gamedata\bool_data_0.xml,3146,Dungeon085,"<DataName type=""string"">Dungeon085_SmallKey09</DataName>",candidate_needs_semantic_validation
gamedata\bool_data_0.xml,3149,Dungeon086,"<DataName type=""string"">Dungeon086_SmallKey00</DataName>",candidate_needs_semantic_validation
gamedata\bool_data_0.xml,3152,Dungeon086,"<DataName type=""string"">Dungeon086_SmallKey01</DataName>",candidate_needs_semantic_validation
gamedata\bool_data_0.xml,3155,Dungeon086,"<DataName type=""string"">Dungeon086_SmallKey02</DataName>",candidate_needs_semantic_validation
gamedata\bool_data_0.xml,3158,Dungeon086,"<DataName type=""string"">Dungeon086_SmallKey03</DataName>",candidate_needs_semantic_validation
gamedata\bool_data_0.xml,3161,Dungeon086,"<DataName type=""string"">Dungeon086_SmallKey04</DataName>",candidate_needs_semantic_validation
gamedata\bool_data_0.xml,3164,Dungeon086,"<DataName type=""string"">Dungeon086_SmallKey05</DataName>",candidate_needs_semantic_validation
gamedata\bool_data_0.xml,3167,Dungeon086,"<DataName type=""string"">Dungeon086_SmallKey06</DataName>",candidate_needs_semantic_validation
gamedata\bool_data_0.xml,3170,Dungeon086,"<DataName type=""string"">Dungeon086_SmallKey07</DataName>",candidate_needs_semantic_validation
gamedata\bool_data_0.xml,3173,Dungeon086,"<DataName type=""string"">Dungeon086_SmallKey08</DataName>",candidate_needs_semantic_validation
gamedata\bool_data_0.xml,3176,Dungeon086,"<DataName type=""string"">Dungeon086_SmallKey09</DataName>",candidate_needs_semantic_validation
gamedata\bool_data_0.xml,3179,Dungeon087,"<DataName type=""string"">Dungeon087_SmallKey00</DataName>",candidate_needs_semantic_validation
gamedata\bool_data_0.xml,3182,Dungeon087,"<DataName type=""string"">Dungeon087_SmallKey01</DataName>",candidate_needs_semantic_validation
gamedata\bool_data_0.xml,3185,Dungeon087,"<DataName type=""string"">Dungeon087_SmallKey02</DataName>",candidate_needs_semantic_validation
gamedata\bool_data_0.xml,3188,Dungeon087,"<DataName type=""string"">Dungeon087_SmallKey03</DataName>",candidate_needs_semantic_validation
gamedata\bool_data_0.xml,3191,Dungeon087,"<DataName type=""string"">Dungeon087_SmallKey04</DataName>",candidate_needs_semantic_validation
gamedata\bool_data_0.xml,3194,Dungeon087,"<DataName type=""string"">Dungeon087_SmallKey05</DataName>",candidate_needs_semantic_validation
gamedata\bool_data_0.xml,3197,Dungeon087,"<DataName type=""string"">Dungeon087_SmallKey06</DataName>",candidate_needs_semantic_validation
gamedata\bool_data_0.xml,3200,Dungeon087,"<DataName type=""string"">Dungeon087_SmallKey07</DataName>",candidate_needs_semantic_validation
gamedata\bool_data_0.xml,3203,Dungeon087,"<DataName type=""string"">Dungeon087_SmallKey08</DataName>",candidate_needs_semantic_validation
gamedata\bool_data_0.xml,3206,Dungeon087,"<DataName type=""string"">Dungeon087_SmallKey09</DataName>",candidate_needs_semantic_validation
gamedata\bool_data_0.xml,3209,Dungeon088,"<DataName type=""string"">Dungeon088_SmallKey00</DataName>",candidate_needs_semantic_validation
gamedata\bool_data_0.xml,3212,Dungeon088,"<DataName type=""string"">Dungeon088_SmallKey01</DataName>",candidate_needs_semantic_validation
gamedata\bool_data_0.xml,3215,Dungeon088,"<DataName type=""string"">Dungeon088_SmallKey02</DataName>",candidate_needs_semantic_validation
gamedata\bool_data_0.xml,3218,Dungeon088,"<DataName type=""string"">Dungeon088_SmallKey03</DataName>",candidate_needs_semantic_validation
gamedata\bool_data_0.xml,3221,Dungeon088,"<DataName type=""string"">Dungeon088_SmallKey04</DataName>",candidate_needs_semantic_validation
gamedata\bool_data_0.xml,3224,Dungeon088,"<DataName type=""string"">Dungeon088_SmallKey05</DataName>",candidate_needs_semantic_validation
gamedata\bool_data_0.xml,3227,Dungeon088,"<DataName type=""string"">Dungeon088_SmallKey06</DataName>",candidate_needs_semantic_validation
gamedata\bool_data_0.xml,3230,Dungeon088,"<DataName type=""string"">Dungeon088_SmallKey07</DataName>",candidate_needs_semantic_validation
gamedata\bool_data_0.xml,3233,Dungeon088,"<DataName type=""string"">Dungeon088_SmallKey08</DataName>",candidate_needs_semantic_validation
gamedata\bool_data_0.xml,3236,Dungeon088,"<DataName type=""string"">Dungeon088_SmallKey09</DataName>",candidate_needs_semantic_validation
gamedata\bool_data_0.xml,3239,Dungeon089,"<DataName type=""string"">Dungeon089_SmallKey00</DataName>",candidate_needs_semantic_validation
gamedata\bool_data_0.xml,3242,Dungeon089,"<DataName type=""string"">Dungeon089_SmallKey01</DataName>",candidate_needs_semantic_validation
gamedata\bool_data_0.xml,3245,Dungeon089,"<DataName type=""string"">Dungeon089_SmallKey02</DataName>",candidate_needs_semantic_validation
gamedata\bool_data_0.xml,3248,Dungeon089,"<DataName type=""string"">Dungeon089_SmallKey03</DataName>",candidate_needs_semantic_validation
gamedata\bool_data_0.xml,3251,Dungeon089,"<DataName type=""string"">Dungeon089_SmallKey04</DataName>",candidate_needs_semantic_validation
gamedata\bool_data_0.xml,3254,Dungeon089,"<DataName type=""string"">Dungeon089_SmallKey05</DataName>",candidate_needs_semantic_validation
gamedata\bool_data_0.xml,3257,Dungeon089,"<DataName type=""string"">Dungeon089_SmallKey06</DataName>",candidate_needs_semantic_validation
gamedata\bool_data_0.xml,3260,Dungeon089,"<DataName type=""string"">Dungeon089_SmallKey07</DataName>",candidate_needs_semantic_validation
gamedata\bool_data_0.xml,3263,Dungeon089,"<DataName type=""string"">Dungeon089_SmallKey08</DataName>",candidate_needs_semantic_validation
gamedata\bool_data_0.xml,3266,Dungeon089,"<DataName type=""string"">Dungeon089_SmallKey09</DataName>",candidate_needs_semantic_validation
gamedata\bool_data_0.xml,3269,Dungeon090,"<DataName type=""string"">Dungeon090_SmallKey00</DataName>",candidate_needs_semantic_validation
gamedata\bool_data_0.xml,3272,Dungeon090,"<DataName type=""string"">Dungeon090_SmallKey01</DataName>",candidate_needs_semantic_validation
gamedata\bool_data_0.xml,3275,Dungeon090,"<DataName type=""string"">Dungeon090_SmallKey02</DataName>",candidate_needs_semantic_validation
gamedata\bool_data_0.xml,3278,Dungeon090,"<DataName type=""string"">Dungeon090_SmallKey03</DataName>",candidate_needs_semantic_validation
gamedata\bool_data_0.xml,3281,Dungeon090,"<DataName type=""string"">Dungeon090_SmallKey04</DataName>",candidate_needs_semantic_validation
gamedata\bool_data_0.xml,3284,Dungeon090,"<DataName type=""string"">Dungeon090_SmallKey05</DataName>",candidate_needs_semantic_validation
gamedata\bool_data_0.xml,3287,Dungeon090,"<DataName type=""string"">Dungeon090_SmallKey06</DataName>",candidate_needs_semantic_validation
gamedata\bool_data_0.xml,3290,Dungeon090,"<DataName type=""string"">Dungeon090_SmallKey07</DataName>",candidate_needs_semantic_validation
gamedata\bool_data_0.xml,3293,Dungeon090,"<DataName type=""string"">Dungeon090_SmallKey08</DataName>",candidate_needs_semantic_validation
gamedata\bool_data_0.xml,3296,Dungeon090,"<DataName type=""string"">Dungeon090_SmallKey09</DataName>",candidate_needs_semantic_validation
gamedata\bool_data_0.xml,3299,Dungeon091,"<DataName type=""string"">Dungeon091_SmallKey00</DataName>",candidate_needs_semantic_validation
gamedata\bool_data_0.xml,3302,Dungeon091,"<DataName type=""string"">Dungeon091_SmallKey01</DataName>",candidate_needs_semantic_validation
gamedata\bool_data_0.xml,3305,Dungeon091,"<DataName type=""string"">Dungeon091_SmallKey02</DataName>",candidate_needs_semantic_validation
gamedata\bool_data_0.xml,3308,Dungeon091,"<DataName type=""string"">Dungeon091_SmallKey03</DataName>",candidate_needs_semantic_validation
gamedata\bool_data_0.xml,3311,Dungeon091,"<DataName type=""string"">Dungeon091_SmallKey04</DataName>",candidate_needs_semantic_validation
gamedata\bool_data_0.xml,3314,Dungeon091,"<DataName type=""string"">Dungeon091_SmallKey05</DataName>",candidate_needs_semantic_validation
gamedata\bool_data_0.xml,3317,Dungeon091,"<DataName type=""string"">Dungeon091_SmallKey06</DataName>",candidate_needs_semantic_validation
gamedata\bool_data_0.xml,3320,Dungeon091,"<DataName type=""string"">Dungeon091_SmallKey07</DataName>",candidate_needs_semantic_validation
gamedata\bool_data_0.xml,3323,Dungeon091,"<DataName type=""string"">Dungeon091_SmallKey08</DataName>",candidate_needs_semantic_validation
gamedata\bool_data_0.xml,3326,Dungeon091,"<DataName type=""string"">Dungeon091_SmallKey09</DataName>",candidate_needs_semantic_validation
gamedata\bool_data_0.xml,3329,Dungeon092,"<DataName type=""string"">Dungeon092_SmallKey00</DataName>",candidate_needs_semantic_validation
gamedata\bool_data_0.xml,3332,Dungeon092,"<DataName type=""string"">Dungeon092_SmallKey01</DataName>",candidate_needs_semantic_validation
gamedata\bool_data_0.xml,3335,Dungeon092,"<DataName type=""string"">Dungeon092_SmallKey02</DataName>",candidate_needs_semantic_validation
gamedata\bool_data_0.xml,3338,Dungeon092,"<DataName type=""string"">Dungeon092_SmallKey03</DataName>",candidate_needs_semantic_validation
gamedata\bool_data_0.xml,3341,Dungeon092,"<DataName type=""string"">Dungeon092_SmallKey04</DataName>",candidate_needs_semantic_validation
gamedata\bool_data_0.xml,3344,Dungeon092,"<DataName type=""string"">Dungeon092_SmallKey05</DataName>",candidate_needs_semantic_validation
gamedata\bool_data_0.xml,3347,Dungeon092,"<DataName type=""string"">Dungeon092_SmallKey06</DataName>",candidate_needs_semantic_validation
gamedata\bool_data_0.xml,3350,Dungeon092,"<DataName type=""string"">Dungeon092_SmallKey07</DataName>",candidate_needs_semantic_validation
gamedata\bool_data_0.xml,3353,Dungeon092,"<DataName type=""string"">Dungeon092_SmallKey08</DataName>",candidate_needs_semantic_validation
gamedata\bool_data_0.xml,3356,Dungeon092,"<DataName type=""string"">Dungeon092_SmallKey09</DataName>",candidate_needs_semantic_validation
gamedata\bool_data_0.xml,3359,Dungeon093,"<DataName type=""string"">Dungeon093_SmallKey00</DataName>",candidate_needs_semantic_validation
gamedata\bool_data_0.xml,3362,Dungeon093,"<DataName type=""string"">Dungeon093_SmallKey01</DataName>",candidate_needs_semantic_validation
gamedata\bool_data_0.xml,3365,Dungeon093,"<DataName type=""string"">Dungeon093_SmallKey02</DataName>",candidate_needs_semantic_validation
gamedata\bool_data_0.xml,3368,Dungeon093,"<DataName type=""string"">Dungeon093_SmallKey03</DataName>",candidate_needs_semantic_validation
gamedata\bool_data_0.xml,3371,Dungeon093,"<DataName type=""string"">Dungeon093_SmallKey04</DataName>",candidate_needs_semantic_validation
gamedata\bool_data_0.xml,3374,Dungeon093,"<DataName type=""string"">Dungeon093_SmallKey05</DataName>",candidate_needs_semantic_validation
gamedata\bool_data_0.xml,3377,Dungeon093,"<DataName type=""string"">Dungeon093_SmallKey06</DataName>",candidate_needs_semantic_validation
gamedata\bool_data_0.xml,3380,Dungeon093,"<DataName type=""string"">Dungeon093_SmallKey07</DataName>",candidate_needs_semantic_validation
gamedata\bool_data_0.xml,3383,Dungeon093,"<DataName type=""string"">Dungeon093_SmallKey08</DataName>",candidate_needs_semantic_validation
gamedata\bool_data_0.xml,3386,Dungeon093,"<DataName type=""string"">Dungeon093_SmallKey09</DataName>",candidate_needs_semantic_validation
gamedata\bool_data_0.xml,3389,Dungeon094,"<DataName type=""string"">Dungeon094_SmallKey00</DataName>",candidate_needs_semantic_validation
gamedata\bool_data_0.xml,3392,Dungeon094,"<DataName type=""string"">Dungeon094_SmallKey01</DataName>",candidate_needs_semantic_validation
gamedata\bool_data_0.xml,3395,Dungeon094,"<DataName type=""string"">Dungeon094_SmallKey02</DataName>",candidate_needs_semantic_validation
gamedata\bool_data_0.xml,3398,Dungeon094,"<DataName type=""string"">Dungeon094_SmallKey03</DataName>",candidate_needs_semantic_validation
gamedata\bool_data_0.xml,3401,Dungeon094,"<DataName type=""string"">Dungeon094_SmallKey04</DataName>",candidate_needs_semantic_validation
gamedata\bool_data_0.xml,3404,Dungeon094,"<DataName type=""string"">Dungeon094_SmallKey05</DataName>",candidate_needs_semantic_validation
gamedata\bool_data_0.xml,3407,Dungeon094,"<DataName type=""string"">Dungeon094_SmallKey06</DataName>",candidate_needs_semantic_validation
gamedata\bool_data_0.xml,3410,Dungeon094,"<DataName type=""string"">Dungeon094_SmallKey07</DataName>",candidate_needs_semantic_validation
gamedata\bool_data_0.xml,3413,Dungeon094,"<DataName type=""string"">Dungeon094_SmallKey08</DataName>",candidate_needs_semantic_validation
gamedata\bool_data_0.xml,3416,Dungeon094,"<DataName type=""string"">Dungeon094_SmallKey09</DataName>",candidate_needs_semantic_validation
gamedata\bool_data_0.xml,3419,Dungeon095,"<DataName type=""string"">Dungeon095_SmallKey00</DataName>",candidate_needs_semantic_validation
gamedata\bool_data_0.xml,3422,Dungeon095,"<DataName type=""string"">Dungeon095_SmallKey01</DataName>",candidate_needs_semantic_validation
gamedata\bool_data_0.xml,3425,Dungeon095,"<DataName type=""string"">Dungeon095_SmallKey02</DataName>",candidate_needs_semantic_validation
gamedata\bool_data_0.xml,3428,Dungeon095,"<DataName type=""string"">Dungeon095_SmallKey03</DataName>",candidate_needs_semantic_validation
gamedata\bool_data_0.xml,3431,Dungeon095,"<DataName type=""string"">Dungeon095_SmallKey04</DataName>",candidate_needs_semantic_validation
gamedata\bool_data_0.xml,3434,Dungeon095,"<DataName type=""string"">Dungeon095_SmallKey05</DataName>",candidate_needs_semantic_validation
gamedata\bool_data_0.xml,3437,Dungeon095,"<DataName type=""string"">Dungeon095_SmallKey06</DataName>",candidate_needs_semantic_validation
gamedata\bool_data_0.xml,3440,Dungeon095,"<DataName type=""string"">Dungeon095_SmallKey07</DataName>",candidate_needs_semantic_validation
gamedata\bool_data_0.xml,3443,Dungeon095,"<DataName type=""string"">Dungeon095_SmallKey08</DataName>",candidate_needs_semantic_validation
gamedata\bool_data_0.xml,3446,Dungeon095,"<DataName type=""string"">Dungeon095_SmallKey09</DataName>",candidate_needs_semantic_validation
gamedata\bool_data_0.xml,3449,Dungeon096,"<DataName type=""string"">Dungeon096_SmallKey00</DataName>",candidate_needs_semantic_validation
gamedata\bool_data_0.xml,3452,Dungeon096,"<DataName type=""string"">Dungeon096_SmallKey01</DataName>",candidate_needs_semantic_validation
gamedata\bool_data_0.xml,3455,Dungeon096,"<DataName type=""string"">Dungeon096_SmallKey02</DataName>",candidate_needs_semantic_validation
gamedata\bool_data_0.xml,3458,Dungeon096,"<DataName type=""string"">Dungeon096_SmallKey03</DataName>",candidate_needs_semantic_validation
gamedata\bool_data_0.xml,3461,Dungeon096,"<DataName type=""string"">Dungeon096_SmallKey04</DataName>",candidate_needs_semantic_validation
gamedata\bool_data_0.xml,3464,Dungeon096,"<DataName type=""string"">Dungeon096_SmallKey05</DataName>",candidate_needs_semantic_validation
gamedata\bool_data_0.xml,3467,Dungeon096,"<DataName type=""string"">Dungeon096_SmallKey06</DataName>",candidate_needs_semantic_validation
gamedata\bool_data_0.xml,3470,Dungeon096,"<DataName type=""string"">Dungeon096_SmallKey07</DataName>",candidate_needs_semantic_validation
gamedata\bool_data_0.xml,3473,Dungeon096,"<DataName type=""string"">Dungeon096_SmallKey08</DataName>",candidate_needs_semantic_validation
gamedata\bool_data_0.xml,3476,Dungeon096,"<DataName type=""string"">Dungeon096_SmallKey09</DataName>",candidate_needs_semantic_validation
gamedata\bool_data_0.xml,3479,Dungeon097,"<DataName type=""string"">Dungeon097_SmallKey00</DataName>",candidate_needs_semantic_validation
gamedata\bool_data_0.xml,3482,Dungeon097,"<DataName type=""string"">Dungeon097_SmallKey01</DataName>",candidate_needs_semantic_validation
gamedata\bool_data_0.xml,3485,Dungeon097,"<DataName type=""string"">Dungeon097_SmallKey02</DataName>",candidate_needs_semantic_validation
gamedata\bool_data_0.xml,3488,Dungeon097,"<DataName type=""string"">Dungeon097_SmallKey03</DataName>",candidate_needs_semantic_validation
gamedata\bool_data_0.xml,3491,Dungeon097,"<DataName type=""string"">Dungeon097_SmallKey04</DataName>",candidate_needs_semantic_validation
gamedata\bool_data_0.xml,3494,Dungeon097,"<DataName type=""string"">Dungeon097_SmallKey05</DataName>",candidate_needs_semantic_validation
gamedata\bool_data_0.xml,3497,Dungeon097,"<DataName type=""string"">Dungeon097_SmallKey06</DataName>",candidate_needs_semantic_validation
gamedata\bool_data_0.xml,3500,Dungeon097,"<DataName type=""string"">Dungeon097_SmallKey07</DataName>",candidate_needs_semantic_validation
gamedata\bool_data_0.xml,3503,Dungeon097,"<DataName type=""string"">Dungeon097_SmallKey08</DataName>",candidate_needs_semantic_validation
gamedata\bool_data_0.xml,3506,Dungeon097,"<DataName type=""string"">Dungeon097_SmallKey09</DataName>",candidate_needs_semantic_validation
gamedata\bool_data_0.xml,3509,Dungeon098,"<DataName type=""string"">Dungeon098_SmallKey00</DataName>",candidate_needs_semantic_validation
gamedata\bool_data_0.xml,3512,Dungeon098,"<DataName type=""string"">Dungeon098_SmallKey01</DataName>",candidate_needs_semantic_validation
gamedata\bool_data_0.xml,3515,Dungeon098,"<DataName type=""string"">Dungeon098_SmallKey02</DataName>",candidate_needs_semantic_validation
gamedata\bool_data_0.xml,3518,Dungeon098,"<DataName type=""string"">Dungeon098_SmallKey03</DataName>",candidate_needs_semantic_validation
gamedata\bool_data_0.xml,3521,Dungeon098,"<DataName type=""string"">Dungeon098_SmallKey04</DataName>",candidate_needs_semantic_validation
gamedata\bool_data_0.xml,3524,Dungeon098,"<DataName type=""string"">Dungeon098_SmallKey05</DataName>",candidate_needs_semantic_validation
gamedata\bool_data_0.xml,3527,Dungeon098,"<DataName type=""string"">Dungeon098_SmallKey06</DataName>",candidate_needs_semantic_validation
gamedata\bool_data_0.xml,3530,Dungeon098,"<DataName type=""string"">Dungeon098_SmallKey07</DataName>",candidate_needs_semantic_validation
gamedata\bool_data_0.xml,3533,Dungeon098,"<DataName type=""string"">Dungeon098_SmallKey08</DataName>",candidate_needs_semantic_validation
gamedata\bool_data_0.xml,3536,Dungeon098,"<DataName type=""string"">Dungeon098_SmallKey09</DataName>",candidate_needs_semantic_validation
gamedata\bool_data_0.xml,3539,Dungeon099,"<DataName type=""string"">Dungeon099_SmallKey00</DataName>",candidate_needs_semantic_validation
gamedata\bool_data_0.xml,3542,Dungeon099,"<DataName type=""string"">Dungeon099_SmallKey01</DataName>",candidate_needs_semantic_validation
gamedata\bool_data_0.xml,3545,Dungeon099,"<DataName type=""string"">Dungeon099_SmallKey02</DataName>",candidate_needs_semantic_validation
gamedata\bool_data_0.xml,3548,Dungeon099,"<DataName type=""string"">Dungeon099_SmallKey03</DataName>",candidate_needs_semantic_validation
gamedata\bool_data_0.xml,3551,Dungeon099,"<DataName type=""string"">Dungeon099_SmallKey04</DataName>",candidate_needs_semantic_validation
gamedata\bool_data_0.xml,3554,Dungeon099,"<DataName type=""string"">Dungeon099_SmallKey05</DataName>",candidate_needs_semantic_validation
gamedata\bool_data_0.xml,3557,Dungeon099,"<DataName type=""string"">Dungeon099_SmallKey06</DataName>",candidate_needs_semantic_validation
gamedata\bool_data_0.xml,3560,Dungeon099,"<DataName type=""string"">Dungeon099_SmallKey07</DataName>",candidate_needs_semantic_validation
gamedata\bool_data_0.xml,3563,Dungeon099,"<DataName type=""string"">Dungeon099_SmallKey08</DataName>",candidate_needs_semantic_validation
gamedata\bool_data_0.xml,3566,Dungeon099,"<DataName type=""string"">Dungeon099_SmallKey09</DataName>",candidate_needs_semantic_validation
gamedata\bool_data_0.xml,3842,Clear_Dungeon100,"<DataName type=""string"">Clear_Dungeon100</DataName>",candidate_needs_semantic_validation
gamedata\bool_data_0.xml,3845,Clear_Dungeon104,"<DataName type=""string"">Clear_Dungeon104</DataName>",candidate_needs_semantic_validation
gamedata\bool_data_0.xml,3848,Clear_Dungeon105,"<DataName type=""string"">Clear_Dungeon105</DataName>",candidate_needs_semantic_validation
gamedata\bool_data_0.xml,3851,Clear_Dungeon106,"<DataName type=""string"">Clear_Dungeon106</DataName>",candidate_needs_semantic_validation
gamedata\bool_data_0.xml,3854,Clear_Dungeon107,"<DataName type=""string"">Clear_Dungeon107</DataName>",candidate_needs_semantic_validation
gamedata\bool_data_0.xml,3962,Clear_Dungeon101,"<DataName type=""string"">Clear_Dungeon101</DataName>",candidate_needs_semantic_validation
gamedata\bool_data_0.xml,3965,Clear_Dungeon102,"<DataName type=""string"">Clear_Dungeon102</DataName>",candidate_needs_semantic_validation
gamedata\bool_data_0.xml,3968,Clear_Dungeon103,"<DataName type=""string"">Clear_Dungeon103</DataName>",candidate_needs_semantic_validation
gamedata\bool_data_0.xml,4235,Dungeon000,"<DataName type=""string"">Open_Dungeon000</DataName>",candidate_needs_semantic_validation
gamedata\bool_data_0.xml,4487,Clear_Dungeon108,"<DataName type=""string"">Clear_Dungeon108</DataName>",candidate_needs_semantic_validation
gamedata\bool_data_0.xml,4490,Clear_Dungeon109,"<DataName type=""string"">Clear_Dungeon109</DataName>",candidate_needs_semantic_validation
gamedata\bool_data_0.xml,4493,Clear_Dungeon110,"<DataName type=""string"">Clear_Dungeon110</DataName>",candidate_needs_semantic_validation
gamedata\bool_data_0.xml,4496,Clear_Dungeon111,"<DataName type=""string"">Clear_Dungeon111</DataName>",candidate_needs_semantic_validation
gamedata\bool_data_0.xml,4499,Clear_Dungeon112,"<DataName type=""string"">Clear_Dungeon112</DataName>",candidate_needs_semantic_validation
gamedata\bool_data_0.xml,4502,Clear_Dungeon113,"<DataName type=""string"">Clear_Dungeon113</DataName>",candidate_needs_semantic_validation
gamedata\bool_data_0.xml,4505,Clear_Dungeon114,"<DataName type=""string"">Clear_Dungeon114</DataName>",candidate_needs_semantic_validation
gamedata\bool_data_0.xml,4508,Clear_Dungeon115,"<DataName type=""string"">Clear_Dungeon115</DataName>",candidate_needs_semantic_validation
gamedata\bool_data_0.xml,4511,Clear_Dungeon116,"<DataName type=""string"">Clear_Dungeon116</DataName>",candidate_needs_semantic_validation
gamedata\bool_data_0.xml,4514,Clear_Dungeon117,"<DataName type=""string"">Clear_Dungeon117</DataName>",candidate_needs_semantic_validation
gamedata\bool_data_0.xml,4517,Clear_Dungeon118,"<DataName type=""string"">Clear_Dungeon118</DataName>",candidate_needs_semantic_validation
gamedata\bool_data_0.xml,4520,Clear_Dungeon119,"<DataName type=""string"">Clear_Dungeon119</DataName>",candidate_needs_semantic_validation
gamedata\bool_data_0.xml,4616,Dungeon001,"<DataName type=""string"">Open_Dungeon001</DataName>",candidate_needs_semantic_validation
gamedata\bool_data_0.xml,4619,Dungeon002,"<DataName type=""string"">Open_Dungeon002</DataName>",candidate_needs_semantic_validation
gamedata\bool_data_0.xml,4622,Dungeon003,"<DataName type=""string"">Open_Dungeon003</DataName>",candidate_needs_semantic_validation
gamedata\bool_data_0.xml,4625,Dungeon004,"<DataName type=""string"">Open_Dungeon004</DataName>",candidate_needs_semantic_validation
gamedata\bool_data_0.xml,4628,Dungeon005,"<DataName type=""string"">Open_Dungeon005</DataName>",candidate_needs_semantic_validation
gamedata\bool_data_0.xml,4631,Dungeon006,"<DataName type=""string"">Open_Dungeon006</DataName>",candidate_needs_semantic_validation
gamedata\bool_data_0.xml,4634,Dungeon007,"<DataName type=""string"">Open_Dungeon007</DataName>",candidate_needs_semantic_validation
gamedata\bool_data_0.xml,4637,Dungeon008,"<DataName type=""string"">Open_Dungeon008</DataName>",candidate_needs_semantic_validation
gamedata\bool_data_0.xml,4640,Dungeon009,"<DataName type=""string"">Open_Dungeon009</DataName>",candidate_needs_semantic_validation
gamedata\bool_data_0.xml,4643,Dungeon010,"<DataName type=""string"">Open_Dungeon010</DataName>",candidate_needs_semantic_validation
gamedata\bool_data_0.xml,4646,Dungeon011,"<DataName type=""string"">Open_Dungeon011</DataName>",candidate_needs_semantic_validation
gamedata\bool_data_0.xml,4649,Dungeon012,"<DataName type=""string"">Open_Dungeon012</DataName>",candidate_needs_semantic_validation
gamedata\bool_data_0.xml,4652,Dungeon013,"<DataName type=""string"">Open_Dungeon013</DataName>",candidate_needs_semantic_validation
gamedata\bool_data_0.xml,4655,Dungeon014,"<DataName type=""string"">Open_Dungeon014</DataName>",candidate_needs_semantic_validation
gamedata\bool_data_0.xml,4658,Dungeon015,"<DataName type=""string"">Open_Dungeon015</DataName>",candidate_needs_semantic_validation
gamedata\bool_data_0.xml,4661,Dungeon016,"<DataName type=""string"">Open_Dungeon016</DataName>",candidate_needs_semantic_validation
gamedata\bool_data_0.xml,4664,Dungeon017,"<DataName type=""string"">Open_Dungeon017</DataName>",candidate_needs_semantic_validation
gamedata\bool_data_0.xml,4667,Dungeon018,"<DataName type=""string"">Open_Dungeon018</DataName>",candidate_needs_semantic_validation
gamedata\bool_data_0.xml,4670,Dungeon019,"<DataName type=""string"">Open_Dungeon019</DataName>",candidate_needs_semantic_validation
gamedata\bool_data_0.xml,4673,Dungeon020,"<DataName type=""string"">Open_Dungeon020</DataName>",candidate_needs_semantic_validation
gamedata\bool_data_0.xml,4676,Dungeon021,"<DataName type=""string"">Open_Dungeon021</DataName>",candidate_needs_semantic_validation
gamedata\bool_data_0.xml,4679,Dungeon022,"<DataName type=""string"">Open_Dungeon022</DataName>",candidate_needs_semantic_validation
gamedata\bool_data_0.xml,4682,Dungeon023,"<DataName type=""string"">Open_Dungeon023</DataName>",candidate_needs_semantic_validation
gamedata\bool_data_0.xml,4685,Dungeon024,"<DataName type=""string"">Open_Dungeon024</DataName>",candidate_needs_semantic_validation
gamedata\bool_data_0.xml,4688,Dungeon025,"<DataName type=""string"">Open_Dungeon025</DataName>",candidate_needs_semantic_validation
gamedata\bool_data_0.xml,4691,Dungeon026,"<DataName type=""string"">Open_Dungeon026</DataName>",candidate_needs_semantic_validation
gamedata\bool_data_0.xml,4694,Dungeon027,"<DataName type=""string"">Open_Dungeon027</DataName>",candidate_needs_semantic_validation
gamedata\bool_data_0.xml,4697,Dungeon028,"<DataName type=""string"">Open_Dungeon028</DataName>",candidate_needs_semantic_validation
gamedata\bool_data_0.xml,4700,Dungeon029,"<DataName type=""string"">Open_Dungeon029</DataName>",candidate_needs_semantic_validation
gamedata\bool_data_0.xml,4703,Dungeon030,"<DataName type=""string"">Open_Dungeon030</DataName>",candidate_needs_semantic_validation
gamedata\bool_data_0.xml,4706,Dungeon031,"<DataName type=""string"">Open_Dungeon031</DataName>",candidate_needs_semantic_validation
gamedata\bool_data_0.xml,4709,Dungeon032,"<DataName type=""string"">Open_Dungeon032</DataName>",candidate_needs_semantic_validation
gamedata\bool_data_0.xml,4712,Dungeon033,"<DataName type=""string"">Open_Dungeon033</DataName>",candidate_needs_semantic_validation
gamedata\bool_data_0.xml,4715,Dungeon034,"<DataName type=""string"">Open_Dungeon034</DataName>",candidate_needs_semantic_validation
gamedata\bool_data_0.xml,4718,Dungeon035,"<DataName type=""string"">Open_Dungeon035</DataName>",candidate_needs_semantic_validation
gamedata\bool_data_0.xml,4721,Dungeon036,"<DataName type=""string"">Open_Dungeon036</DataName>",candidate_needs_semantic_validation
gamedata\bool_data_0.xml,4724,Dungeon037,"<DataName type=""string"">Open_Dungeon037</DataName>",candidate_needs_semantic_validation
gamedata\bool_data_0.xml,4727,Dungeon038,"<DataName type=""string"">Open_Dungeon038</DataName>",candidate_needs_semantic_validation
gamedata\bool_data_0.xml,4730,Dungeon039,"<DataName type=""string"">Open_Dungeon039</DataName>",candidate_needs_semantic_validation
gamedata\bool_data_0.xml,4733,Dungeon040,"<DataName type=""string"">Open_Dungeon040</DataName>",candidate_needs_semantic_validation
gamedata\bool_data_0.xml,4736,Dungeon041,"<DataName type=""string"">Open_Dungeon041</DataName>",candidate_needs_semantic_validation
gamedata\bool_data_0.xml,4739,Dungeon042,"<DataName type=""string"">Open_Dungeon042</DataName>",candidate_needs_semantic_validation
gamedata\bool_data_0.xml,4742,Dungeon043,"<DataName type=""string"">Open_Dungeon043</DataName>",candidate_needs_semantic_validation
gamedata\bool_data_0.xml,4745,Dungeon044,"<DataName type=""string"">Open_Dungeon044</DataName>",candidate_needs_semantic_validation
gamedata\bool_data_0.xml,4748,Dungeon045,"<DataName type=""string"">Open_Dungeon045</DataName>",candidate_needs_semantic_validation
gamedata\bool_data_0.xml,4751,Dungeon046,"<DataName type=""string"">Open_Dungeon046</DataName>",candidate_needs_semantic_validation
gamedata\bool_data_0.xml,4754,Dungeon047,"<DataName type=""string"">Open_Dungeon047</DataName>",candidate_needs_semantic_validation
gamedata\bool_data_0.xml,4757,Dungeon048,"<DataName type=""string"">Open_Dungeon048</DataName>",candidate_needs_semantic_validation
gamedata\bool_data_0.xml,4760,Dungeon049,"<DataName type=""string"">Open_Dungeon049</DataName>",candidate_needs_semantic_validation
gamedata\bool_data_0.xml,4763,Dungeon050,"<DataName type=""string"">Open_Dungeon050</DataName>",candidate_needs_semantic_validation
gamedata\bool_data_0.xml,4766,Dungeon051,"<DataName type=""string"">Open_Dungeon051</DataName>",candidate_needs_semantic_validation
gamedata\bool_data_0.xml,4769,Dungeon052,"<DataName type=""string"">Open_Dungeon052</DataName>",candidate_needs_semantic_validation
gamedata\bool_data_0.xml,4772,Dungeon053,"<DataName type=""string"">Open_Dungeon053</DataName>",candidate_needs_semantic_validation
gamedata\bool_data_0.xml,4775,Dungeon054,"<DataName type=""string"">Open_Dungeon054</DataName>",candidate_needs_semantic_validation
gamedata\bool_data_0.xml,4778,Dungeon055,"<DataName type=""string"">Open_Dungeon055</DataName>",candidate_needs_semantic_validation
gamedata\bool_data_0.xml,4781,Dungeon056,"<DataName type=""string"">Open_Dungeon056</DataName>",candidate_needs_semantic_validation
gamedata\bool_data_0.xml,4784,Dungeon057,"<DataName type=""string"">Open_Dungeon057</DataName>",candidate_needs_semantic_validation
gamedata\bool_data_0.xml,4787,Dungeon058,"<DataName type=""string"">Open_Dungeon058</DataName>",candidate_needs_semantic_validation
gamedata\bool_data_0.xml,4790,Dungeon059,"<DataName type=""string"">Open_Dungeon059</DataName>",candidate_needs_semantic_validation
gamedata\bool_data_0.xml,4793,Dungeon060,"<DataName type=""string"">Open_Dungeon060</DataName>",candidate_needs_semantic_validation
gamedata\bool_data_0.xml,4796,Dungeon061,"<DataName type=""string"">Open_Dungeon061</DataName>",candidate_needs_semantic_validation
gamedata\bool_data_0.xml,4799,Dungeon062,"<DataName type=""string"">Open_Dungeon062</DataName>",candidate_needs_semantic_validation
gamedata\bool_data_0.xml,4802,Dungeon063,"<DataName type=""string"">Open_Dungeon063</DataName>",candidate_needs_semantic_validation
gamedata\bool_data_0.xml,4805,Dungeon064,"<DataName type=""string"">Open_Dungeon064</DataName>",candidate_needs_semantic_validation
gamedata\bool_data_0.xml,4808,Dungeon065,"<DataName type=""string"">Open_Dungeon065</DataName>",candidate_needs_semantic_validation
gamedata\bool_data_0.xml,4811,Dungeon066,"<DataName type=""string"">Open_Dungeon066</DataName>",candidate_needs_semantic_validation
gamedata\bool_data_0.xml,4814,Dungeon067,"<DataName type=""string"">Open_Dungeon067</DataName>",candidate_needs_semantic_validation
gamedata\bool_data_0.xml,4817,Dungeon068,"<DataName type=""string"">Open_Dungeon068</DataName>",candidate_needs_semantic_validation
gamedata\bool_data_0.xml,4820,Dungeon069,"<DataName type=""string"">Open_Dungeon069</DataName>",candidate_needs_semantic_validation
gamedata\bool_data_0.xml,4823,Dungeon070,"<DataName type=""string"">Open_Dungeon070</DataName>",candidate_needs_semantic_validation
gamedata\bool_data_0.xml,4826,Dungeon071,"<DataName type=""string"">Open_Dungeon071</DataName>",candidate_needs_semantic_validation
gamedata\bool_data_0.xml,4829,Dungeon072,"<DataName type=""string"">Open_Dungeon072</DataName>",candidate_needs_semantic_validation
gamedata\bool_data_0.xml,4832,Dungeon073,"<DataName type=""string"">Open_Dungeon073</DataName>",candidate_needs_semantic_validation
gamedata\bool_data_0.xml,4835,Dungeon074,"<DataName type=""string"">Open_Dungeon074</DataName>",candidate_needs_semantic_validation
gamedata\bool_data_0.xml,4838,Dungeon075,"<DataName type=""string"">Open_Dungeon075</DataName>",candidate_needs_semantic_validation
gamedata\bool_data_0.xml,4841,Dungeon076,"<DataName type=""string"">Open_Dungeon076</DataName>",candidate_needs_semantic_validation
gamedata\bool_data_0.xml,4844,Dungeon077,"<DataName type=""string"">Open_Dungeon077</DataName>",candidate_needs_semantic_validation
gamedata\bool_data_0.xml,4847,Dungeon078,"<DataName type=""string"">Open_Dungeon078</DataName>",candidate_needs_semantic_validation
gamedata\bool_data_0.xml,4850,Dungeon079,"<DataName type=""string"">Open_Dungeon079</DataName>",candidate_needs_semantic_validation
gamedata\bool_data_0.xml,4853,Dungeon080,"<DataName type=""string"">Open_Dungeon080</DataName>",candidate_needs_semantic_validation
gamedata\bool_data_0.xml,4856,Dungeon081,"<DataName type=""string"">Open_Dungeon081</DataName>",candidate_needs_semantic_validation
gamedata\bool_data_0.xml,4859,Dungeon082,"<DataName type=""string"">Open_Dungeon082</DataName>",candidate_needs_semantic_validation
gamedata\bool_data_0.xml,4862,Dungeon083,"<DataName type=""string"">Open_Dungeon083</DataName>",candidate_needs_semantic_validation
gamedata\bool_data_0.xml,4865,Dungeon084,"<DataName type=""string"">Open_Dungeon084</DataName>",candidate_needs_semantic_validation
gamedata\bool_data_0.xml,4868,Dungeon085,"<DataName type=""string"">Open_Dungeon085</DataName>",candidate_needs_semantic_validation
gamedata\bool_data_0.xml,4871,Dungeon086,"<DataName type=""string"">Open_Dungeon086</DataName>",candidate_needs_semantic_validation
gamedata\bool_data_0.xml,4874,Dungeon087,"<DataName type=""string"">Open_Dungeon087</DataName>",candidate_needs_semantic_validation
gamedata\bool_data_0.xml,4877,Dungeon088,"<DataName type=""string"">Open_Dungeon088</DataName>",candidate_needs_semantic_validation
gamedata\bool_data_0.xml,4880,Dungeon089,"<DataName type=""string"">Open_Dungeon089</DataName>",candidate_needs_semantic_validation
gamedata\bool_data_0.xml,4883,Dungeon090,"<DataName type=""string"">Open_Dungeon090</DataName>",candidate_needs_semantic_validation
gamedata\bool_data_0.xml,4886,Dungeon091,"<DataName type=""string"">Open_Dungeon091</DataName>",candidate_needs_semantic_validation
gamedata\bool_data_0.xml,4889,Dungeon092,"<DataName type=""string"">Open_Dungeon092</DataName>",candidate_needs_semantic_validation
gamedata\bool_data_0.xml,4892,Dungeon093,"<DataName type=""string"">Open_Dungeon093</DataName>",candidate_needs_semantic_validation
gamedata\bool_data_0.xml,4895,Dungeon094,"<DataName type=""string"">Open_Dungeon094</DataName>",candidate_needs_semantic_validation
gamedata\bool_data_0.xml,4898,Dungeon095,"<DataName type=""string"">Open_Dungeon095</DataName>",candidate_needs_semantic_validation
gamedata\bool_data_0.xml,4901,Dungeon096,"<DataName type=""string"">Open_Dungeon096</DataName>",candidate_needs_semantic_validation
gamedata\bool_data_0.xml,4904,Dungeon097,"<DataName type=""string"">Open_Dungeon097</DataName>",candidate_needs_semantic_validation
gamedata\bool_data_0.xml,4907,Dungeon098,"<DataName type=""string"">Open_Dungeon098</DataName>",candidate_needs_semantic_validation
gamedata\bool_data_0.xml,4910,Dungeon099,"<DataName type=""string"">Open_Dungeon099</DataName>",candidate_needs_semantic_validation
gamedata\bool_data_0.xml,4913,Dungeon100,"<DataName type=""string"">Open_Dungeon100</DataName>",candidate_needs_semantic_validation
gamedata\bool_data_0.xml,4916,Dungeon101,"<DataName type=""string"">Open_Dungeon101</DataName>",candidate_needs_semantic_validation
gamedata\bool_data_0.xml,4919,Dungeon102,"<DataName type=""string"">Open_Dungeon102</DataName>",candidate_needs_semantic_validation
gamedata\bool_data_0.xml,4922,Dungeon103,"<DataName type=""string"">Open_Dungeon103</DataName>",candidate_needs_semantic_validation
gamedata\bool_data_0.xml,4925,Dungeon104,"<DataName type=""string"">Open_Dungeon104</DataName>",candidate_needs_semantic_validation
gamedata\bool_data_0.xml,4928,Dungeon105,"<DataName type=""string"">Open_Dungeon105</DataName>",candidate_needs_semantic_validation
gamedata\bool_data_0.xml,4931,Dungeon106,"<DataName type=""string"">Open_Dungeon106</DataName>",candidate_needs_semantic_validation
gamedata\bool_data_0.xml,4934,Dungeon107,"<DataName type=""string"">Open_Dungeon107</DataName>",candidate_needs_semantic_validation
gamedata\bool_data_0.xml,4937,Dungeon108,"<DataName type=""string"">Open_Dungeon108</DataName>",candidate_needs_semantic_validation
gamedata\bool_data_0.xml,4940,Dungeon109,"<DataName type=""string"">Open_Dungeon109</DataName>",candidate_needs_semantic_validation
gamedata\bool_data_0.xml,4943,Dungeon110,"<DataName type=""string"">Open_Dungeon110</DataName>",candidate_needs_semantic_validation
gamedata\bool_data_0.xml,4946,Dungeon111,"<DataName type=""string"">Open_Dungeon111</DataName>",candidate_needs_semantic_validation
gamedata\bool_data_0.xml,4949,Dungeon112,"<DataName type=""string"">Open_Dungeon112</DataName>",candidate_needs_semantic_validation
gamedata\bool_data_0.xml,4952,Dungeon113,"<DataName type=""string"">Open_Dungeon113</DataName>",candidate_needs_semantic_validation
gamedata\bool_data_0.xml,4955,Dungeon114,"<DataName type=""string"">Open_Dungeon114</DataName>",candidate_needs_semantic_validation
gamedata\bool_data_0.xml,4958,Dungeon115,"<DataName type=""string"">Open_Dungeon115</DataName>",candidate_needs_semantic_validation
gamedata\bool_data_0.xml,4961,Dungeon116,"<DataName type=""string"">Open_Dungeon116</DataName>",candidate_needs_semantic_validation
gamedata\bool_data_0.xml,4964,Dungeon117,"<DataName type=""string"">Open_Dungeon117</DataName>",candidate_needs_semantic_validation
gamedata\bool_data_0.xml,4967,Dungeon118,"<DataName type=""string"">Open_Dungeon118</DataName>",candidate_needs_semantic_validation
gamedata\bool_data_0.xml,4970,Dungeon119,"<DataName type=""string"">Open_Dungeon119</DataName>",candidate_needs_semantic_validation
gamedata\bool_data_0.xml,4973,,"<DataName type=""string"">IsRotateRemainsDungeon</DataName>",candidate_needs_semantic_validation
gamedata\bool_data_0.xml,5021,,"<DataName type=""string"">Open_FirstDungeon</DataName>",candidate_needs_semantic_validation
gamedata\bool_data_0.xml,5801,,"<DataName type=""string"">FindDungeon_Ready</DataName>",candidate_needs_semantic_validation
gamedata\bool_data_0.xml,5804,,"<DataName type=""string"">FindDungeon_Activated</DataName>",candidate_needs_semantic_validation
gamedata\bool_data_0.xml,5807,,"<DataName type=""string"">FindDungeon_Finish</DataName>",candidate_needs_semantic_validation
gamedata\bool_data_0.xml,5810,,"<DataName type=""string"">FindDungeon_AllClear</DataName>",candidate_needs_semantic_validation
gamedata\bool_data_0.xml,5837,,"<DataName type=""string"">FirstTerminal_On</DataName>",candidate_needs_semantic_validation
gamedata\bool_data_0.xml,5843,,"<DataName type=""string"">Access_AllTerminalWind</DataName>",candidate_needs_semantic_validation
gamedata\bool_data_0.xml,5846,,"<DataName type=""string"">Access_AllTerminalWater</DataName>",candidate_needs_semantic_validation
gamedata\bool_data_0.xml,5849,,"<DataName type=""string"">Access_AllTerminalFire</DataName>",candidate_needs_semantic_validation
gamedata\bool_data_0.xml,5852,,"<DataName type=""string"">Access_AllTerminalElectric</DataName>",candidate_needs_semantic_validation
gamedata\bool_data_0.xml,5885,,"<DataName type=""string"">Wind_Relic_Dungeon</DataName>",candidate_needs_semantic_validation
gamedata\bool_data_0.xml,6026,,"<DataName type=""string"">IsInside_Dungeon</DataName>",candidate_needs_semantic_validation
gamedata\bool_data_0.xml,7376,,"<DataName type=""string"">Rito_BrosRock_Dungeon</DataName>",candidate_needs_semantic_validation
gamedata\bool_data_0.xml,7889,,"<DataName type=""string"">Npc_DungeonPriest_First</DataName>",candidate_needs_semantic_validation
gamedata\bool_data_0.xml,7973,,"<DataName type=""string"">IsGet_Obj_DungeonClearSeal</DataName>",candidate_needs_semantic_validation
gamedata\bool_data_0.xml,8321,,"<DataName type=""string"">Fire_Relic_Dungeon</DataName>",candidate_needs_semantic_validation
gamedata\bool_data_0.xml,8348,,"<DataName type=""string"">Dungeon_Clear_1</DataName>",candidate_needs_semantic_validation
gamedata\bool_data_0.xml,8351,,"<DataName type=""string"">Dungeon_Clear_4</DataName>",candidate_needs_semantic_validation
gamedata\bool_data_0.xml,8372,Dungeon040,"<DataName type=""string"">Dungeon040_DoorStone_1</DataName>",candidate_needs_semantic_validation
gamedata\bool_data_0.xml,8375,Dungeon040,"<DataName type=""string"">Dungeon040_DoorStone_2</DataName>",candidate_needs_semantic_validation
gamedata\bool_data_0.xml,8378,Dungeon040,"<DataName type=""string"">Dungeon040_DoorStone_3</DataName>",candidate_needs_semantic_validation
gamedata\bool_data_0.xml,8381,Dungeon040,"<DataName type=""string"">Dungeon040_DoorStone_4</DataName>",candidate_needs_semantic_validation
gamedata\bool_data_0.xml,8384,Dungeon040,"<DataName type=""string"">Dungeon040_DoorStone_5</DataName>",candidate_needs_semantic_validation
gamedata\bool_data_0.xml,8705,,"<DataName type=""string"">FindDungeon_1stClear</DataName>",candidate_needs_semantic_validation
gamedata\bool_data_0.xml,8789,Dungeon022,"<DataName type=""string"">Dungeon022_Shutter1</DataName>",candidate_needs_semantic_validation
gamedata\bool_data_0.xml,8792,Dungeon022,"<DataName type=""string"">Dungeon022_Shutter2</DataName>",candidate_needs_semantic_validation
gamedata\bool_data_0.xml,8798,Dungeon000,"<DataName type=""string"">Enter_Dungeon000</DataName>",candidate_needs_semantic_validation
gamedata\bool_data_0.xml,8801,Dungeon001,"<DataName type=""string"">Enter_Dungeon001</DataName>",candidate_needs_semantic_validation
gamedata\bool_data_0.xml,8804,Dungeon002,"<DataName type=""string"">Enter_Dungeon002</DataName>",candidate_needs_semantic_validation
gamedata\bool_data_0.xml,8807,Dungeon003,"<DataName type=""string"">Enter_Dungeon003</DataName>",candidate_needs_semantic_validation
gamedata\bool_data_0.xml,8810,Dungeon004,"<DataName type=""string"">Enter_Dungeon004</DataName>",candidate_needs_semantic_validation
gamedata\bool_data_0.xml,8813,Dungeon005,"<DataName type=""string"">Enter_Dungeon005</DataName>",candidate_needs_semantic_validation
gamedata\bool_data_0.xml,8816,Dungeon006,"<DataName type=""string"">Enter_Dungeon006</DataName>",candidate_needs_semantic_validation
gamedata\bool_data_0.xml,8819,Dungeon007,"<DataName type=""string"">Enter_Dungeon007</DataName>",candidate_needs_semantic_validation
gamedata\bool_data_0.xml,8822,Dungeon008,"<DataName type=""string"">Enter_Dungeon008</DataName>",candidate_needs_semantic_validation
gamedata\bool_data_0.xml,8825,Dungeon009,"<DataName type=""string"">Enter_Dungeon009</DataName>",candidate_needs_semantic_validation
gamedata\bool_data_0.xml,8828,Dungeon010,"<DataName type=""string"">Enter_Dungeon010</DataName>",candidate_needs_semantic_validation
gamedata\bool_data_0.xml,8831,Dungeon011,"<DataName type=""string"">Enter_Dungeon011</DataName>",candidate_needs_semantic_validation
gamedata\bool_data_0.xml,8834,Dungeon012,"<DataName type=""string"">Enter_Dungeon012</DataName>",candidate_needs_semantic_validation
gamedata\bool_data_0.xml,8837,Dungeon013,"<DataName type=""string"">Enter_Dungeon013</DataName>",candidate_needs_semantic_validation
gamedata\bool_data_0.xml,8840,Dungeon014,"<DataName type=""string"">Enter_Dungeon014</DataName>",candidate_needs_semantic_validation
gamedata\bool_data_0.xml,8843,Dungeon015,"<DataName type=""string"">Enter_Dungeon015</DataName>",candidate_needs_semantic_validation
gamedata\bool_data_0.xml,8846,Dungeon016,"<DataName type=""string"">Enter_Dungeon016</DataName>",candidate_needs_semantic_validation
gamedata\bool_data_0.xml,8849,Dungeon017,"<DataName type=""string"">Enter_Dungeon017</DataName>",candidate_needs_semantic_validation
gamedata\bool_data_0.xml,8852,Dungeon018,"<DataName type=""string"">Enter_Dungeon018</DataName>",candidate_needs_semantic_validation
gamedata\bool_data_0.xml,8855,Dungeon019,"<DataName type=""string"">Enter_Dungeon019</DataName>",candidate_needs_semantic_validation
gamedata\bool_data_0.xml,8858,Dungeon020,"<DataName type=""string"">Enter_Dungeon020</DataName>",candidate_needs_semantic_validation
gamedata\bool_data_0.xml,8861,Dungeon021,"<DataName type=""string"">Enter_Dungeon021</DataName>",candidate_needs_semantic_validation
gamedata\bool_data_0.xml,8864,Dungeon022,"<DataName type=""string"">Enter_Dungeon022</DataName>",candidate_needs_semantic_validation
gamedata\bool_data_0.xml,8867,Dungeon023,"<DataName type=""string"">Enter_Dungeon023</DataName>",candidate_needs_semantic_validation
gamedata\bool_data_0.xml,8870,Dungeon024,"<DataName type=""string"">Enter_Dungeon024</DataName>",candidate_needs_semantic_validation
gamedata\bool_data_0.xml,8873,Dungeon025,"<DataName type=""string"">Enter_Dungeon025</DataName>",candidate_needs_semantic_validation
gamedata\bool_data_0.xml,8876,Dungeon026,"<DataName type=""string"">Enter_Dungeon026</DataName>",candidate_needs_semantic_validation
gamedata\bool_data_0.xml,8879,Dungeon027,"<DataName type=""string"">Enter_Dungeon027</DataName>",candidate_needs_semantic_validation
gamedata\bool_data_0.xml,8882,Dungeon028,"<DataName type=""string"">Enter_Dungeon028</DataName>",candidate_needs_semantic_validation
gamedata\bool_data_0.xml,8885,Dungeon029,"<DataName type=""string"">Enter_Dungeon029</DataName>",candidate_needs_semantic_validation
gamedata\bool_data_0.xml,8888,Dungeon030,"<DataName type=""string"">Enter_Dungeon030</DataName>",candidate_needs_semantic_validation
gamedata\bool_data_0.xml,8891,Dungeon031,"<DataName type=""string"">Enter_Dungeon031</DataName>",candidate_needs_semantic_validation
gamedata\bool_data_0.xml,8894,Dungeon032,"<DataName type=""string"">Enter_Dungeon032</DataName>",candidate_needs_semantic_validation
gamedata\bool_data_0.xml,8897,Dungeon033,"<DataName type=""string"">Enter_Dungeon033</DataName>",candidate_needs_semantic_validation
gamedata\bool_data_0.xml,8900,Dungeon034,"<DataName type=""string"">Enter_Dungeon034</DataName>",candidate_needs_semantic_validation
gamedata\bool_data_0.xml,8903,Dungeon035,"<DataName type=""string"">Enter_Dungeon035</DataName>",candidate_needs_semantic_validation
gamedata\bool_data_0.xml,8906,Dungeon036,"<DataName type=""string"">Enter_Dungeon036</DataName>",candidate_needs_semantic_validation
gamedata\bool_data_0.xml,8909,Dungeon037,"<DataName type=""string"">Enter_Dungeon037</DataName>",candidate_needs_semantic_validation
gamedata\bool_data_0.xml,8912,Dungeon038,"<DataName type=""string"">Enter_Dungeon038</DataName>",candidate_needs_semantic_validation
gamedata\bool_data_0.xml,8915,Dungeon039,"<DataName type=""string"">Enter_Dungeon039</DataName>",candidate_needs_semantic_validation
gamedata\bool_data_0.xml,8918,Dungeon040,"<DataName type=""string"">Enter_Dungeon040</DataName>",candidate_needs_semantic_validation
gamedata\bool_data_0.xml,8921,Dungeon041,"<DataName type=""string"">Enter_Dungeon041</DataName>",candidate_needs_semantic_validation
gamedata\bool_data_0.xml,8924,Dungeon042,"<DataName type=""string"">Enter_Dungeon042</DataName>",candidate_needs_semantic_validation
gamedata\bool_data_0.xml,8927,Dungeon043,"<DataName type=""string"">Enter_Dungeon043</DataName>",candidate_needs_semantic_validation
gamedata\bool_data_0.xml,8930,Dungeon044,"<DataName type=""string"">Enter_Dungeon044</DataName>",candidate_needs_semantic_validation
gamedata\bool_data_0.xml,8933,Dungeon045,"<DataName type=""string"">Enter_Dungeon045</DataName>",candidate_needs_semantic_validation
gamedata\bool_data_0.xml,8936,Dungeon046,"<DataName type=""string"">Enter_Dungeon046</DataName>",candidate_needs_semantic_validation
gamedata\bool_data_0.xml,8939,Dungeon047,"<DataName type=""string"">Enter_Dungeon047</DataName>",candidate_needs_semantic_validation
gamedata\bool_data_0.xml,8942,Dungeon048,"<DataName type=""string"">Enter_Dungeon048</DataName>",candidate_needs_semantic_validation
gamedata\bool_data_0.xml,8945,Dungeon049,"<DataName type=""string"">Enter_Dungeon049</DataName>",candidate_needs_semantic_validation
gamedata\bool_data_0.xml,8948,Dungeon050,"<DataName type=""string"">Enter_Dungeon050</DataName>",candidate_needs_semantic_validation
gamedata\bool_data_0.xml,8951,Dungeon051,"<DataName type=""string"">Enter_Dungeon051</DataName>",candidate_needs_semantic_validation
gamedata\bool_data_0.xml,8954,Dungeon052,"<DataName type=""string"">Enter_Dungeon052</DataName>",candidate_needs_semantic_validation
gamedata\bool_data_0.xml,8957,Dungeon053,"<DataName type=""string"">Enter_Dungeon053</DataName>",candidate_needs_semantic_validation
gamedata\bool_data_0.xml,8960,Dungeon054,"<DataName type=""string"">Enter_Dungeon054</DataName>",candidate_needs_semantic_validation
gamedata\bool_data_0.xml,8963,Dungeon055,"<DataName type=""string"">Enter_Dungeon055</DataName>",candidate_needs_semantic_validation
gamedata\bool_data_0.xml,8966,Dungeon056,"<DataName type=""string"">Enter_Dungeon056</DataName>",candidate_needs_semantic_validation
gamedata\bool_data_0.xml,8969,Dungeon057,"<DataName type=""string"">Enter_Dungeon057</DataName>",candidate_needs_semantic_validation
gamedata\bool_data_0.xml,8972,Dungeon058,"<DataName type=""string"">Enter_Dungeon058</DataName>",candidate_needs_semantic_validation
gamedata\bool_data_0.xml,8975,Dungeon059,"<DataName type=""string"">Enter_Dungeon059</DataName>",candidate_needs_semantic_validation
gamedata\bool_data_0.xml,8978,Dungeon060,"<DataName type=""string"">Enter_Dungeon060</DataName>",candidate_needs_semantic_validation
gamedata\bool_data_0.xml,8981,Dungeon061,"<DataName type=""string"">Enter_Dungeon061</DataName>",candidate_needs_semantic_validation
gamedata\bool_data_0.xml,8984,Dungeon062,"<DataName type=""string"">Enter_Dungeon062</DataName>",candidate_needs_semantic_validation
gamedata\bool_data_0.xml,8987,Dungeon063,"<DataName type=""string"">Enter_Dungeon063</DataName>",candidate_needs_semantic_validation
gamedata\bool_data_0.xml,8990,Dungeon064,"<DataName type=""string"">Enter_Dungeon064</DataName>",candidate_needs_semantic_validation
gamedata\bool_data_0.xml,8993,Dungeon065,"<DataName type=""string"">Enter_Dungeon065</DataName>",candidate_needs_semantic_validation
gamedata\bool_data_0.xml,8996,Dungeon066,"<DataName type=""string"">Enter_Dungeon066</DataName>",candidate_needs_semantic_validation
gamedata\bool_data_0.xml,8999,Dungeon067,"<DataName type=""string"">Enter_Dungeon067</DataName>",candidate_needs_semantic_validation
gamedata\bool_data_0.xml,9002,Dungeon068,"<DataName type=""string"">Enter_Dungeon068</DataName>",candidate_needs_semantic_validation
gamedata\bool_data_0.xml,9005,Dungeon069,"<DataName type=""string"">Enter_Dungeon069</DataName>",candidate_needs_semantic_validation
gamedata\bool_data_0.xml,9008,Dungeon070,"<DataName type=""string"">Enter_Dungeon070</DataName>",candidate_needs_semantic_validation
gamedata\bool_data_0.xml,9011,Dungeon071,"<DataName type=""string"">Enter_Dungeon071</DataName>",candidate_needs_semantic_validation
gamedata\bool_data_0.xml,9014,Dungeon072,"<DataName type=""string"">Enter_Dungeon072</DataName>",candidate_needs_semantic_validation
gamedata\bool_data_0.xml,9017,Dungeon073,"<DataName type=""string"">Enter_Dungeon073</DataName>",candidate_needs_semantic_validation
gamedata\bool_data_0.xml,9020,Dungeon074,"<DataName type=""string"">Enter_Dungeon074</DataName>",candidate_needs_semantic_validation
gamedata\bool_data_0.xml,9023,Dungeon075,"<DataName type=""string"">Enter_Dungeon075</DataName>",candidate_needs_semantic_validation
gamedata\bool_data_0.xml,9026,Dungeon076,"<DataName type=""string"">Enter_Dungeon076</DataName>",candidate_needs_semantic_validation
gamedata\bool_data_0.xml,9029,Dungeon077,"<DataName type=""string"">Enter_Dungeon077</DataName>",candidate_needs_semantic_validation
gamedata\bool_data_0.xml,9032,Dungeon078,"<DataName type=""string"">Enter_Dungeon078</DataName>",candidate_needs_semantic_validation
gamedata\bool_data_0.xml,9035,Dungeon079,"<DataName type=""string"">Enter_Dungeon079</DataName>",candidate_needs_semantic_validation
gamedata\bool_data_0.xml,9038,Dungeon080,"<DataName type=""string"">Enter_Dungeon080</DataName>",candidate_needs_semantic_validation
gamedata\bool_data_0.xml,9041,Dungeon081,"<DataName type=""string"">Enter_Dungeon081</DataName>",candidate_needs_semantic_validation
gamedata\bool_data_0.xml,9044,Dungeon082,"<DataName type=""string"">Enter_Dungeon082</DataName>",candidate_needs_semantic_validation
gamedata\bool_data_0.xml,9047,Dungeon083,"<DataName type=""string"">Enter_Dungeon083</DataName>",candidate_needs_semantic_validation
gamedata\bool_data_0.xml,9050,Dungeon084,"<DataName type=""string"">Enter_Dungeon084</DataName>",candidate_needs_semantic_validation
gamedata\bool_data_0.xml,9053,Dungeon085,"<DataName type=""string"">Enter_Dungeon085</DataName>",candidate_needs_semantic_validation
gamedata\bool_data_0.xml,9056,Dungeon086,"<DataName type=""string"">Enter_Dungeon086</DataName>",candidate_needs_semantic_validation
gamedata\bool_data_0.xml,9059,Dungeon087,"<DataName type=""string"">Enter_Dungeon087</DataName>",candidate_needs_semantic_validation
gamedata\bool_data_0.xml,9062,Dungeon088,"<DataName type=""string"">Enter_Dungeon088</DataName>",candidate_needs_semantic_validation
gamedata\bool_data_0.xml,9065,Dungeon089,"<DataName type=""string"">Enter_Dungeon089</DataName>",candidate_needs_semantic_validation
gamedata\bool_data_0.xml,9068,Dungeon090,"<DataName type=""string"">Enter_Dungeon090</DataName>",candidate_needs_semantic_validation
gamedata\bool_data_0.xml,9071,Dungeon091,"<DataName type=""string"">Enter_Dungeon091</DataName>",candidate_needs_semantic_validation
gamedata\bool_data_0.xml,9074,Dungeon092,"<DataName type=""string"">Enter_Dungeon092</DataName>",candidate_needs_semantic_validation
gamedata\bool_data_0.xml,9077,Dungeon093,"<DataName type=""string"">Enter_Dungeon093</DataName>",candidate_needs_semantic_validation
gamedata\bool_data_0.xml,9080,Dungeon094,"<DataName type=""string"">Enter_Dungeon094</DataName>",candidate_needs_semantic_validation
gamedata\bool_data_0.xml,9083,Dungeon095,"<DataName type=""string"">Enter_Dungeon095</DataName>",candidate_needs_semantic_validation
gamedata\bool_data_0.xml,9086,Dungeon096,"<DataName type=""string"">Enter_Dungeon096</DataName>",candidate_needs_semantic_validation
gamedata\bool_data_0.xml,9089,Dungeon097,"<DataName type=""string"">Enter_Dungeon097</DataName>",candidate_needs_semantic_validation
gamedata\bool_data_0.xml,9092,Dungeon098,"<DataName type=""string"">Enter_Dungeon098</DataName>",candidate_needs_semantic_validation
gamedata\bool_data_0.xml,9095,Dungeon099,"<DataName type=""string"">Enter_Dungeon099</DataName>",candidate_needs_semantic_validation
gamedata\bool_data_0.xml,9098,Dungeon100,"<DataName type=""string"">Enter_Dungeon100</DataName>",candidate_needs_semantic_validation
gamedata\bool_data_0.xml,9101,Dungeon101,"<DataName type=""string"">Enter_Dungeon101</DataName>",candidate_needs_semantic_validation
gamedata\bool_data_0.xml,9104,Dungeon102,"<DataName type=""string"">Enter_Dungeon102</DataName>",candidate_needs_semantic_validation
gamedata\bool_data_0.xml,9107,Dungeon103,"<DataName type=""string"">Enter_Dungeon103</DataName>",candidate_needs_semantic_validation
gamedata\bool_data_0.xml,9110,Dungeon104,"<DataName type=""string"">Enter_Dungeon104</DataName>",candidate_needs_semantic_validation
gamedata\bool_data_0.xml,9113,Dungeon105,"<DataName type=""string"">Enter_Dungeon105</DataName>",candidate_needs_semantic_validation
gamedata\bool_data_0.xml,9116,Dungeon106,"<DataName type=""string"">Enter_Dungeon106</DataName>",candidate_needs_semantic_validation
gamedata\bool_data_0.xml,9119,Dungeon107,"<DataName type=""string"">Enter_Dungeon107</DataName>",candidate_needs_semantic_validation
gamedata\bool_data_0.xml,9122,Dungeon108,"<DataName type=""string"">Enter_Dungeon108</DataName>",candidate_needs_semantic_validation
gamedata\bool_data_0.xml,9125,Dungeon109,"<DataName type=""string"">Enter_Dungeon109</DataName>",candidate_needs_semantic_validation
gamedata\bool_data_0.xml,9128,Dungeon110,"<DataName type=""string"">Enter_Dungeon110</DataName>",candidate_needs_semantic_validation
gamedata\bool_data_0.xml,9131,Dungeon111,"<DataName type=""string"">Enter_Dungeon111</DataName>",candidate_needs_semantic_validation
gamedata\bool_data_0.xml,9134,Dungeon112,"<DataName type=""string"">Enter_Dungeon112</DataName>",candidate_needs_semantic_validation
gamedata\bool_data_0.xml,9137,Dungeon113,"<DataName type=""string"">Enter_Dungeon113</DataName>",candidate_needs_semantic_validation
gamedata\bool_data_0.xml,9140,Dungeon114,"<DataName type=""string"">Enter_Dungeon114</DataName>",candidate_needs_semantic_validation
gamedata\bool_data_0.xml,9143,Dungeon115,"<DataName type=""string"">Enter_Dungeon115</DataName>",candidate_needs_semantic_validation
gamedata\bool_data_0.xml,9146,Dungeon116,"<DataName type=""string"">Enter_Dungeon116</DataName>",candidate_needs_semantic_validation
gamedata\bool_data_0.xml,9149,Dungeon117,"<DataName type=""string"">Enter_Dungeon117</DataName>",candidate_needs_semantic_validation
gamedata\bool_data_0.xml,9152,Dungeon118,"<DataName type=""string"">Enter_Dungeon118</DataName>",candidate_needs_semantic_validation
gamedata\bool_data_0.xml,9155,Dungeon119,"<DataName type=""string"">Enter_Dungeon119</DataName>",candidate_needs_semantic_validation
gamedata\bool_data_0.xml,9257,,"<DataName type=""string"">Fire_Relic_Dungeon_NPC020_First</DataName>",candidate_needs_semantic_validation
gamedata\bool_data_0.xml,9431,,"<DataName type=""string"">TwoWheels_Dungeon</DataName>",candidate_needs_semantic_validation
gamedata\bool_data_0.xml,9443,,"<DataName type=""string"">Gaman_DungeonArrival</DataName>",candidate_needs_semantic_validation
gamedata\bool_data_0.xml,9566,Dungeon056,"<DataName type=""string"">CDungeon056_Room1_01</DataName>",candidate_needs_semantic_validation
gamedata\bool_data_0.xml,10343,Dungeon056,"<DataName type=""string"">CDungeon056_Room1_02</DataName>",candidate_needs_semantic_validation
gamedata\bool_data_0.xml,10355,Dungeon056,"<DataName type=""string"">CDungeon056_Room2_01</DataName>",candidate_needs_semantic_validation
gamedata\bool_data_0.xml,10358,Dungeon056,"<DataName type=""string"">CDungeon056_Room1_03</DataName>",candidate_needs_semantic_validation
gamedata\bool_data_0.xml,10493,Dungeon059,"<DataName type=""string"">CDungeon059_SwitchWind_01</DataName>",candidate_needs_semantic_validation
gamedata\bool_data_0.xml,10496,Dungeon059,"<DataName type=""string"">CDungeon059_SwitchWind_02</DataName>",candidate_needs_semantic_validation
gamedata\bool_data_0.xml,10499,Dungeon059,"<DataName type=""string"">CDungeon059_SwitchWind_03</DataName>",candidate_needs_semantic_validation
gamedata\bool_data_0.xml,10730,,"<DataName type=""string"">First_CDungeon_Prize</DataName>",candidate_needs_semantic_validation
gamedata\bool_data_0.xml,10733,,"<DataName type=""string"">First_CDungeon_Enemy</DataName>",candidate_needs_semantic_validation
gamedata\bool_data_0.xml,10736,,"<DataName type=""string"">First_CDungeon_Riddle</DataName>",candidate_needs_semantic_validation
gamedata\bool_data_0.xml,10739,,"<DataName type=""string"">First_CDungeon</DataName>",candidate_needs_semantic_validation
gamedata\bool_data_0.xml,10754,,"<DataName type=""string"">NightStoneDungeonAppear</DataName>",candidate_needs_semantic_validation
gamedata\bool_data_0.xml,11285,,"<DataName type=""string"">SearchStone_Dungeon</DataName>",candidate_needs_semantic_validation
gamedata\bool_data_1.xml,1781,,"<DataName type=""string"">Shadow_Sign_Dungeon</DataName>",candidate_needs_semantic_validation
gamedata\bool_data_1.xml,1871,,"<DataName type=""string"">StatueofZora_Dungeon</DataName>",candidate_needs_semantic_validation
gamedata\bool_data_1.xml,2105,,"<DataName type=""string"">NPC_GoddessStatue_ForgottenShrine</DataName>",candidate_needs_semantic_validation
gamedata\bool_data_1.xml,2342,Dungeon030,"<DataName type=""string"">Dungeon030_Gyro_1</DataName>",candidate_needs_semantic_validation
gamedata\bool_data_1.xml,2486,Dungeon030,"<DataName type=""string"">Dungeon030_Gyro_1_Open</DataName>",candidate_needs_semantic_validation
gamedata\bool_data_1.xml,2489,Dungeon030,"<DataName type=""string"">Dungeon030_Gyro_2</DataName>",candidate_needs_semantic_validation
gamedata\bool_data_1.xml,2492,Dungeon030,"<DataName type=""string"">Dungeon030_Gyro_3</DataName>",candidate_needs_semantic_validation
gamedata\bool_data_1.xml,2495,Dungeon048,"<DataName type=""string"">Dungeon048_Gyro_1</DataName>",candidate_needs_semantic_validation
gamedata\bool_data_1.xml,2498,Dungeon048,"<DataName type=""string"">Dungeon048_Gyro_1_Open</DataName>",candidate_needs_semantic_validation
gamedata\bool_data_1.xml,2501,Dungeon039,"<DataName type=""string"">Dungeon039_Gyro_1</DataName>",candidate_needs_semantic_validation
gamedata\bool_data_1.xml,2504,Dungeon039,"<DataName type=""string"">Dungeon039_Gyro_1_Open</DataName>",candidate_needs_semantic_validation
gamedata\bool_data_1.xml,2507,Dungeon013,"<DataName type=""string"">Dungeon013_Gyro_1</DataName>",candidate_needs_semantic_validation
gamedata\bool_data_1.xml,2510,Dungeon013,"<DataName type=""string"">Dungeon013_Gyro_1_Open</DataName>",candidate_needs_semantic_validation
gamedata\bool_data_1.xml,2513,Dungeon013,"<DataName type=""string"">Dungeon013_Gyro_2</DataName>",candidate_needs_semantic_validation
gamedata\bool_data_1.xml,2516,Dungeon013,"<DataName type=""string"">Dungeon013_Gyro_2_open</DataName>",candidate_needs_semantic_validation
gamedata\bool_data_1.xml,2690,Dungeon030,"<DataName type=""string"">Dungeon030_Gyro_2_Open</DataName>",candidate_needs_semantic_validation
gamedata\bool_data_1.xml,2693,Dungeon030,"<DataName type=""string"">Dungeon030_Gyro_3_Open</DataName>",candidate_needs_semantic_validation
gamedata\bool_data_1.xml,2696,Dungeon040,"<DataName type=""string"">Dungeon040_Gyro_1_Open</DataName>",candidate_needs_semantic_validation
gamedata\bool_data_1.xml,2699,Dungeon040,"<DataName type=""string"">Dungeon040_Gyro_1</DataName>",candidate_needs_semantic_validation
gamedata\bool_data_1.xml,3308,,"<DataName type=""string"">giant_dungeon</DataName>",candidate_needs_semantic_validation
gamedata\bool_data_1.xml,3440,Dungeon114,"<DataName type=""string"">CDungeon114_NetaClear</DataName>",candidate_needs_semantic_validation
gamedata\bool_data_1.xml,3566,Dungeon087,"<DataName type=""string"">CDungeon087_NetaClear</DataName>",candidate_needs_semantic_validation
gamedata\bool_data_1.xml,3809,,"<DataName type=""string"">FourJewel_Dungeon</DataName>",candidate_needs_semantic_validation
gamedata\bool_data_1.xml,4088,Dungeon043,"<DataName type=""string"">Dungeon043_IceCreate</DataName>",candidate_needs_semantic_validation
gamedata\bool_data_1.xml,5282,,"<DataName type=""string"">SunazarashiRace_Dungeon</DataName>",candidate_needs_semantic_validation
gamedata\bool_data_1.xml,5378,,"<DataName type=""string"">DarkWoods_Dungeon</DataName>",candidate_needs_semantic_validation
gamedata\bool_data_1.xml,5813,,"<DataName type=""string"">StolenBook_DungeonGenerate</DataName>",candidate_needs_semantic_validation
gamedata\bool_data_1.xml,6401,,"<DataName type=""string"">SandwormDef_Dungeon</DataName>",candidate_needs_semantic_validation
gamedata\bool_data_1.xml,6617,Dungeon026,"<DataName type=""string"">Dungeon026_Shutter1</DataName>",candidate_needs_semantic_validation
gamedata\bool_data_1.xml,6620,Dungeon026,"<DataName type=""string"">Dungeon026_Shutter2</DataName>",candidate_needs_semantic_validation
gamedata\bool_data_1.xml,6623,Dungeon026,"<DataName type=""string"">Dungeon026_Shutter3</DataName>",candidate_needs_semantic_validation
gamedata\bool_data_1.xml,6626,Dungeon109,"<DataName type=""string"">Dungeon109Test2</DataName>",candidate_needs_semantic_validation
gamedata\bool_data_1.xml,6629,Dungeon109,"<DataName type=""string"">Dungeon109Test1</DataName>",candidate_needs_semantic_validation
gamedata\bool_data_1.xml,6689,,"<DataName type=""string"">NakedIsland_AppearDungeon</DataName>",candidate_needs_semantic_validation
gamedata\bool_data_1.xml,8009,,"<DataName type=""string"">KnightDoll_Dungeon</DataName>",candidate_needs_semantic_validation
gamedata\bool_data_1.xml,8024,Dungeon000,"<DataName type=""string"">CompleteTreasure_Dungeon000</DataName>",candidate_needs_semantic_validation
gamedata\bool_data_1.xml,8027,Dungeon001,"<DataName type=""string"">CompleteTreasure_Dungeon001</DataName>",candidate_needs_semantic_validation
gamedata\bool_data_1.xml,8030,Dungeon002,"<DataName type=""string"">CompleteTreasure_Dungeon002</DataName>",candidate_needs_semantic_validation
gamedata\bool_data_1.xml,8033,Dungeon003,"<DataName type=""string"">CompleteTreasure_Dungeon003</DataName>",candidate_needs_semantic_validation
gamedata\bool_data_1.xml,8036,Dungeon004,"<DataName type=""string"">CompleteTreasure_Dungeon004</DataName>",candidate_needs_semantic_validation
gamedata\bool_data_1.xml,8039,Dungeon005,"<DataName type=""string"">CompleteTreasure_Dungeon005</DataName>",candidate_needs_semantic_validation
gamedata\bool_data_1.xml,8042,Dungeon006,"<DataName type=""string"">CompleteTreasure_Dungeon006</DataName>",candidate_needs_semantic_validation
gamedata\bool_data_1.xml,8045,Dungeon007,"<DataName type=""string"">CompleteTreasure_Dungeon007</DataName>",candidate_needs_semantic_validation
gamedata\bool_data_1.xml,8048,Dungeon008,"<DataName type=""string"">CompleteTreasure_Dungeon008</DataName>",candidate_needs_semantic_validation
gamedata\bool_data_1.xml,8051,Dungeon009,"<DataName type=""string"">CompleteTreasure_Dungeon009</DataName>",candidate_needs_semantic_validation
gamedata\bool_data_1.xml,8054,Dungeon010,"<DataName type=""string"">CompleteTreasure_Dungeon010</DataName>",candidate_needs_semantic_validation
gamedata\bool_data_1.xml,8057,Dungeon011,"<DataName type=""string"">CompleteTreasure_Dungeon011</DataName>",candidate_needs_semantic_validation
gamedata\bool_data_1.xml,8060,Dungeon012,"<DataName type=""string"">CompleteTreasure_Dungeon012</DataName>",candidate_needs_semantic_validation
gamedata\bool_data_1.xml,8063,Dungeon013,"<DataName type=""string"">CompleteTreasure_Dungeon013</DataName>",candidate_needs_semantic_validation
gamedata\bool_data_1.xml,8066,Dungeon014,"<DataName type=""string"">CompleteTreasure_Dungeon014</DataName>",candidate_needs_semantic_validation
gamedata\bool_data_1.xml,8069,Dungeon015,"<DataName type=""string"">CompleteTreasure_Dungeon015</DataName>",candidate_needs_semantic_validation
gamedata\bool_data_1.xml,8072,Dungeon016,"<DataName type=""string"">CompleteTreasure_Dungeon016</DataName>",candidate_needs_semantic_validation
gamedata\bool_data_1.xml,8075,Dungeon017,"<DataName type=""string"">CompleteTreasure_Dungeon017</DataName>",candidate_needs_semantic_validation
gamedata\bool_data_1.xml,8078,Dungeon018,"<DataName type=""string"">CompleteTreasure_Dungeon018</DataName>",candidate_needs_semantic_validation
gamedata\bool_data_1.xml,8081,Dungeon019,"<DataName type=""string"">CompleteTreasure_Dungeon019</DataName>",candidate_needs_semantic_validation
gamedata\bool_data_1.xml,8084,Dungeon020,"<DataName type=""string"">CompleteTreasure_Dungeon020</DataName>",candidate_needs_semantic_validation
gamedata\bool_data_1.xml,8087,Dungeon021,"<DataName type=""string"">CompleteTreasure_Dungeon021</DataName>",candidate_needs_semantic_validation
gamedata\bool_data_1.xml,8090,Dungeon022,"<DataName type=""string"">CompleteTreasure_Dungeon022</DataName>",candidate_needs_semantic_validation
gamedata\bool_data_1.xml,8093,Dungeon023,"<DataName type=""string"">CompleteTreasure_Dungeon023</DataName>",candidate_needs_semantic_validation
gamedata\bool_data_1.xml,8096,Dungeon024,"<DataName type=""string"">CompleteTreasure_Dungeon024</DataName>",candidate_needs_semantic_validation
gamedata\bool_data_1.xml,8099,Dungeon025,"<DataName type=""string"">CompleteTreasure_Dungeon025</DataName>",candidate_needs_semantic_validation
gamedata\bool_data_1.xml,8102,Dungeon026,"<DataName type=""string"">CompleteTreasure_Dungeon026</DataName>",candidate_needs_semantic_validation
gamedata\bool_data_1.xml,8105,Dungeon027,"<DataName type=""string"">CompleteTreasure_Dungeon027</DataName>",candidate_needs_semantic_validation
gamedata\bool_data_1.xml,8108,Dungeon028,"<DataName type=""string"">CompleteTreasure_Dungeon028</DataName>",candidate_needs_semantic_validation
gamedata\bool_data_1.xml,8111,Dungeon029,"<DataName type=""string"">CompleteTreasure_Dungeon029</DataName>",candidate_needs_semantic_validation
gamedata\bool_data_1.xml,8114,Dungeon030,"<DataName type=""string"">CompleteTreasure_Dungeon030</DataName>",candidate_needs_semantic_validation
gamedata\bool_data_1.xml,8117,Dungeon031,"<DataName type=""string"">CompleteTreasure_Dungeon031</DataName>",candidate_needs_semantic_validation
gamedata\bool_data_1.xml,8120,Dungeon032,"<DataName type=""string"">CompleteTreasure_Dungeon032</DataName>",candidate_needs_semantic_validation
gamedata\bool_data_1.xml,8123,Dungeon033,"<DataName type=""string"">CompleteTreasure_Dungeon033</DataName>",candidate_needs_semantic_validation
gamedata\bool_data_1.xml,8126,Dungeon034,"<DataName type=""string"">CompleteTreasure_Dungeon034</DataName>",candidate_needs_semantic_validation
gamedata\bool_data_1.xml,8129,Dungeon035,"<DataName type=""string"">CompleteTreasure_Dungeon035</DataName>",candidate_needs_semantic_validation
gamedata\bool_data_1.xml,8132,Dungeon036,"<DataName type=""string"">CompleteTreasure_Dungeon036</DataName>",candidate_needs_semantic_validation
gamedata\bool_data_1.xml,8135,Dungeon037,"<DataName type=""string"">CompleteTreasure_Dungeon037</DataName>",candidate_needs_semantic_validation
gamedata\bool_data_1.xml,8138,Dungeon038,"<DataName type=""string"">CompleteTreasure_Dungeon038</DataName>",candidate_needs_semantic_validation
gamedata\bool_data_1.xml,8141,Dungeon039,"<DataName type=""string"">CompleteTreasure_Dungeon039</DataName>",candidate_needs_semantic_validation
gamedata\bool_data_1.xml,8144,Dungeon040,"<DataName type=""string"">CompleteTreasure_Dungeon040</DataName>",candidate_needs_semantic_validation
gamedata\bool_data_1.xml,8147,Dungeon041,"<DataName type=""string"">CompleteTreasure_Dungeon041</DataName>",candidate_needs_semantic_validation
gamedata\bool_data_1.xml,8150,Dungeon042,"<DataName type=""string"">CompleteTreasure_Dungeon042</DataName>",candidate_needs_semantic_validation
gamedata\bool_data_1.xml,8153,Dungeon043,"<DataName type=""string"">CompleteTreasure_Dungeon043</DataName>",candidate_needs_semantic_validation
gamedata\bool_data_1.xml,8156,Dungeon044,"<DataName type=""string"">CompleteTreasure_Dungeon044</DataName>",candidate_needs_semantic_validation
gamedata\bool_data_1.xml,8159,Dungeon045,"<DataName type=""string"">CompleteTreasure_Dungeon045</DataName>",candidate_needs_semantic_validation
gamedata\bool_data_1.xml,8162,Dungeon046,"<DataName type=""string"">CompleteTreasure_Dungeon046</DataName>",candidate_needs_semantic_validation
gamedata\bool_data_1.xml,8165,Dungeon047,"<DataName type=""string"">CompleteTreasure_Dungeon047</DataName>",candidate_needs_semantic_validation
gamedata\bool_data_1.xml,8168,Dungeon048,"<DataName type=""string"">CompleteTreasure_Dungeon048</DataName>",candidate_needs_semantic_validation
gamedata\bool_data_1.xml,8171,Dungeon049,"<DataName type=""string"">CompleteTreasure_Dungeon049</DataName>",candidate_needs_semantic_validation
gamedata\bool_data_1.xml,8174,Dungeon050,"<DataName type=""string"">CompleteTreasure_Dungeon050</DataName>",candidate_needs_semantic_validation
gamedata\bool_data_1.xml,8177,Dungeon051,"<DataName type=""string"">CompleteTreasure_Dungeon051</DataName>",candidate_needs_semantic_validation
gamedata\bool_data_1.xml,8180,Dungeon052,"<DataName type=""string"">CompleteTreasure_Dungeon052</DataName>",candidate_needs_semantic_validation
gamedata\bool_data_1.xml,8183,Dungeon053,"<DataName type=""string"">CompleteTreasure_Dungeon053</DataName>",candidate_needs_semantic_validation
gamedata\bool_data_1.xml,8186,Dungeon054,"<DataName type=""string"">CompleteTreasure_Dungeon054</DataName>",candidate_needs_semantic_validation
gamedata\bool_data_1.xml,8189,Dungeon055,"<DataName type=""string"">CompleteTreasure_Dungeon055</DataName>",candidate_needs_semantic_validation
gamedata\bool_data_1.xml,8192,Dungeon056,"<DataName type=""string"">CompleteTreasure_Dungeon056</DataName>",candidate_needs_semantic_validation
gamedata\bool_data_1.xml,8195,Dungeon057,"<DataName type=""string"">CompleteTreasure_Dungeon057</DataName>",candidate_needs_semantic_validation
gamedata\bool_data_1.xml,8198,Dungeon058,"<DataName type=""string"">CompleteTreasure_Dungeon058</DataName>",candidate_needs_semantic_validation
gamedata\bool_data_1.xml,8201,Dungeon059,"<DataName type=""string"">CompleteTreasure_Dungeon059</DataName>",candidate_needs_semantic_validation
gamedata\bool_data_1.xml,8204,Dungeon060,"<DataName type=""string"">CompleteTreasure_Dungeon060</DataName>",candidate_needs_semantic_validation
gamedata\bool_data_1.xml,8207,Dungeon061,"<DataName type=""string"">CompleteTreasure_Dungeon061</DataName>",candidate_needs_semantic_validation
gamedata\bool_data_1.xml,8210,Dungeon062,"<DataName type=""string"">CompleteTreasure_Dungeon062</DataName>",candidate_needs_semantic_validation
gamedata\bool_data_1.xml,8213,Dungeon063,"<DataName type=""string"">CompleteTreasure_Dungeon063</DataName>",candidate_needs_semantic_validation
gamedata\bool_data_1.xml,8216,Dungeon064,"<DataName type=""string"">CompleteTreasure_Dungeon064</DataName>",candidate_needs_semantic_validation
gamedata\bool_data_1.xml,8219,Dungeon065,"<DataName type=""string"">CompleteTreasure_Dungeon065</DataName>",candidate_needs_semantic_validation
gamedata\bool_data_1.xml,8222,Dungeon066,"<DataName type=""string"">CompleteTreasure_Dungeon066</DataName>",candidate_needs_semantic_validation
gamedata\bool_data_1.xml,8225,Dungeon067,"<DataName type=""string"">CompleteTreasure_Dungeon067</DataName>",candidate_needs_semantic_validation
gamedata\bool_data_1.xml,8228,Dungeon068,"<DataName type=""string"">CompleteTreasure_Dungeon068</DataName>",candidate_needs_semantic_validation
gamedata\bool_data_1.xml,8231,Dungeon069,"<DataName type=""string"">CompleteTreasure_Dungeon069</DataName>",candidate_needs_semantic_validation
gamedata\bool_data_1.xml,8234,Dungeon070,"<DataName type=""string"">CompleteTreasure_Dungeon070</DataName>",candidate_needs_semantic_validation
gamedata\bool_data_1.xml,8237,Dungeon071,"<DataName type=""string"">CompleteTreasure_Dungeon071</DataName>",candidate_needs_semantic_validation
gamedata\bool_data_1.xml,8240,Dungeon072,"<DataName type=""string"">CompleteTreasure_Dungeon072</DataName>",candidate_needs_semantic_validation
gamedata\bool_data_1.xml,8243,Dungeon073,"<DataName type=""string"">CompleteTreasure_Dungeon073</DataName>",candidate_needs_semantic_validation
gamedata\bool_data_1.xml,8246,Dungeon074,"<DataName type=""string"">CompleteTreasure_Dungeon074</DataName>",candidate_needs_semantic_validation
gamedata\bool_data_1.xml,8249,Dungeon075,"<DataName type=""string"">CompleteTreasure_Dungeon075</DataName>",candidate_needs_semantic_validation
gamedata\bool_data_1.xml,8252,Dungeon076,"<DataName type=""string"">CompleteTreasure_Dungeon076</DataName>",candidate_needs_semantic_validation
gamedata\bool_data_1.xml,8255,Dungeon077,"<DataName type=""string"">CompleteTreasure_Dungeon077</DataName>",candidate_needs_semantic_validation
gamedata\bool_data_1.xml,8258,Dungeon078,"<DataName type=""string"">CompleteTreasure_Dungeon078</DataName>",candidate_needs_semantic_validation
gamedata\bool_data_1.xml,8261,Dungeon079,"<DataName type=""string"">CompleteTreasure_Dungeon079</DataName>",candidate_needs_semantic_validation
gamedata\bool_data_1.xml,8264,Dungeon080,"<DataName type=""string"">CompleteTreasure_Dungeon080</DataName>",candidate_needs_semantic_validation
gamedata\bool_data_1.xml,8267,Dungeon081,"<DataName type=""string"">CompleteTreasure_Dungeon081</DataName>",candidate_needs_semantic_validation
gamedata\bool_data_1.xml,8270,Dungeon082,"<DataName type=""string"">CompleteTreasure_Dungeon082</DataName>",candidate_needs_semantic_validation
gamedata\bool_data_1.xml,8273,Dungeon083,"<DataName type=""string"">CompleteTreasure_Dungeon083</DataName>",candidate_needs_semantic_validation
gamedata\bool_data_1.xml,8276,Dungeon084,"<DataName type=""string"">CompleteTreasure_Dungeon084</DataName>",candidate_needs_semantic_validation
gamedata\bool_data_1.xml,8279,Dungeon085,"<DataName type=""string"">CompleteTreasure_Dungeon085</DataName>",candidate_needs_semantic_validation
gamedata\bool_data_1.xml,8282,Dungeon086,"<DataName type=""string"">CompleteTreasure_Dungeon086</DataName>",candidate_needs_semantic_validation
gamedata\bool_data_1.xml,8285,Dungeon087,"<DataName type=""string"">CompleteTreasure_Dungeon087</DataName>",candidate_needs_semantic_validation
gamedata\bool_data_1.xml,8288,Dungeon088,"<DataName type=""string"">CompleteTreasure_Dungeon088</DataName>",candidate_needs_semantic_validation
gamedata\bool_data_1.xml,8291,Dungeon089,"<DataName type=""string"">CompleteTreasure_Dungeon089</DataName>",candidate_needs_semantic_validation
gamedata\bool_data_1.xml,8294,Dungeon090,"<DataName type=""string"">CompleteTreasure_Dungeon090</DataName>",candidate_needs_semantic_validation
gamedata\bool_data_1.xml,8297,Dungeon091,"<DataName type=""string"">CompleteTreasure_Dungeon091</DataName>",candidate_needs_semantic_validation
gamedata\bool_data_1.xml,8300,Dungeon092,"<DataName type=""string"">CompleteTreasure_Dungeon092</DataName>",candidate_needs_semantic_validation
gamedata\bool_data_1.xml,8303,Dungeon093,"<DataName type=""string"">CompleteTreasure_Dungeon093</DataName>",candidate_needs_semantic_validation
gamedata\bool_data_1.xml,8306,Dungeon094,"<DataName type=""string"">CompleteTreasure_Dungeon094</DataName>",candidate_needs_semantic_validation
gamedata\bool_data_1.xml,8309,Dungeon095,"<DataName type=""string"">CompleteTreasure_Dungeon095</DataName>",candidate_needs_semantic_validation
gamedata\bool_data_1.xml,8312,Dungeon096,"<DataName type=""string"">CompleteTreasure_Dungeon096</DataName>",candidate_needs_semantic_validation
gamedata\bool_data_1.xml,8315,Dungeon097,"<DataName type=""string"">CompleteTreasure_Dungeon097</DataName>",candidate_needs_semantic_validation
gamedata\bool_data_1.xml,8318,Dungeon098,"<DataName type=""string"">CompleteTreasure_Dungeon098</DataName>",candidate_needs_semantic_validation
gamedata\bool_data_1.xml,8321,Dungeon099,"<DataName type=""string"">CompleteTreasure_Dungeon099</DataName>",candidate_needs_semantic_validation
gamedata\bool_data_1.xml,8324,Dungeon100,"<DataName type=""string"">CompleteTreasure_Dungeon100</DataName>",candidate_needs_semantic_validation
gamedata\bool_data_1.xml,8327,Dungeon101,"<DataName type=""string"">CompleteTreasure_Dungeon101</DataName>",candidate_needs_semantic_validation
gamedata\bool_data_1.xml,8330,Dungeon102,"<DataName type=""string"">CompleteTreasure_Dungeon102</DataName>",candidate_needs_semantic_validation
gamedata\bool_data_1.xml,8333,Dungeon103,"<DataName type=""string"">CompleteTreasure_Dungeon103</DataName>",candidate_needs_semantic_validation
gamedata\bool_data_1.xml,8336,Dungeon104,"<DataName type=""string"">CompleteTreasure_Dungeon104</DataName>",candidate_needs_semantic_validation
gamedata\bool_data_1.xml,8339,Dungeon105,"<DataName type=""string"">CompleteTreasure_Dungeon105</DataName>",candidate_needs_semantic_validation
gamedata\bool_data_1.xml,8342,Dungeon106,"<DataName type=""string"">CompleteTreasure_Dungeon106</DataName>",candidate_needs_semantic_validation
gamedata\bool_data_1.xml,8345,Dungeon107,"<DataName type=""string"">CompleteTreasure_Dungeon107</DataName>",candidate_needs_semantic_validation
gamedata\bool_data_1.xml,8348,Dungeon108,"<DataName type=""string"">CompleteTreasure_Dungeon108</DataName>",candidate_needs_semantic_validation
gamedata\bool_data_1.xml,8351,Dungeon109,"<DataName type=""string"">CompleteTreasure_Dungeon109</DataName>",candidate_needs_semantic_validation
gamedata\bool_data_1.xml,8354,Dungeon110,"<DataName type=""string"">CompleteTreasure_Dungeon110</DataName>",candidate_needs_semantic_validation
gamedata\bool_data_1.xml,8357,Dungeon111,"<DataName type=""string"">CompleteTreasure_Dungeon111</DataName>",candidate_needs_semantic_validation
gamedata\bool_data_1.xml,8360,Dungeon112,"<DataName type=""string"">CompleteTreasure_Dungeon112</DataName>",candidate_needs_semantic_validation
gamedata\bool_data_1.xml,8363,Dungeon113,"<DataName type=""string"">CompleteTreasure_Dungeon113</DataName>",candidate_needs_semantic_validation
gamedata\bool_data_1.xml,8366,Dungeon114,"<DataName type=""string"">CompleteTreasure_Dungeon114</DataName>",candidate_needs_semantic_validation
gamedata\bool_data_1.xml,8369,Dungeon115,"<DataName type=""string"">CompleteTreasure_Dungeon115</DataName>",candidate_needs_semantic_validation
gamedata\bool_data_1.xml,8372,Dungeon116,"<DataName type=""string"">CompleteTreasure_Dungeon116</DataName>",candidate_needs_semantic_validation
gamedata\bool_data_1.xml,8375,Dungeon117,"<DataName type=""string"">CompleteTreasure_Dungeon117</DataName>",candidate_needs_semantic_validation
gamedata\bool_data_1.xml,8378,Dungeon118,"<DataName type=""string"">CompleteTreasure_Dungeon118</DataName>",candidate_needs_semantic_validation
gamedata\bool_data_1.xml,8381,Dungeon119,"<DataName type=""string"">CompleteTreasure_Dungeon119</DataName>",candidate_needs_semantic_validation
gamedata\bool_data_1.xml,8480,,"<DataName type=""string"">ClearTutorial_DungeonAll</DataName>",candidate_needs_semantic_validation
gamedata\bool_data_1.xml,8546,,"<DataName type=""string"">CompleteDungeon_Ready</DataName>",candidate_needs_semantic_validation
gamedata\bool_data_1.xml,8549,,"<DataName type=""string"">CompleteDungeon_Activated</DataName>",candidate_needs_semantic_validation
gamedata\bool_data_1.xml,8552,,"<DataName type=""string"">CompleteDungeon_Finish</DataName>",candidate_needs_semantic_validation
gamedata\bool_data_1.xml,8597,,"<DataName type=""string"">RitoSongMystery_Shrine</DataName>",candidate_needs_semantic_validation
gamedata\bool_data_1.xml,8792,,"<DataName type=""string"">EnterDungeonProhibition</DataName>",candidate_needs_semantic_validation
gamedata\bool_data_1.xml,8834,,"<DataName type=""string"">GoronsRock_DungeonAppear</DataName>",candidate_needs_semantic_validation
gamedata\bool_data_1.xml,8837,Dungeon028,"<DataName type=""string"">Dungeon028_1</DataName>",candidate_needs_semantic_validation
gamedata\bool_data_1.xml,8840,Dungeon028,"<DataName type=""string"">Dungeon028_2</DataName>",candidate_needs_semantic_validation
gamedata\bool_data_1.xml,8843,Dungeon028,"<DataName type=""string"">Dungeon028_3</DataName>",candidate_needs_semantic_validation
gamedata\bool_data_1.xml,8846,Dungeon028,"<DataName type=""string"">Dungeon028_4</DataName>",candidate_needs_semantic_validation
gamedata\bool_data_1.xml,8849,Dungeon028,"<DataName type=""string"">Dungeon028_5</DataName>",candidate_needs_semantic_validation
gamedata\bool_data_1.xml,8852,Dungeon028,"<DataName type=""string"">Dungeon028_6</DataName>",candidate_needs_semantic_validation
gamedata\bool_data_1.xml,8855,Dungeon028,"<DataName type=""string"">Dungeon028_7</DataName>",candidate_needs_semantic_validation
gamedata\bool_data_1.xml,9812,Dungeon059,"<DataName type=""string"">CDungeon059_BalloonBomb</DataName>",candidate_needs_semantic_validation
gamedata\bool_data_1.xml,9821,Dungeon059,"<DataName type=""string"">CDungeon059_BalloonLift_01</DataName>",candidate_needs_semantic_validation
gamedata\bool_data_1.xml,9824,Dungeon059,"<DataName type=""string"">CDungeon059_BalloonLift_02</DataName>",candidate_needs_semantic_validation
gamedata\bool_data_1.xml,9902,,"<DataName type=""string"">NakedIsland_DemoAppearDungeon</DataName>",candidate_needs_semantic_validation
gamedata\bool_data_1.xml,9917,,"<DataName type=""string"">CastleHarbor_DungeonAppear</DataName>",candidate_needs_semantic_validation
gamedata\bool_data_1.xml,10091,Dungeon040,"<DataName type=""string"">Dungeon040_DoorGyro_SE</DataName>",candidate_needs_semantic_validation
gamedata\bool_data_1.xml,10190,Dungeon008,"<DataName type=""string"">Dungeon008_Switch_1</DataName>",candidate_needs_semantic_validation
gamedata\bool_data_1.xml,10193,Dungeon008,"<DataName type=""string"">Dungeon008_Switch_2</DataName>",candidate_needs_semantic_validation
gamedata\bool_data_1.xml,10196,Dungeon010,"<DataName type=""string"">Dungeon010_Shutter_1</DataName>",candidate_needs_semantic_validation
gamedata\bool_data_1.xml,10223,,"<DataName type=""string"">RemainsWater_WaterTerminal_SE</DataName>",candidate_needs_semantic_validation
gamedata\bool_data_1.xml,10280,Dungeon109,"<DataName type=""string"">Dungeon109_Appear</DataName>",candidate_needs_semantic_validation
gamedata\bool_data_1.xml,10319,,"<DataName type=""string"">TutorialDungeon_Ready</DataName>",candidate_needs_semantic_validation
gamedata\bool_data_1.xml,10322,,"<DataName type=""string"">TutorialDungeon_Activated</DataName>",candidate_needs_semantic_validation
gamedata\bool_data_1.xml,10325,,"<DataName type=""string"">TutorialDungeon_Finish</DataName>",candidate_needs_semantic_validation
gamedata\bool_data_1.xml,10328,,"<DataName type=""string"">TutorialDungeon_SideStep</DataName>",candidate_needs_semantic_validation
gamedata\bool_data_1.xml,10331,,"<DataName type=""string"">TutorialDungeon_SideStepWarning</DataName>",candidate_needs_semantic_validation
gamedata\bool_data_1.xml,10358,,"<DataName type=""string"">TutorialDungeon_BackStep</DataName>",candidate_needs_semantic_validation
gamedata\bool_data_1.xml,10361,,"<DataName type=""string"">TutorialDungeon_BackStepWarning</DataName>",candidate_needs_semantic_validation
gamedata\bool_data_1.xml,10364,,"<DataName type=""string"">TutorialDungeon_GuardJust</DataName>",candidate_needs_semantic_validation
gamedata\bool_data_1.xml,10367,,"<DataName type=""string"">TutorialDungeon_GuardJustWarning</DataName>",candidate_needs_semantic_validation
gamedata\bool_data_1.xml,10370,,"<DataName type=""string"">TutorialDungeon_SpinAttack</DataName>",candidate_needs_semantic_validation
gamedata\bool_data_1.xml,10373,,"<DataName type=""string"">TutorialDungeon_SpinAttackWarning</DataName>",candidate_needs_semantic_validation
gamedata\bool_data_1.xml,10394,,"<DataName type=""string"">Dungeon_Aonuma</DataName>",candidate_needs_semantic_validation
gamedata\bool_data_1.xml,10397,,"<DataName type=""string"">Dungeon_Fujibayashi</DataName>",candidate_needs_semantic_validation
gamedata\bool_data_1.xml,10400,,"<DataName type=""string"">Dungeon_Iwamoto</DataName>",candidate_needs_semantic_validation
gamedata\bool_data_1.xml,10403,,"<DataName type=""string"">Dungeon_Tominaga</DataName>",candidate_needs_semantic_validation
gamedata\bool_data_1.xml,10607,Dungeon013,"<DataName type=""string"">Dungeon013_Temp_1</DataName>",candidate_needs_semantic_validation
gamedata\bool_data_1.xml,10610,Dungeon013,"<DataName type=""string"">Dungeon013_Temp_2</DataName>",candidate_needs_semantic_validation
gamedata\bool_data_2.xml,1688,,"<DataName type=""string"">StolenBook_DungeonDemo</DataName>",candidate_needs_semantic_validation
gamedata\bool_data_2.xml,1727,Dungeon008,"<DataName type=""string"">Dungeon008_BallExist_1</DataName>",candidate_needs_semantic_validation
gamedata\bool_data_2.xml,1730,Dungeon008,"<DataName type=""string"">Dungeon008_BallExist_2</DataName>",candidate_needs_semantic_validation
gamedata\bool_data_2.xml,2519,Dungeon120,"<DataName type=""string"">Open_Dungeon120</DataName>",candidate_needs_semantic_validation
gamedata\bool_data_2.xml,2522,Dungeon121,"<DataName type=""string"">Open_Dungeon121</DataName>",candidate_needs_semantic_validation
gamedata\bool_data_2.xml,2525,Dungeon122,"<DataName type=""string"">Open_Dungeon122</DataName>",candidate_needs_semantic_validation
gamedata\bool_data_2.xml,2528,Dungeon123,"<DataName type=""string"">Open_Dungeon123</DataName>",candidate_needs_semantic_validation
gamedata\bool_data_2.xml,2531,Dungeon124,"<DataName type=""string"">Open_Dungeon124</DataName>",candidate_needs_semantic_validation
gamedata\bool_data_2.xml,2534,Dungeon125,"<DataName type=""string"">Open_Dungeon125</DataName>",candidate_needs_semantic_validation
gamedata\bool_data_2.xml,2537,Dungeon126,"<DataName type=""string"">Open_Dungeon126</DataName>",candidate_needs_semantic_validation
gamedata\bool_data_2.xml,2540,Dungeon127,"<DataName type=""string"">Open_Dungeon127</DataName>",candidate_needs_semantic_validation
gamedata\bool_data_2.xml,2543,Dungeon128,"<DataName type=""string"">Open_Dungeon128</DataName>",candidate_needs_semantic_validation
gamedata\bool_data_2.xml,2546,Dungeon129,"<DataName type=""string"">Open_Dungeon129</DataName>",candidate_needs_semantic_validation
gamedata\bool_data_2.xml,2549,Dungeon130,"<DataName type=""string"">Open_Dungeon130</DataName>",candidate_needs_semantic_validation
gamedata\bool_data_2.xml,2552,Dungeon131,"<DataName type=""string"">Open_Dungeon131</DataName>",candidate_needs_semantic_validation
gamedata\bool_data_2.xml,2555,Dungeon132,"<DataName type=""string"">Open_Dungeon132</DataName>",candidate_needs_semantic_validation
gamedata\bool_data_2.xml,2558,Dungeon133,"<DataName type=""string"">Open_Dungeon133</DataName>",candidate_needs_semantic_validation
gamedata\bool_data_2.xml,2561,Dungeon134,"<DataName type=""string"">Open_Dungeon134</DataName>",candidate_needs_semantic_validation
gamedata\bool_data_2.xml,2564,Dungeon135,"<DataName type=""string"">Open_Dungeon135</DataName>",candidate_needs_semantic_validation
gamedata\bool_data_2.xml,2567,Dungeon136,"<DataName type=""string"">Open_Dungeon136</DataName>",candidate_needs_semantic_validation
gamedata\bool_data_2.xml,2570,Dungeon120,"<DataName type=""string"">Enter_Dungeon120</DataName>",candidate_needs_semantic_validation
gamedata\bool_data_2.xml,2573,Dungeon121,"<DataName type=""string"">Enter_Dungeon121</DataName>",candidate_needs_semantic_validation
gamedata\bool_data_2.xml,2576,Dungeon122,"<DataName type=""string"">Enter_Dungeon122</DataName>",candidate_needs_semantic_validation
gamedata\bool_data_2.xml,2579,Dungeon123,"<DataName type=""string"">Enter_Dungeon123</DataName>",candidate_needs_semantic_validation
gamedata\bool_data_2.xml,2582,Dungeon124,"<DataName type=""string"">Enter_Dungeon124</DataName>",candidate_needs_semantic_validation
gamedata\bool_data_2.xml,2585,Dungeon125,"<DataName type=""string"">Enter_Dungeon125</DataName>",candidate_needs_semantic_validation
gamedata\bool_data_2.xml,2588,Dungeon126,"<DataName type=""string"">Enter_Dungeon126</DataName>",candidate_needs_semantic_validation
gamedata\bool_data_2.xml,2591,Dungeon127,"<DataName type=""string"">Enter_Dungeon127</DataName>",candidate_needs_semantic_validation
gamedata\bool_data_2.xml,2594,Dungeon128,"<DataName type=""string"">Enter_Dungeon128</DataName>",candidate_needs_semantic_validation
gamedata\bool_data_2.xml,2597,Dungeon129,"<DataName type=""string"">Enter_Dungeon129</DataName>",candidate_needs_semantic_validation
gamedata\bool_data_2.xml,2600,Dungeon130,"<DataName type=""string"">Enter_Dungeon130</DataName>",candidate_needs_semantic_validation
gamedata\bool_data_2.xml,2603,Dungeon131,"<DataName type=""string"">Enter_Dungeon131</DataName>",candidate_needs_semantic_validation
gamedata\bool_data_2.xml,2606,Dungeon132,"<DataName type=""string"">Enter_Dungeon132</DataName>",candidate_needs_semantic_validation
gamedata\bool_data_2.xml,2609,Dungeon133,"<DataName type=""string"">Enter_Dungeon133</DataName>",candidate_needs_semantic_validation
gamedata\bool_data_2.xml,2612,Dungeon134,"<DataName type=""string"">Enter_Dungeon134</DataName>",candidate_needs_semantic_validation
gamedata\bool_data_2.xml,2615,Dungeon135,"<DataName type=""string"">Enter_Dungeon135</DataName>",candidate_needs_semantic_validation
gamedata\bool_data_2.xml,2618,Dungeon136,"<DataName type=""string"">Enter_Dungeon136</DataName>",candidate_needs_semantic_validation
gamedata\bool_data_2.xml,2621,Clear_Dungeon120,"<DataName type=""string"">Clear_Dungeon120</DataName>",candidate_needs_semantic_validation
gamedata\bool_data_2.xml,2624,Clear_Dungeon121,"<DataName type=""string"">Clear_Dungeon121</DataName>",candidate_needs_semantic_validation
gamedata\bool_data_2.xml,2627,Clear_Dungeon122,"<DataName type=""string"">Clear_Dungeon122</DataName>",candidate_needs_semantic_validation
gamedata\bool_data_2.xml,2630,Clear_Dungeon123,"<DataName type=""string"">Clear_Dungeon123</DataName>",candidate_needs_semantic_validation
gamedata\bool_data_2.xml,2633,Clear_Dungeon124,"<DataName type=""string"">Clear_Dungeon124</DataName>",candidate_needs_semantic_validation
gamedata\bool_data_2.xml,2636,Clear_Dungeon125,"<DataName type=""string"">Clear_Dungeon125</DataName>",candidate_needs_semantic_validation
gamedata\bool_data_2.xml,2639,Clear_Dungeon126,"<DataName type=""string"">Clear_Dungeon126</DataName>",candidate_needs_semantic_validation
gamedata\bool_data_2.xml,2642,Clear_Dungeon127,"<DataName type=""string"">Clear_Dungeon127</DataName>",candidate_needs_semantic_validation
gamedata\bool_data_2.xml,2645,Clear_Dungeon128,"<DataName type=""string"">Clear_Dungeon128</DataName>",candidate_needs_semantic_validation
gamedata\bool_data_2.xml,2648,Clear_Dungeon129,"<DataName type=""string"">Clear_Dungeon129</DataName>",candidate_needs_semantic_validation
gamedata\bool_data_2.xml,2651,Clear_Dungeon130,"<DataName type=""string"">Clear_Dungeon130</DataName>",candidate_needs_semantic_validation
gamedata\bool_data_2.xml,2654,Clear_Dungeon131,"<DataName type=""string"">Clear_Dungeon131</DataName>",candidate_needs_semantic_validation
gamedata\bool_data_2.xml,2657,Clear_Dungeon132,"<DataName type=""string"">Clear_Dungeon132</DataName>",candidate_needs_semantic_validation
gamedata\bool_data_2.xml,2660,Clear_Dungeon133,"<DataName type=""string"">Clear_Dungeon133</DataName>",candidate_needs_semantic_validation
gamedata\bool_data_2.xml,2663,Clear_Dungeon134,"<DataName type=""string"">Clear_Dungeon134</DataName>",candidate_needs_semantic_validation
gamedata\bool_data_2.xml,2666,Clear_Dungeon135,"<DataName type=""string"">Clear_Dungeon135</DataName>",candidate_needs_semantic_validation
gamedata\bool_data_2.xml,2669,Clear_Dungeon136,"<DataName type=""string"">Clear_Dungeon136</DataName>",candidate_needs_semantic_validation
gamedata\bool_data_2.xml,2693,Dungeon120,"<DataName type=""string"">CompleteTreasure_Dungeon120</DataName>",candidate_needs_semantic_validation
gamedata\bool_data_2.xml,2696,Dungeon121,"<DataName type=""string"">CompleteTreasure_Dungeon121</DataName>",candidate_needs_semantic_validation
gamedata\bool_data_2.xml,2699,Dungeon122,"<DataName type=""string"">CompleteTreasure_Dungeon122</DataName>",candidate_needs_semantic_validation
gamedata\bool_data_2.xml,2702,Dungeon123,"<DataName type=""string"">CompleteTreasure_Dungeon123</DataName>",candidate_needs_semantic_validation
gamedata\bool_data_2.xml,2705,Dungeon124,"<DataName type=""string"">CompleteTreasure_Dungeon124</DataName>",candidate_needs_semantic_validation
gamedata\bool_data_2.xml,2708,Dungeon125,"<DataName type=""string"">CompleteTreasure_Dungeon125</DataName>",candidate_needs_semantic_validation
gamedata\bool_data_2.xml,2711,Dungeon126,"<DataName type=""string"">CompleteTreasure_Dungeon126</DataName>",candidate_needs_semantic_validation
gamedata\bool_data_2.xml,2714,Dungeon127,"<DataName type=""string"">CompleteTreasure_Dungeon127</DataName>",candidate_needs_semantic_validation
gamedata\bool_data_2.xml,2717,Dungeon128,"<DataName type=""string"">CompleteTreasure_Dungeon128</DataName>",candidate_needs_semantic_validation
gamedata\bool_data_2.xml,2720,Dungeon129,"<DataName type=""string"">CompleteTreasure_Dungeon129</DataName>",candidate_needs_semantic_validation
gamedata\bool_data_2.xml,2723,Dungeon130,"<DataName type=""string"">CompleteTreasure_Dungeon130</DataName>",candidate_needs_semantic_validation
gamedata\bool_data_2.xml,2726,Dungeon131,"<DataName type=""string"">CompleteTreasure_Dungeon131</DataName>",candidate_needs_semantic_validation
gamedata\bool_data_2.xml,2729,Dungeon132,"<DataName type=""string"">CompleteTreasure_Dungeon132</DataName>",candidate_needs_semantic_validation
gamedata\bool_data_2.xml,2732,Dungeon133,"<DataName type=""string"">CompleteTreasure_Dungeon133</DataName>",candidate_needs_semantic_validation
gamedata\bool_data_2.xml,2735,Dungeon134,"<DataName type=""string"">CompleteTreasure_Dungeon134</DataName>",candidate_needs_semantic_validation
gamedata\bool_data_2.xml,2738,Dungeon135,"<DataName type=""string"">CompleteTreasure_Dungeon135</DataName>",candidate_needs_semantic_validation
gamedata\bool_data_2.xml,2741,Dungeon136,"<DataName type=""string"">CompleteTreasure_Dungeon136</DataName>",candidate_needs_semantic_validation
gamedata\bool_data_2.xml,2744,Dungeon000,"<DataName type=""string"">Lock_OneHitDungeon000</DataName>",candidate_needs_semantic_validation
gamedata\bool_data_2.xml,2747,Dungeon001,"<DataName type=""string"">Lock_OneHitDungeon001</DataName>",candidate_needs_semantic_validation
gamedata\bool_data_2.xml,2750,Dungeon002,"<DataName type=""string"">Lock_OneHitDungeon002</DataName>",candidate_needs_semantic_validation
gamedata\bool_data_2.xml,2753,Dungeon003,"<DataName type=""string"">Lock_OneHitDungeon003</DataName>",candidate_needs_semantic_validation
gamedata\bool_data_2.xml,2756,Dungeon000,"<DataName type=""string"">Defeat_OneHitDungeon000</DataName>",candidate_needs_semantic_validation
gamedata\bool_data_2.xml,2759,Dungeon001,"<DataName type=""string"">Defeat_OneHitDungeon001</DataName>",candidate_needs_semantic_validation
gamedata\bool_data_2.xml,2762,Dungeon002,"<DataName type=""string"">Defeat_OneHitDungeon002</DataName>",candidate_needs_semantic_validation
gamedata\bool_data_2.xml,2765,Dungeon003,"<DataName type=""string"">Defeat_OneHitDungeon003</DataName>",candidate_needs_semantic_validation
gamedata\bool_data_2.xml,2876,,"<DataName type=""string"">BalladOfHeroRito_AppearDungeon01</DataName>",candidate_needs_semantic_validation
gamedata\bool_data_2.xml,2879,,"<DataName type=""string"">BalladOfHeroRito_AppearDungeon02</DataName>",candidate_needs_semantic_validation
gamedata\bool_data_2.xml,2882,,"<DataName type=""string"">BalladOfHeroRito_AppearDungeon03</DataName>",candidate_needs_semantic_validation
gamedata\bool_data_2.xml,2885,,"<DataName type=""string"">BalladOfHeroGoron_AppearDungeon01</DataName>",candidate_needs_semantic_validation
gamedata\bool_data_2.xml,2888,,"<DataName type=""string"">BalladOfHeroGoron_AppearDungeon02</DataName>",candidate_needs_semantic_validation
gamedata\bool_data_2.xml,2891,,"<DataName type=""string"">BalladOfHeroGoron_AppearDungeon03</DataName>",candidate_needs_semantic_validation
gamedata\bool_data_2.xml,2894,,"<DataName type=""string"">BalladOfHeroZora_AppearDungeon01</DataName>",candidate_needs_semantic_validation
gamedata\bool_data_2.xml,2897,,"<DataName type=""string"">BalladOfHeroZora_AppearDungeon02</DataName>",candidate_needs_semantic_validation
gamedata\bool_data_2.xml,2900,,"<DataName type=""string"">BalladOfHeroZora_AppearDungeon03</DataName>",candidate_needs_semantic_validation
gamedata\bool_data_2.xml,2903,,"<DataName type=""string"">BalladOfHeroGerudo_AppearDungeon01</DataName>",candidate_needs_semantic_validation
gamedata\bool_data_2.xml,2906,,"<DataName type=""string"">BalladOfHeroGerudo_AppearDungeon02</DataName>",candidate_needs_semantic_validation
gamedata\bool_data_2.xml,2909,,"<DataName type=""string"">BalladOfHeroGerudo_AppearDungeon03</DataName>",candidate_needs_semantic_validation
gamedata\bool_data_2.xml,2993,,"<DataName type=""string"">Access_AllTerminalFinalTrial</DataName>",candidate_needs_semantic_validation
gamedata\bool_data_2.xml,3008,,"<DataName type=""string"">BalladOfHeroRito_Seek1stDungeon</DataName>",candidate_needs_semantic_validation
gamedata\bool_data_2.xml,3011,,"<DataName type=""string"">BalladOfHeroRito_Seek2ndDungeon</DataName>",candidate_needs_semantic_validation
gamedata\bool_data_2.xml,3014,,"<DataName type=""string"">BalladOfHeroRito_Seek3rdDungeon</DataName>",candidate_needs_semantic_validation
gamedata\bool_data_2.xml,3017,,"<DataName type=""string"">BalladOfHeroZora_Seek1stDungeon</DataName>",candidate_needs_semantic_validation
gamedata\bool_data_2.xml,3020,,"<DataName type=""string"">BalladOfHeroZora_Seek2ndDungeon</DataName>",candidate_needs_semantic_validation
gamedata\bool_data_2.xml,3023,,"<DataName type=""string"">BalladOfHeroZora_Seek3rdDungeon</DataName>",candidate_needs_semantic_validation
gamedata\bool_data_2.xml,3026,,"<DataName type=""string"">BalladOfHeroGoron_Seek1stDungeon</DataName>",candidate_needs_semantic_validation
gamedata\bool_data_2.xml,3029,,"<DataName type=""string"">BalladOfHeroGoron_Seek2ndDungeon</DataName>",candidate_needs_semantic_validation
gamedata\bool_data_2.xml,3032,,"<DataName type=""string"">BalladOfHeroGoron_Seek3rdDungeon</DataName>",candidate_needs_semantic_validation
gamedata\bool_data_2.xml,3035,,"<DataName type=""string"">BalladOfHeroGerudo_Seek1stDungeon</DataName>",candidate_needs_semantic_validation
gamedata\bool_data_2.xml,3038,,"<DataName type=""string"">BalladOfHeroGerudo_Seek2ndDungeon</DataName>",candidate_needs_semantic_validation
gamedata\bool_data_2.xml,3041,,"<DataName type=""string"">BalladOfHeroGerudo_Seek3rdDungeon</DataName>",candidate_needs_semantic_validation
gamedata\bool_data_2.xml,3044,,"<DataName type=""string"">BalladOfHeroRito_EventClearDungeon01</DataName>",candidate_needs_semantic_validation
gamedata\bool_data_2.xml,3047,,"<DataName type=""string"">BalladOfHeroRito_EventClearDungeon02</DataName>",candidate_needs_semantic_validation
gamedata\bool_data_2.xml,3050,,"<DataName type=""string"">BalladOfHeroRito_EventClearDungeon03</DataName>",candidate_needs_semantic_validation
gamedata\bool_data_2.xml,3053,,"<DataName type=""string"">BalladOfHeroes_Step02_Dungeon01</DataName>",candidate_needs_semantic_validation
gamedata\bool_data_2.xml,3056,,"<DataName type=""string"">BalladOfHeroes_Step02_Dungeon02</DataName>",candidate_needs_semantic_validation
gamedata\bool_data_2.xml,3059,,"<DataName type=""string"">BalladOfHeroes_Step02_Dungeon03</DataName>",candidate_needs_semantic_validation
gamedata\bool_data_2.xml,3065,,"<DataName type=""string"">FinalTrial_Terminal_Fire</DataName>",candidate_needs_semantic_validation
gamedata\bool_data_2.xml,3068,,"<DataName type=""string"">FinalTrial_Terminal_Electric</DataName>",candidate_needs_semantic_validation
gamedata\bool_data_2.xml,3071,,"<DataName type=""string"">FinalTrial_Terminal_Water</DataName>",candidate_needs_semantic_validation
gamedata\bool_data_2.xml,3074,,"<DataName type=""string"">FinalTrial_Terminal_Wind</DataName>",candidate_needs_semantic_validation
gamedata\bool_data_2.xml,3086,Dungeon130,"<DataName type=""string"">Dungeon130_Gyro_1</DataName>",candidate_needs_semantic_validation
gamedata\bool_data_2.xml,3089,Dungeon130,"<DataName type=""string"">Dungeon130_Gyro_1_open</DataName>",candidate_needs_semantic_validation
gamedata\bool_data_2.xml,3095,,"<DataName type=""string"">BalladOfHeroZora_EventClearDungeon01</DataName>",candidate_needs_semantic_validation
gamedata\bool_data_2.xml,3098,,"<DataName type=""string"">BalladOfHeroZora_EventClearDungeon02</DataName>",candidate_needs_semantic_validation
gamedata\bool_data_2.xml,3101,,"<DataName type=""string"">BalladOfHeroZora_EventClearDungeon03</DataName>",candidate_needs_semantic_validation
gamedata\bool_data_2.xml,3104,,"<DataName type=""string"">BalladOfHeroGoron_EventClearDungeon01</DataName>",candidate_needs_semantic_validation
gamedata\bool_data_2.xml,3107,,"<DataName type=""string"">BalladOfHeroGoron_EventClearDungeon02</DataName>",candidate_needs_semantic_validation
gamedata\bool_data_2.xml,3110,,"<DataName type=""string"">BalladOfHeroGoron_EventClearDungeon03</DataName>",candidate_needs_semantic_validation
gamedata\bool_data_2.xml,3113,,"<DataName type=""string"">BalladOfHeroGerudo_EventClearDungeon01</DataName>",candidate_needs_semantic_validation
gamedata\bool_data_2.xml,3116,,"<DataName type=""string"">BalladOfHeroGerudo_EventClearDungeon02</DataName>",candidate_needs_semantic_validation
gamedata\bool_data_2.xml,3119,,"<DataName type=""string"">BalladOfHeroGerudo_EventClearDungeon03</DataName>",candidate_needs_semantic_validation
gamedata\bool_data_2.xml,3350,Dungeon135,"<DataName type=""string"">Dungeon135_SmallKey00</DataName>",candidate_needs_semantic_validation
gamedata\bool_data_2.xml,3353,Dungeon135,"<DataName type=""string"">Dungeon135_SmallKey01</DataName>",candidate_needs_semantic_validation
gamedata\bool_data_2.xml,3356,Dungeon135,"<DataName type=""string"">Dungeon135_SmallKey02</DataName>",candidate_needs_semantic_validation
gamedata\bool_data_2.xml,3359,Dungeon135,"<DataName type=""string"">Dungeon135_SmallKey03</DataName>",candidate_needs_semantic_validation
gamedata\bool_data_2.xml,3362,Dungeon135,"<DataName type=""string"">Dungeon135_SmallKey04</DataName>",candidate_needs_semantic_validation
gamedata\bool_data_2.xml,3365,Dungeon135,"<DataName type=""string"">Dungeon135_SmallKey05</DataName>",candidate_needs_semantic_validation
gamedata\bool_data_2.xml,3368,Dungeon135,"<DataName type=""string"">Dungeon135_SmallKey06</DataName>",candidate_needs_semantic_validation
gamedata\bool_data_2.xml,3371,Dungeon135,"<DataName type=""string"">Dungeon135_SmallKey07</DataName>",candidate_needs_semantic_validation
gamedata\bool_data_2.xml,3374,Dungeon135,"<DataName type=""string"">Dungeon135_SmallKey08</DataName>",candidate_needs_semantic_validation
gamedata\bool_data_2.xml,3377,Dungeon135,"<DataName type=""string"">Dungeon135_SmallKey09</DataName>",candidate_needs_semantic_validation
gamedata\bool_data_2.xml,3476,,"<DataName type=""string"">BalladOfHeroes_EventClearDungeon01</DataName>",candidate_needs_semantic_validation
gamedata\bool_data_2.xml,3479,,"<DataName type=""string"">BalladOfHeroes_EventClearDungeon02</DataName>",candidate_needs_semantic_validation
gamedata\bool_data_2.xml,3482,,"<DataName type=""string"">BalladOfHeroes_EventClearDungeon03</DataName>",candidate_needs_semantic_validation
gamedata\bool_data_2.xml,3485,,"<DataName type=""string"">BalladOfHeroes_EventClearDungeon04</DataName>",candidate_needs_semantic_validation
gamedata\bool_data_2.xml,3548,Dungeon135,"<DataName type=""string"">Dungeon135_Switch_1</DataName>",candidate_needs_semantic_validation
gamedata\bool_data_2.xml,3617,Dungeon000,"<DataName type=""string"">OneHitDungeon000_ForDemo602_0</DataName>",candidate_needs_semantic_validation
gamedata\bool_data_2.xml,3620,Dungeon003,"<DataName type=""string"">OneHitDungeon003_ForDemo602_0</DataName>",candidate_needs_semantic_validation
gamedata\bool_data_2.xml,3623,,"<DataName type=""string"">BalladOfHeroZora_Dungeon02_ForDemo602_0</DataName>",candidate_needs_semantic_validation
gamedata\bool_data_2.xml,3626,,"<DataName type=""string"">BalladOfHeroZora_Dungeon03_ForDemo602_0</DataName>",candidate_needs_semantic_validation
gamedata\bool_data_2.xml,3629,,"<DataName type=""string"">BalladOfHeroRito_Dungeon01_ForDemo602_0</DataName>",candidate_needs_semantic_validation
gamedata\bool_data_2.xml,3632,,"<DataName type=""string"">BalladOfHeroRito_Dungeon03_ForDemo602_0</DataName>",candidate_needs_semantic_validation
gamedata\bool_data_2.xml,3635,,"<DataName type=""string"">BalladOfHeroGerudo_Dungeon02_ForDemo602_0</DataName>",candidate_needs_semantic_validation
gamedata\bool_data_2.xml,3638,,"<DataName type=""string"">BalladOfHeroGerudo_Dungeon03_ForDemo602_0</DataName>",candidate_needs_semantic_validation
gamedata\bool_data_2.xml,3731,,"<DataName type=""string"">BalladOfHeroes_Step2_Dungeon4</DataName>",candidate_needs_semantic_validation
gamedata\bool_data_2.xml,3788,Dungeon120,"<DataName type=""string"">Dungeon120_Shutter_1</DataName>",candidate_needs_semantic_validation
gamedata\bool_data_2.xml,3791,Dungeon120,"<DataName type=""string"">Dungeon120_Shutter_2</DataName>",candidate_needs_semantic_validation
gamedata\bool_data_2.xml,3812,Dungeon004,"<DataName type=""string"">Lock_OneHitDungeon004</DataName>",candidate_needs_semantic_validation
gamedata\bool_data_2.xml,3815,Dungeon004,"<DataName type=""string"">Defeat_OneHitDungeon004</DataName>",candidate_needs_semantic_validation
gamedata\bool_data_2.xml,3827,Dungeon133,"<DataName type=""string"">Dungeon133_Elec_1</DataName>",candidate_needs_semantic_validation
gamedata\bool_data_2.xml,3830,Dungeon133,"<DataName type=""string"">Dungeon133_Elec_2</DataName>",candidate_needs_semantic_validation
gamedata\bool_data_2.xml,3833,Dungeon133,"<DataName type=""string"">Dungeon133_Elec_3</DataName>",candidate_needs_semantic_validation
gamedata\bool_data_2.xml,3836,Dungeon133,"<DataName type=""string"">Dungeon133_Elec_4</DataName>",candidate_needs_semantic_validation
gamedata\bool_data_2.xml,3986,Dungeon133,"<DataName type=""string"">Dungeon133_Elec_12</DataName>",candidate_needs_semantic_validation
gamedata\bool_data_2.xml,3989,Dungeon133,"<DataName type=""string"">Dungeon133_Elec_34</DataName>",candidate_needs_semantic_validation
gamedata\bool_data_2.xml,4016,,"<DataName type=""string"">BalladOfHeroGoron_Dungeon01_ForDemo602_0</DataName>",candidate_needs_semantic_validation
gamedata\bool_data_2.xml,4019,,"<DataName type=""string"">BalladOfHeroes_Retire_Dungeon04</DataName>",candidate_needs_semantic_validation
gamedata\bool_data_2.xml,4022,,"<DataName type=""string"">Demo602_0_DungeonArrival_Snow</DataName>",candidate_needs_semantic_validation
gamedata\bool_data_2.xml,4025,,"<DataName type=""string"">Demo602_0_DungeonArrival_Water</DataName>",candidate_needs_semantic_validation
gamedata\revival_bool_data_0.xml,1850,,"<DataName type=""string"">CDungeon_Barrel_CDungeon_312889557</DataName>",candidate_needs_semantic_validation
gamedata\revival_bool_data_0.xml,1853,,"<DataName type=""string"">CDungeon_Barrel_CDungeon_882246620</DataName>",candidate_needs_semantic_validation
gamedata\revival_bool_data_0.xml,1856,,"<DataName type=""string"">CDungeon_Barrel_CDungeon_1705074755</DataName>",candidate_needs_semantic_validation
gamedata\revival_bool_data_0.xml,1859,,"<DataName type=""string"">CDungeon_Barrel_CDungeon_2912899686</DataName>",candidate_needs_semantic_validation
gamedata\revival_bool_data_0.xml,1862,,"<DataName type=""string"">CDungeon_TBox_Dungeon_Stone_79753044</DataName>",candidate_needs_semantic_validation
gamedata\revival_bool_data_0.xml,1865,,"<DataName type=""string"">CDungeon_TBox_Dungeon_Stone_1015560256</DataName>",candidate_needs_semantic_validation
gamedata\revival_bool_data_0.xml,1868,,"<DataName type=""string"">CDungeon_TBox_Dungeon_Wood_1061208573</DataName>",candidate_needs_semantic_validation
gamedata\revival_bool_data_0.xml,1871,,"<DataName type=""string"">CDungeon_ShutterKey_1336221908</DataName>",candidate_needs_semantic_validation
gamedata\revival_bool_data_0.xml,1874,,"<DataName type=""string"">CDungeon_TBox_Dungeon_Wood_3853713592</DataName>",candidate_needs_semantic_validation
gamedata\revival_bool_data_0.xml,1877,,"<DataName type=""string"">CDungeon_Enemy_Guardian_Mini_Baby_232436891</DataName>",candidate_needs_semantic_validation
gamedata\revival_bool_data_0.xml,1880,,"<DataName type=""string"">CDungeon_Enemy_Guardian_Mini_Baby_711623739</DataName>",candidate_needs_semantic_validation
gamedata\revival_bool_data_0.xml,1883,,"<DataName type=""string"">CDungeon_TBox_Dungeon_Iron_3852730446</DataName>",candidate_needs_semantic_validation
gamedata\revival_bool_data_0.xml,1886,,"<DataName type=""string"">CDungeon_Enemy_Guardian_Mini_Junior_3466938473</DataName>",candidate_needs_semantic_validation
gamedata\revival_bool_data_0.xml,1889,,"<DataName type=""string"">CDungeon_TBox_Dungeon_Iron_2489506180</DataName>",candidate_needs_semantic_validation
gamedata\revival_bool_data_0.xml,1892,,"<DataName type=""string"">CDungeon_Enemy_Guardian_Mini_Baby_1677477271</DataName>",candidate_needs_semantic_validation
gamedata\revival_bool_data_0.xml,1895,,"<DataName type=""string"">CDungeon_Enemy_Guardian_Mini_Baby_4081276934</DataName>",candidate_needs_semantic_validation
gamedata\revival_bool_data_0.xml,1898,,"<DataName type=""string"">CDungeon_Enemy_Guardian_Mini_Baby_4189079613</DataName>",candidate_needs_semantic_validation
gamedata\revival_bool_data_0.xml,1901,,"<DataName type=""string"">CDungeon_TBox_Dungeon_Stone_638977289</DataName>",candidate_needs_semantic_validation
gamedata\revival_bool_data_0.xml,1904,,"<DataName type=""string"">CDungeon_TBox_Dungeon_Stone_2441275272</DataName>",candidate_needs_semantic_validation
gamedata\revival_bool_data_0.xml,1907,,"<DataName type=""string"">CDungeon_TBox_Dungeon_Iron_3284159718</DataName>",candidate_needs_semantic_validation
gamedata\revival_bool_data_0.xml,1910,,"<DataName type=""string"">CDungeon_TBox_Dungeon_Stone_3918894197</DataName>",candidate_needs_semantic_validation
gamedata\revival_bool_data_0.xml,1913,,"<DataName type=""string"">CDungeon_TBox_Dungeon_Stone_4248817833</DataName>",candidate_needs_semantic_validation
gamedata\revival_bool_data_0.xml,1916,,"<DataName type=""string"">CDungeon_Enemy_Guardian_Mini_Junior_751042018</DataName>",candidate_needs_semantic_validation
gamedata\revival_bool_data_0.xml,1919,,"<DataName type=""string"">CDungeon_TBox_Dungeon_Iron_1735097170</DataName>",candidate_needs_semantic_validation
gamedata\revival_bool_data_0.xml,1922,,"<DataName type=""string"">CDungeon_TBox_Dungeon_Stone_4049467582</DataName>",candidate_needs_semantic_validation
gamedata\revival_bool_data_0.xml,1925,,"<DataName type=""string"">CDungeon_TBox_Dungeon_Stone_2677842568</DataName>",candidate_needs_semantic_validation
gamedata\revival_bool_data_0.xml,1928,,"<DataName type=""string"">CDungeon_TBox_Dungeon_Stone_4073483487</DataName>",candidate_needs_semantic_validation
gamedata\revival_bool_data_0.xml,1931,,"<DataName type=""string"">CDungeon_TBox_Dungeon_Stone_159148495</DataName>",candidate_needs_semantic_validation
gamedata\revival_bool_data_0.xml,1934,,"<DataName type=""string"">CDungeon_TBox_Dungeon_Stone_3513544036</DataName>",candidate_needs_semantic_validation
gamedata\revival_bool_data_0.xml,1937,,"<DataName type=""string"">CDungeon_Weapon_Lsword_031_2868413613</DataName>",candidate_needs_semantic_validation
gamedata\revival_bool_data_0.xml,1940,,"<DataName type=""string"">CDungeon_TBox_Dungeon_Stone_1182477274</DataName>",candidate_needs_semantic_validation
gamedata\revival_bool_data_0.xml,1943,,"<DataName type=""string"">CDungeon_DgnObj_DownloadTerminal_A_01_3030563290</DataName>",candidate_needs_semantic_validation
gamedata\revival_bool_data_0.xml,1946,,"<DataName type=""string"">CDungeon_Enemy_Guardian_Mini_Junior_927560093</DataName>",candidate_needs_semantic_validation
gamedata\revival_bool_data_0.xml,1949,,"<DataName type=""string"">CDungeon_Enemy_Guardian_Mini_Baby_2119697256</DataName>",candidate_needs_semantic_validation
gamedata\revival_bool_data_0.xml,1952,,"<DataName type=""string"">CDungeon_ShutterKey_48098650</DataName>",candidate_needs_semantic_validation
gamedata\revival_bool_data_0.xml,1955,,"<DataName type=""string"">CDungeon_TBox_Dungeon_Iron_1396031621</DataName>",candidate_needs_semantic_validation
gamedata\revival_bool_data_0.xml,1958,,"<DataName type=""string"">CDungeon_TBox_Dungeon_Stone_3287407663</DataName>",candidate_needs_semantic_validation
gamedata\revival_bool_data_0.xml,1961,,"<DataName type=""string"">CDungeon_TBox_Dungeon_Stone_2144851240</DataName>",candidate_needs_semantic_validation
gamedata\revival_bool_data_0.xml,1964,,"<DataName type=""string"">CDungeon_ShutterKey_1627093465</DataName>",candidate_needs_semantic_validation
gamedata\revival_bool_data_0.xml,1967,,"<DataName type=""string"">CDungeon_TBox_Dungeon_Stone_2260374746</DataName>",candidate_needs_semantic_validation
gamedata\revival_bool_data_0.xml,1970,,"<DataName type=""string"">CDungeon_TBox_Dungeon_Stone_2875625519</DataName>",candidate_needs_semantic_validation
gamedata\revival_bool_data_0.xml,1973,,"<DataName type=""string"">CDungeon_TBox_Dungeon_Stone_130001776</DataName>",candidate_needs_semantic_validation
gamedata\revival_bool_data_0.xml,1976,,"<DataName type=""string"">CDungeon_TBox_Dungeon_Stone_2374996813</DataName>",candidate_needs_semantic_validation
gamedata\revival_bool_data_0.xml,1979,,"<DataName type=""string"">CDungeon_TBox_Dungeon_Stone_3513966293</DataName>",candidate_needs_semantic_validation
gamedata\revival_bool_data_0.xml,1982,,"<DataName type=""string"">CDungeon_TBox_Dungeon_Stone_1319070279</DataName>",candidate_needs_semantic_validation
gamedata\revival_bool_data_0.xml,1985,,"<DataName type=""string"">CDungeon_TBox_Dungeon_Stone_1345302867</DataName>",candidate_needs_semantic_validation
gamedata\revival_bool_data_0.xml,1988,,"<DataName type=""string"">CDungeon_ShutterKey_3727694420</DataName>",candidate_needs_semantic_validation
gamedata\revival_bool_data_0.xml,1991,,"<DataName type=""string"">CDungeon_TBox_Dungeon_Iron_1708460808</DataName>",candidate_needs_semantic_validation
gamedata\revival_bool_data_0.xml,1994,,"<DataName type=""string"">CDungeon_TBox_Dungeon_Iron_2731610075</DataName>",candidate_needs_semantic_validation
gamedata\revival_bool_data_0.xml,1997,,"<DataName type=""string"">CDungeon_TBox_Dungeon_Stone_4140941963</DataName>",candidate_needs_semantic_validation
gamedata\revival_bool_data_0.xml,2000,,"<DataName type=""string"">CDungeon_Enemy_Guardian_Mini_Junior_304577933</DataName>",candidate_needs_semantic_validation
gamedata\revival_bool_data_0.xml,2003,,"<DataName type=""string"">CDungeon_Enemy_Guardian_Mini_Junior_1696615707</DataName>",candidate_needs_semantic_validation
gamedata\revival_bool_data_0.xml,2006,,"<DataName type=""string"">CDungeon_Barrel_CDungeon_376146241</DataName>",candidate_needs_semantic_validation
gamedata\revival_bool_data_0.xml,2009,,"<DataName type=""string"">CDungeon_TBox_Dungeon_Stone_1203458803</DataName>",candidate_needs_semantic_validation
gamedata\revival_bool_data_0.xml,2012,,"<DataName type=""string"">CDungeon_ShutterKey_1366654233</DataName>",candidate_needs_semantic_validation
gamedata\revival_bool_data_0.xml,2015,,"<DataName type=""string"">CDungeon_Barrel_CDungeon_2128295552</DataName>",candidate_needs_semantic_validation
gamedata\revival_bool_data_0.xml,2018,,"<DataName type=""string"">CDungeon_TBox_Dungeon_Iron_4120858762</DataName>",candidate_needs_semantic_validation
gamedata\revival_bool_data_0.xml,2021,,"<DataName type=""string"">CDungeon_TBox_Dungeon_Iron_896824088</DataName>",candidate_needs_semantic_validation
gamedata\revival_bool_data_0.xml,2024,,"<DataName type=""string"">CDungeon_TBox_Dungeon_Iron_1114850190</DataName>",candidate_needs_semantic_validation
gamedata\revival_bool_data_0.xml,2027,,"<DataName type=""string"">CDungeon_TBox_Dungeon_Iron_1961782765</DataName>",candidate_needs_semantic_validation
gamedata\revival_bool_data_0.xml,2030,,"<DataName type=""string"">CDungeon_TBox_Dungeon_Stone_2966651740</DataName>",candidate_needs_semantic_validation
gamedata\revival_bool_data_0.xml,2033,,"<DataName type=""string"">CDungeon_TBox_Dungeon_Iron_651697158</DataName>",candidate_needs_semantic_validation
gamedata\revival_bool_data_0.xml,2036,,"<DataName type=""string"">CDungeon_TBox_Dungeon_Wood_1608635741</DataName>",candidate_needs_semantic_validation
gamedata\revival_bool_data_0.xml,2039,,"<DataName type=""string"">CDungeon_TBox_Dungeon_Stone_944710900</DataName>",candidate_needs_semantic_validation
gamedata\revival_bool_data_0.xml,2042,,"<DataName type=""string"">CDungeon_TBox_Dungeon_Stone_1274382149</DataName>",candidate_needs_semantic_validation
gamedata\revival_bool_data_0.xml,2045,,"<DataName type=""string"">CDungeon_TBox_Dungeon_Stone_3463086557</DataName>",candidate_needs_semantic_validation
gamedata\revival_bool_data_0.xml,2048,,"<DataName type=""string"">CDungeon_TBox_Dungeon_Iron_114738522</DataName>",candidate_needs_semantic_validation
gamedata\revival_bool_data_0.xml,2051,,"<DataName type=""string"">CDungeon_PutRupee_Red_233028291</DataName>",candidate_needs_semantic_validation
gamedata\revival_bool_data_0.xml,2054,,"<DataName type=""string"">CDungeon_PutRupee_351832962</DataName>",candidate_needs_semantic_validation
gamedata\revival_bool_data_0.xml,2057,,"<DataName type=""string"">CDungeon_PutRupee_408927729</DataName>",candidate_needs_semantic_validation
gamedata\revival_bool_data_0.xml,2060,,"<DataName type=""string"">CDungeon_PutRupee_523401704</DataName>",candidate_needs_semantic_validation
gamedata\revival_bool_data_0.xml,2063,,"<DataName type=""string"">CDungeon_PutRupee_Blue_538516384</DataName>",candidate_needs_semantic_validation
gamedata\revival_bool_data_0.xml,2066,,"<DataName type=""string"">CDungeon_PutRupee_735308234</DataName>",candidate_needs_semantic_validation
gamedata\revival_bool_data_0.xml,2069,,"<DataName type=""string"">CDungeon_PutRupee_750661075</DataName>",candidate_needs_semantic_validation
gamedata\revival_bool_data_0.xml,2072,,"<DataName type=""string"">CDungeon_PutRupee_852023435</DataName>",candidate_needs_semantic_validation
gamedata\revival_bool_data_0.xml,2075,,"<DataName type=""string"">CDungeon_PutRupee_1171253277</DataName>",candidate_needs_semantic_validation
gamedata\revival_bool_data_0.xml,2078,,"<DataName type=""string"">CDungeon_PutRupee_Red_1461594934</DataName>",candidate_needs_semantic_validation
gamedata\revival_bool_data_0.xml,2081,,"<DataName type=""string"">CDungeon_PutRupee_1538858309</DataName>",candidate_needs_semantic_validation
gamedata\revival_bool_data_0.xml,2084,,"<DataName type=""string"">CDungeon_PutRupee_Blue_1557453148</DataName>",candidate_needs_semantic_validation
gamedata\revival_bool_data_0.xml,2087,,"<DataName type=""string"">CDungeon_PutRupee_1677703956</DataName>",candidate_needs_semantic_validation
gamedata\revival_bool_data_0.xml,2090,,"<DataName type=""string"">CDungeon_PutRupee_Blue_1687322381</DataName>",candidate_needs_semantic_validation
gamedata\revival_bool_data_0.xml,2093,,"<DataName type=""string"">CDungeon_PutRupee_1748322686</DataName>",candidate_needs_semantic_validation
gamedata\revival_bool_data_0.xml,2096,,"<DataName type=""string"">CDungeon_PutRupee_1868074343</DataName>",candidate_needs_semantic_validation
gamedata\revival_bool_data_0.xml,2099,,"<DataName type=""string"">CDungeon_PutRupee_Red_2061797973</DataName>",candidate_needs_semantic_validation
gamedata\revival_bool_data_0.xml,2102,,"<DataName type=""string"">CDungeon_PutRupee_2169957451</DataName>",candidate_needs_semantic_validation
gamedata\revival_bool_data_0.xml,2105,,"<DataName type=""string"">CDungeon_PutRupee_Red_2219283987</DataName>",candidate_needs_semantic_validation
gamedata\revival_bool_data_0.xml,2108,,"<DataName type=""string"">CDungeon_PutRupee_2252023890</DataName>",candidate_needs_semantic_validation
gamedata\revival_bool_data_0.xml,2111,,"<DataName type=""string"">CDungeon_PutRupee_Red_2325487137</DataName>",candidate_needs_semantic_validation
gamedata\revival_bool_data_0.xml,2114,,"<DataName type=""string"">CDungeon_PutRupee_Blue_2381437496</DataName>",candidate_needs_semantic_validation
gamedata\revival_bool_data_0.xml,2117,,"<DataName type=""string"">CDungeon_PutRupee_Red_2640095058</DataName>",candidate_needs_semantic_validation
gamedata\revival_bool_data_0.xml,2120,,"<DataName type=""string"">CDungeon_PutRupee_2748183459</DataName>",candidate_needs_semantic_validation
gamedata\revival_bool_data_0.xml,2123,,"<DataName type=""string"">CDungeon_PutRupee_Blue_2881587505</DataName>",candidate_needs_semantic_validation
gamedata\revival_bool_data_0.xml,2126,,"<DataName type=""string"">CDungeon_PutRupee_2896973096</DataName>",candidate_needs_semantic_validation
gamedata\revival_bool_data_0.xml,2129,,"<DataName type=""string"">CDungeon_TBox_Dungeon_Stone_2928701109</DataName>",candidate_needs_semantic_validation
gamedata\revival_bool_data_0.xml,2132,,"<DataName type=""string"">CDungeon_PutRupee_Blue_2963670577</DataName>",candidate_needs_semantic_validation
gamedata\revival_bool_data_0.xml,2135,,"<DataName type=""string"">CDungeon_PutRupee_Blue_3000678512</DataName>",candidate_needs_semantic_validation
gamedata\revival_bool_data_0.xml,2138,,"<DataName type=""string"">CDungeon_PutRupee_3048701033</DataName>",candidate_needs_semantic_validation
gamedata\revival_bool_data_0.xml,2141,,"<DataName type=""string"">CDungeon_PutRupee_3154194498</DataName>",candidate_needs_semantic_validation
gamedata\revival_bool_data_0.xml,2144,,"<DataName type=""string"">CDungeon_PutRupee_3266333951</DataName>",candidate_needs_semantic_validation
gamedata\revival_bool_data_0.xml,2147,,"<DataName type=""string"">CDungeon_PutRupee_Red_3319630054</DataName>",candidate_needs_semantic_validation
gamedata\revival_bool_data_0.xml,2150,,"<DataName type=""string"">CDungeon_PutRupee_Blue_3406168276</DataName>",candidate_needs_semantic_validation
gamedata\revival_bool_data_0.xml,2153,,"<DataName type=""string"">CDungeon_TBox_Dungeon_Stone_3410031031</DataName>",candidate_needs_semantic_validation
gamedata\revival_bool_data_0.xml,2156,,"<DataName type=""string"">CDungeon_PutRupee_Red_3457645196</DataName>",candidate_needs_semantic_validation
gamedata\revival_bool_data_0.xml,2159,,"<DataName type=""string"">CDungeon_PutRupee_3685449150</DataName>",candidate_needs_semantic_validation
gamedata\revival_bool_data_0.xml,2162,,"<DataName type=""string"">CDungeon_PutRupee_Red_3704011175</DataName>",candidate_needs_semantic_validation
gamedata\revival_bool_data_0.xml,2165,,"<DataName type=""string"">CDungeon_PutRupee_Red_3931871172</DataName>",candidate_needs_semantic_validation
gamedata\revival_bool_data_0.xml,2168,,"<DataName type=""string"">CDungeon_PutRupee_4047247556</DataName>",candidate_needs_semantic_validation
gamedata\revival_bool_data_0.xml,2171,,"<DataName type=""string"">CDungeon_PutRupee_4081100421</DataName>",candidate_needs_semantic_validation
gamedata\revival_bool_data_0.xml,2174,,"<DataName type=""string"">CDungeon_PutRupee_4132560093</DataName>",candidate_needs_semantic_validation
gamedata\revival_bool_data_0.xml,2177,,"<DataName type=""string"">CDungeon_PutRupee_Blue_4210485934</DataName>",candidate_needs_semantic_validation
gamedata\revival_bool_data_0.xml,2180,,"<DataName type=""string"">CDungeon_PutRupee_Red_4254805687</DataName>",candidate_needs_semantic_validation
gamedata\revival_bool_data_0.xml,2183,,"<DataName type=""string"">CDungeon_PutRupee_4293366006</DataName>",candidate_needs_semantic_validation
gamedata\revival_bool_data_0.xml,2186,,"<DataName type=""string"">CDungeon_Enemy_Guardian_Mini_Junior_55452432</DataName>",candidate_needs_semantic_validation
gamedata\revival_bool_data_0.xml,2189,,"<DataName type=""string"">CDungeon_Enemy_Guardian_Mini_Baby_1931794335</DataName>",candidate_needs_semantic_validation
gamedata\revival_bool_data_0.xml,2192,,"<DataName type=""string"">CDungeon_Enemy_Guardian_Mini_Baby_2588373674</DataName>",candidate_needs_semantic_validation
gamedata\revival_bool_data_0.xml,2195,,"<DataName type=""string"">CDungeon_TBox_Dungeon_Stone_1306359972</DataName>",candidate_needs_semantic_validation
gamedata\revival_bool_data_0.xml,2198,,"<DataName type=""string"">CDungeon_TBox_Dungeon_Stone_1749408352</DataName>",candidate_needs_semantic_validation
gamedata\revival_bool_data_0.xml,2201,,"<DataName type=""string"">CDungeon_TBox_Dungeon_Stone_2775322850</DataName>",candidate_needs_semantic_validation
gamedata\revival_bool_data_0.xml,2204,,"<DataName type=""string"">CDungeon_TBox_Dungeon_Stone_2783782463</DataName>",candidate_needs_semantic_validation
gamedata\revival_bool_data_0.xml,2207,,"<DataName type=""string"">CDungeon_ShutterKey_3210151054</DataName>",candidate_needs_semantic_validation
gamedata\revival_bool_data_0.xml,2210,,"<DataName type=""string"">CDungeon_TBox_Dungeon_Iron_2001786182</DataName>",candidate_needs_semantic_validation
gamedata\revival_bool_data_0.xml,2213,,"<DataName type=""string"">CDungeon_ShutterKey_2648027468</DataName>",candidate_needs_semantic_validation
gamedata\revival_bool_data_0.xml,2216,,"<DataName type=""string"">CDungeon_TBox_Dungeon_Stone_3566506040</DataName>",candidate_needs_semantic_validation
gamedata\revival_bool_data_0.xml,2219,,"<DataName type=""string"">CDungeon_Enemy_Guardian_Mini_Baby_12074734</DataName>",candidate_needs_semantic_validation
gamedata\revival_bool_data_0.xml,2222,,"<DataName type=""string"">CDungeon_Enemy_Guardian_Mini_Baby_122748007</DataName>",candidate_needs_semantic_validation
gamedata\revival_bool_data_0.xml,2225,,"<DataName type=""string"">CDungeon_Weapon_Sword_043_159970568</DataName>",candidate_needs_semantic_validation
gamedata\revival_bool_data_0.xml,2228,,"<DataName type=""string"">CDungeon_Enemy_Guardian_Mini_Junior_337478064</DataName>",candidate_needs_semantic_validation
gamedata\revival_bool_data_0.xml,2231,,"<DataName type=""string"">CDungeon_Enemy_Guardian_Mini_Junior_766169018</DataName>",candidate_needs_semantic_validation
gamedata\revival_bool_data_0.xml,2234,,"<DataName type=""string"">CDungeon_Enemy_Guardian_Mini_Baby_859295607</DataName>",candidate_needs_semantic_validation
gamedata\revival_bool_data_0.xml,2237,,"<DataName type=""string"">CDungeon_SwitchCandlestickAncient_1068076307</DataName>",candidate_needs_semantic_validation
gamedata\revival_bool_data_0.xml,2240,,"<DataName type=""string"">CDungeon_Enemy_Guardian_Mini_Junior_2476865048</DataName>",candidate_needs_semantic_validation
gamedata\revival_bool_data_0.xml,2243,,"<DataName type=""string"">CDungeon_Enemy_Guardian_Mini_Baby_3954664609</DataName>",candidate_needs_semantic_validation
gamedata\revival_bool_data_0.xml,2246,,"<DataName type=""string"">CDungeon_SwitchCandlestickAncient_200942711</DataName>",candidate_needs_semantic_validation
gamedata\revival_bool_data_0.xml,2249,,"<DataName type=""string"">CDungeon_TBox_Dungeon_Iron_223462799</DataName>",candidate_needs_semantic_validation
gamedata\revival_bool_data_0.xml,2252,,"<DataName type=""string"">CDungeon_SwitchCandlestickAncient_255818066</DataName>",candidate_needs_semantic_validation
gamedata\revival_bool_data_0.xml,2255,,"<DataName type=""string"">CDungeon_TBox_Dungeon_Stone_304910307</DataName>",candidate_needs_semantic_validation
gamedata\revival_bool_data_0.xml,2258,,"<DataName type=""string"">CDungeon_SwitchCandlestickAncient_308709310</DataName>",candidate_needs_semantic_validation
gamedata\revival_bool_data_0.xml,2261,,"<DataName type=""string"">CDungeon_SwitchCandlestickAncient_891246988</DataName>",candidate_needs_semantic_validation
gamedata\revival_bool_data_0.xml,2264,,"<DataName type=""string"">CDungeon_SwitchCandlestickAncient_1067647571</DataName>",candidate_needs_semantic_validation
gamedata\revival_bool_data_0.xml,2267,,"<DataName type=""string"">CDungeon_SwitchCandlestickAncient_1168177335</DataName>",candidate_needs_semantic_validation
gamedata\revival_bool_data_0.xml,2270,,"<DataName type=""string"">CDungeon_TBox_Dungeon_Stone_1249330112</DataName>",candidate_needs_semantic_validation
gamedata\revival_bool_data_0.xml,2273,,"<DataName type=""string"">CDungeon_SwitchCandlestickAncient_1316041193</DataName>",candidate_needs_semantic_validation
gamedata\revival_bool_data_0.xml,2276,,"<DataName type=""string"">CDungeon_SwitchCandlestickAncient_1565971740</DataName>",candidate_needs_semantic_validation
gamedata\revival_bool_data_0.xml,2279,,"<DataName type=""string"">CDungeon_SwitchCandlestickAncient_2106658532</DataName>",candidate_needs_semantic_validation
gamedata\revival_bool_data_0.xml,2282,,"<DataName type=""string"">CDungeon_SwitchCandlestickAncient_2282119702</DataName>",candidate_needs_semantic_validation
gamedata\revival_bool_data_0.xml,2285,,"<DataName type=""string"">CDungeon_SwitchCandlestickAncient_2333832143</DataName>",candidate_needs_semantic_validation
gamedata\revival_bool_data_0.xml,2288,,"<DataName type=""string"">CDungeon_SwitchCandlestickAncient_2357333882</DataName>",candidate_needs_semantic_validation
gamedata\revival_bool_data_0.xml,2291,,"<DataName type=""string"">CDungeon_SwitchCandlestickAncient_2781927598</DataName>",candidate_needs_semantic_validation
gamedata\revival_bool_data_0.xml,2294,,"<DataName type=""string"">CDungeon_SwitchCandlestickAncient_2919143501</DataName>",candidate_needs_semantic_validation
gamedata\revival_bool_data_0.xml,2297,,"<DataName type=""string"">CDungeon_SwitchCandlestickAncientOn_3142240707</DataName>",candidate_needs_semantic_validation
gamedata\revival_bool_data_0.xml,2300,,"<DataName type=""string"">CDungeon_SwitchCandlestickAncient_3155171738</DataName>",candidate_needs_semantic_validation
gamedata\revival_bool_data_0.xml,2303,,"<DataName type=""string"">CDungeon_SwitchCandlestickAncient_3190822737</DataName>",candidate_needs_semantic_validation
gamedata\revival_bool_data_0.xml,2306,,"<DataName type=""string"">CDungeon_TBox_Dungeon_Stone_3281368662</DataName>",candidate_needs_semantic_validation
gamedata\revival_bool_data_0.xml,2309,,"<DataName type=""string"">CDungeon_TBox_Dungeon_Stone_3826616279</DataName>",candidate_needs_semantic_validation
gamedata\revival_bool_data_0.xml,2312,,"<DataName type=""string"">CDungeon_SwitchCandlestickAncient_3838561915</DataName>",candidate_needs_semantic_validation
gamedata\revival_bool_data_0.xml,2315,,"<DataName type=""string"">CDungeon_SwitchCandlestickAncient_3900610278</DataName>",candidate_needs_semantic_validation
gamedata\revival_bool_data_0.xml,2318,,"<DataName type=""string"">CDungeon_SwitchCandlestickAncient_4055371989</DataName>",candidate_needs_semantic_validation
gamedata\revival_bool_data_0.xml,2321,,"<DataName type=""string"">CDungeon_TBox_Dungeon_Stone_4196993938</DataName>",candidate_needs_semantic_validation
gamedata\revival_bool_data_0.xml,2324,,"<DataName type=""string"">CDungeon_TBox_Dungeon_Iron_771359327</DataName>",candidate_needs_semantic_validation
gamedata\revival_bool_data_0.xml,2327,,"<DataName type=""string"">CDungeon_TBox_Dungeon_Wood_2545300147</DataName>",candidate_needs_semantic_validation
gamedata\revival_bool_data_0.xml,2330,,"<DataName type=""string"">CDungeon_TBox_Dungeon_Iron_296010651</DataName>",candidate_needs_semantic_validation
gamedata\revival_bool_data_0.xml,2333,,"<DataName type=""string"">CDungeon_TBox_Dungeon_Stone_2758576440</DataName>",candidate_needs_semantic_validation
gamedata\revival_bool_data_0.xml,2336,,"<DataName type=""string"">CDungeon_TBox_Dungeon_Iron_418217937</DataName>",candidate_needs_semantic_validation
gamedata\revival_bool_data_0.xml,2339,,"<DataName type=""string"">CDungeon_TBox_Dungeon_Stone_4073019342</DataName>",candidate_needs_semantic_validation
gamedata\revival_bool_data_0.xml,2342,,"<DataName type=""string"">CDungeon_Enemy_Guardian_Mini_Baby_4209173229</DataName>",candidate_needs_semantic_validation
gamedata\revival_bool_data_0.xml,2345,,"<DataName type=""string"">CDungeon_TBox_Dungeon_Stone_1366576292</DataName>",candidate_needs_semantic_validation
gamedata\revival_bool_data_0.xml,2348,,"<DataName type=""string"">CDungeon_Enemy_Guardian_Mini_Baby_1516711804</DataName>",candidate_needs_semantic_validation
gamedata\revival_bool_data_0.xml,2351,,"<DataName type=""string"">CDungeon_TBox_Dungeon_Stone_2298702348</DataName>",candidate_needs_semantic_validation
gamedata\revival_bool_data_0.xml,2354,,"<DataName type=""string"">CDungeon_Enemy_Guardian_Mini_Baby_2603013512</DataName>",candidate_needs_semantic_validation
gamedata\revival_bool_data_0.xml,2357,,"<DataName type=""string"">CDungeon_TBox_Dungeon_Stone_2917484848</DataName>",candidate_needs_semantic_validation
gamedata\revival_bool_data_0.xml,2360,,"<DataName type=""string"">CDungeon_TBox_Dungeon_Stone_4223476174</DataName>",candidate_needs_semantic_validation
gamedata\revival_bool_data_0.xml,2363,,"<DataName type=""string"">CDungeon_TBox_Dungeon_Stone_1852894353</DataName>",candidate_needs_semantic_validation
gamedata\revival_bool_data_0.xml,2366,,"<DataName type=""string"">CDungeon_Barrel_CDungeon_126194817</DataName>",candidate_needs_semantic_validation
gamedata\revival_bool_data_0.xml,2369,,"<DataName type=""string"">CDungeon_Barrel_CDungeon_144471684</DataName>",candidate_needs_semantic_validation
gamedata\revival_bool_data_0.xml,2372,,"<DataName type=""string"">CDungeon_Barrel_CDungeon_705128812</DataName>",candidate_needs_semantic_validation
gamedata\revival_bool_data_0.xml,2375,,"<DataName type=""string"">CDungeon_Barrel_CDungeon_1042770100</DataName>",candidate_needs_semantic_validation
gamedata\revival_bool_data_0.xml,2378,,"<DataName type=""string"">CDungeon_Barrel_CDungeon_1825997779</DataName>",candidate_needs_semantic_validation
gamedata\revival_bool_data_0.xml,2381,,"<DataName type=""string"">CDungeon_Barrel_CDungeon_1887609879</DataName>",candidate_needs_semantic_validation
gamedata\revival_bool_data_0.xml,2384,,"<DataName type=""string"">CDungeon_Barrel_CDungeon_2929227045</DataName>",candidate_needs_semantic_validation
gamedata\revival_bool_data_0.xml,2387,,"<DataName type=""string"">CDungeon_Barrel_CDungeon_4125086313</DataName>",candidate_needs_semantic_validation
gamedata\revival_bool_data_0.xml,2390,,"<DataName type=""string"">CDungeon_TBox_Dungeon_Stone_445242426</DataName>",candidate_needs_semantic_validation
gamedata\revival_bool_data_0.xml,2393,,"<DataName type=""string"">CDungeon_TBox_Dungeon_Stone_1223731997</DataName>",candidate_needs_semantic_validation
gamedata\revival_bool_data_0.xml,2396,,"<DataName type=""string"">CDungeon_ShutterKey_4003336557</DataName>",candidate_needs_semantic_validation
gamedata\revival_bool_data_0.xml,2399,,"<DataName type=""string"">CDungeon_TBox_Dungeon_Stone_450234134</DataName>",candidate_needs_semantic_validation
gamedata\revival_bool_data_0.xml,2402,,"<DataName type=""string"">CDungeon_TBox_Dungeon_Stone_2699775799</DataName>",candidate_needs_semantic_validation
gamedata\revival_bool_data_0.xml,2405,,"<DataName type=""string"">CDungeon_TBox_Dungeon_Stone_4270154666</DataName>",candidate_needs_semantic_validation
gamedata\revival_bool_data_0.xml,2408,,"<DataName type=""string"">CDungeon_TBox_Dungeon_Stone_962037740</DataName>",candidate_needs_semantic_validation
gamedata\revival_bool_data_0.xml,2411,,"<DataName type=""string"">CDungeon_TBox_Dungeon_Stone_3612472744</DataName>",candidate_needs_semantic_validation
gamedata\revival_bool_data_0.xml,2414,,"<DataName type=""string"">CDungeon_TBox_Dungeon_Iron_3658282587</DataName>",candidate_needs_semantic_validation
gamedata\revival_bool_data_0.xml,2417,,"<DataName type=""string"">CDungeon_Enemy_Guardian_Mini_Baby_1266903253</DataName>",candidate_needs_semantic_validation
gamedata\revival_bool_data_0.xml,2420,,"<DataName type=""string"">CDungeon_DgnObj_DownloadTerminal_A_01_2308174590</DataName>",candidate_needs_semantic_validation
gamedata\revival_bool_data_0.xml,2423,,"<DataName type=""string"">CDungeon_TBox_Dungeon_Iron_3375369818</DataName>",candidate_needs_semantic_validation
gamedata\revival_bool_data_0.xml,2426,,"<DataName type=""string"">CDungeon_TBox_Dungeon_Stone_2175434126</DataName>",candidate_needs_semantic_validation
gamedata\revival_bool_data_0.xml,2429,,"<DataName type=""string"">CDungeon_Barrel_1092770907</DataName>",candidate_needs_semantic_validation
gamedata\revival_bool_data_0.xml,2432,,"<DataName type=""string"">CDungeon_Enemy_Guardian_Mini_Junior_1618174821</DataName>",candidate_needs_semantic_validation
gamedata\revival_bool_data_0.xml,2435,,"<DataName type=""string"">CDungeon_Barrel_2083647576</DataName>",candidate_needs_semantic_validation
gamedata\revival_bool_data_0.xml,2438,,"<DataName type=""string"">CDungeon_Enemy_Guardian_Mini_Junior_2299577936</DataName>",candidate_needs_semantic_validation
gamedata\revival_bool_data_0.xml,2441,,"<DataName type=""string"">CDungeon_Enemy_Guardian_Mini_Junior_3222881940</DataName>",candidate_needs_semantic_validation
gamedata\revival_bool_data_0.xml,2444,,"<DataName type=""string"">CDungeon_Barrel_3761156419</DataName>",candidate_needs_semantic_validation
gamedata\revival_bool_data_0.xml,2447,,"<DataName type=""string"">CDungeon_Enemy_Guardian_Mini_Junior_4262983366</DataName>",candidate_needs_semantic_validation
gamedata\revival_bool_data_0.xml,2450,,"<DataName type=""string"">CDungeon_TBox_Dungeon_Stone_616546705</DataName>",candidate_needs_semantic_validation
gamedata\revival_bool_data_0.xml,2453,,"<DataName type=""string"">CDungeon_TBox_Dungeon_Stone_1402060224</DataName>",candidate_needs_semantic_validation
gamedata\revival_bool_data_0.xml,2456,,"<DataName type=""string"">CDungeon_TBox_Dungeon_Stone_2202095126</DataName>",candidate_needs_semantic_validation
gamedata\revival_bool_data_0.xml,2459,,"<DataName type=""string"">CDungeon_TBox_Dungeon_Stone_2914122144</DataName>",candidate_needs_semantic_validation
gamedata\revival_bool_data_0.xml,2462,,"<DataName type=""string"">CDungeon_TBox_Dungeon_Stone_3497573834</DataName>",candidate_needs_semantic_validation
gamedata\revival_bool_data_0.xml,2465,,"<DataName type=""string"">CDungeon_TBox_Dungeon_Stone_235083489</DataName>",candidate_needs_semantic_validation
gamedata\revival_bool_data_0.xml,2468,,"<DataName type=""string"">CDungeon_DgnObj_DownloadTerminal_A_01_714582554</DataName>",candidate_needs_semantic_validation
gamedata\revival_bool_data_0.xml,2471,,"<DataName type=""string"">CDungeon_TBox_Dungeon_Stone_4192706961</DataName>",candidate_needs_semantic_validation
gamedata\revival_bool_data_0.xml,2474,,"<DataName type=""string"">CDungeon_TBox_Dungeon_Stone_2081482182</DataName>",candidate_needs_semantic_validation
gamedata\revival_bool_data_0.xml,2477,,"<DataName type=""string"">CDungeon_TBox_Dungeon_Stone_294526304</DataName>",candidate_needs_semantic_validation
gamedata\revival_bool_data_0.xml,2480,,"<DataName type=""string"">CDungeon_TBox_Dungeon_Stone_1221975918</DataName>",candidate_needs_semantic_validation
gamedata\revival_bool_data_0.xml,2483,,"<DataName type=""string"">CDungeon_TBox_Dungeon_Stone_787648808</DataName>",candidate_needs_semantic_validation
gamedata\revival_bool_data_0.xml,2486,,"<DataName type=""string"">CDungeon_TBox_Dungeon_Iron_2733670140</DataName>",candidate_needs_semantic_validation
gamedata\revival_bool_data_0.xml,2489,,"<DataName type=""string"">CDungeon_TBox_Dungeon_Stone_1203109046</DataName>",candidate_needs_semantic_validation
gamedata\revival_bool_data_0.xml,2492,,"<DataName type=""string"">CDungeon_TBox_Dungeon_Stone_2075859436</DataName>",candidate_needs_semantic_validation
gamedata\revival_bool_data_0.xml,2495,,"<DataName type=""string"">CDungeon_Enemy_Guardian_Mini_Baby_449976565</DataName>",candidate_needs_semantic_validation
gamedata\revival_bool_data_0.xml,2498,,"<DataName type=""string"">CDungeon_Enemy_Guardian_Mini_Baby_1693900535</DataName>",candidate_needs_semantic_validation
gamedata\revival_bool_data_0.xml,2501,,"<DataName type=""string"">CDungeon_Enemy_Guardian_Mini_Baby_3402023080</DataName>",candidate_needs_semantic_validation
gamedata\revival_bool_data_0.xml,2504,,"<DataName type=""string"">CDungeon_TBox_Dungeon_Stone_4012296241</DataName>",candidate_needs_semantic_validation
gamedata\revival_bool_data_0.xml,2507,,"<DataName type=""string"">CDungeon_TBox_Dungeon_Wood_4214849996</DataName>",candidate_needs_semantic_validation
gamedata\revival_bool_data_0.xml,2510,,"<DataName type=""string"">CDungeon_TBox_Dungeon_Iron_050_923248764</DataName>",candidate_needs_semantic_validation
gamedata\revival_bool_data_0.xml,2513,,"<DataName type=""string"">CDungeon_TBox_Dungeon_Stone_3173256521</DataName>",candidate_needs_semantic_validation
gamedata\revival_bool_data_0.xml,2516,,"<DataName type=""string"">CDungeon_Enemy_Guardian_Mini_Baby_32907362</DataName>",candidate_needs_semantic_validation
gamedata\revival_bool_data_0.xml,2519,,"<DataName type=""string"">CDungeon_Enemy_Guardian_Mini_Baby_434930801</DataName>",candidate_needs_semantic_validation
gamedata\revival_bool_data_0.xml,2522,,"<DataName type=""string"">CDungeon_Enemy_Guardian_Mini_Baby_464140840</DataName>",candidate_needs_semantic_validation
gamedata\revival_bool_data_0.xml,2525,,"<DataName type=""string"">CDungeon_Enemy_Guardian_Mini_Baby_4266961270</DataName>",candidate_needs_semantic_validation
gamedata\revival_bool_data_0.xml,2528,,"<DataName type=""string"">CDungeon_TBox_Dungeon_Iron_1297119120</DataName>",candidate_needs_semantic_validation
gamedata\revival_bool_data_0.xml,2531,,"<DataName type=""string"">CDungeon_TBox_Dungeon_Iron_2905879506</DataName>",candidate_needs_semantic_validation
gamedata\revival_bool_data_0.xml,2534,,"<DataName type=""string"">CDungeon_TBox_Dungeon_Stone_4272783493</DataName>",candidate_needs_semantic_validation
gamedata\revival_bool_data_0.xml,2537,,"<DataName type=""string"">CDungeon_TBox_Dungeon_Stone_2975470194</DataName>",candidate_needs_semantic_validation
gamedata\revival_bool_data_0.xml,2540,,"<DataName type=""string"">CDungeon_Enemy_Guardian_Mini_Baby_1506956104</DataName>",candidate_needs_semantic_validation
gamedata\revival_bool_data_0.xml,2543,,"<DataName type=""string"">CDungeon_TBox_Dungeon_Stone_287351360</DataName>",candidate_needs_semantic_validation
gamedata\revival_bool_data_0.xml,2546,,"<DataName type=""string"">CDungeon_TBox_Dungeon_Stone_699967431</DataName>",candidate_needs_semantic_validation
gamedata\revival_bool_data_0.xml,2549,,"<DataName type=""string"">CDungeon_Enemy_Guardian_Mini_Baby_1857268230</DataName>",candidate_needs_semantic_validation
gamedata\revival_bool_data_0.xml,2552,,"<DataName type=""string"">CDungeon_Enemy_Guardian_Mini_Junior_3515525301</DataName>",candidate_needs_semantic_validation
gamedata\revival_bool_data_0.xml,2555,,"<DataName type=""string"">CDungeon_TBox_Dungeon_Iron_393155234</DataName>",candidate_needs_semantic_validation
gamedata\revival_bool_data_0.xml,2558,,"<DataName type=""string"">CDungeon_TBox_Dungeon_Stone_2042129072</DataName>",candidate_needs_semantic_validation
gamedata\revival_bool_data_0.xml,2561,,"<DataName type=""string"">CDungeon_TBox_Dungeon_Stone_3705447709</DataName>",candidate_needs_semantic_validation
gamedata\revival_bool_data_0.xml,2564,,"<DataName type=""string"">CDungeon_TBox_Dungeon_Stone_2319591679</DataName>",candidate_needs_semantic_validation
gamedata\revival_bool_data_0.xml,2567,,"<DataName type=""string"">CDungeon_TBox_Dungeon_Stone_3047743907</DataName>",candidate_needs_semantic_validation
gamedata\revival_bool_data_0.xml,2570,,"<DataName type=""string"">CDungeon_TBox_Dungeon_Stone_309690636</DataName>",candidate_needs_semantic_validation
gamedata\revival_bool_data_0.xml,2573,,"<DataName type=""string"">CDungeon_TBox_Dungeon_Stone_1168499415</DataName>",candidate_needs_semantic_validation
gamedata\revival_bool_data_0.xml,2576,,"<DataName type=""string"">CDungeon_TBox_Dungeon_Stone_2340212918</DataName>",candidate_needs_semantic_validation
gamedata\revival_bool_data_0.xml,2579,,"<DataName type=""string"">CDungeon_TBox_Dungeon_Stone_322360761</DataName>",candidate_needs_semantic_validation
gamedata\revival_bool_data_0.xml,2582,,"<DataName type=""string"">CDungeon_TBox_Dungeon_Stone_359699135</DataName>",candidate_needs_semantic_validation
gamedata\revival_bool_data_0.xml,2585,,"<DataName type=""string"">CDungeon_TBox_Dungeon_Stone_718693766</DataName>",candidate_needs_semantic_validation
gamedata\revival_bool_data_0.xml,2588,,"<DataName type=""string"">CDungeon_TBox_Dungeon_Stone_3819328534</DataName>",candidate_needs_semantic_validation
gamedata\revival_bool_data_0.xml,2591,,"<DataName type=""string"">CDungeon_Barrel_CDungeon_594101259</DataName>",candidate_needs_semantic_validation
gamedata\revival_bool_data_0.xml,2594,,"<DataName type=""string"">CDungeon_Barrel_CDungeon_1160610760</DataName>",candidate_needs_semantic_validation
gamedata\revival_bool_data_0.xml,2597,,"<DataName type=""string"">CDungeon_Enemy_Guardian_Mini_Baby_2428658775</DataName>",candidate_needs_semantic_validation
gamedata\revival_bool_data_0.xml,2600,,"<DataName type=""string"">CDungeon_Barrel_CDungeon_3092003215</DataName>",candidate_needs_semantic_validation
gamedata\revival_bool_data_0.xml,2603,,"<DataName type=""string"">CDungeon_Barrel_CDungeon_3856948289</DataName>",candidate_needs_semantic_validation
gamedata\revival_bool_data_0.xml,2606,,"<DataName type=""string"">CDungeon_Enemy_Guardian_Mini_Junior_216114571</DataName>",candidate_needs_semantic_validation
gamedata\revival_bool_data_0.xml,2609,,"<DataName type=""string"">CDungeon_ShutterKey_476606135</DataName>",candidate_needs_semantic_validation
gamedata\revival_bool_data_0.xml,2612,,"<DataName type=""string"">CDungeon_TBox_Dungeon_Stone_889586639</DataName>",candidate_needs_semantic_validation
gamedata\revival_bool_data_0.xml,2615,,"<DataName type=""string"">CDungeon_Enemy_Guardian_Mini_Junior_1022694805</DataName>",candidate_needs_semantic_validation
gamedata\revival_bool_data_0.xml,2618,,"<DataName type=""string"">CDungeon_Enemy_Guardian_Mini_Junior_2078709021</DataName>",candidate_needs_semantic_validation
gamedata\revival_bool_data_0.xml,2621,,"<DataName type=""string"">CDungeon_TBox_Dungeon_Stone_2150412173</DataName>",candidate_needs_semantic_validation
gamedata\revival_bool_data_0.xml,2624,,"<DataName type=""string"">CDungeon_TBox_Dungeon_Stone_2402635144</DataName>",candidate_needs_semantic_validation
gamedata\revival_bool_data_0.xml,2627,,"<DataName type=""string"">CDungeon_TBox_Dungeon_Stone_3055684308</DataName>",candidate_needs_semantic_validation
gamedata\revival_bool_data_0.xml,2630,,"<DataName type=""string"">CDungeon_TBox_Dungeon_Stone_3147218512</DataName>",candidate_needs_semantic_validation
gamedata\revival_bool_data_0.xml,2633,,"<DataName type=""string"">CDungeon_TBox_Dungeon_Stone_3495362814</DataName>",candidate_needs_semantic_validation
gamedata\revival_bool_data_0.xml,2636,,"<DataName type=""string"">CDungeon_TBox_Dungeon_Iron_32387787</DataName>",candidate_needs_semantic_validation
gamedata\revival_bool_data_0.xml,2639,,"<DataName type=""string"">CDungeon_ShutterKey_968152827</DataName>",candidate_needs_semantic_validation
gamedata\revival_bool_data_0.xml,2642,,"<DataName type=""string"">CDungeon_TBox_Dungeon_Wood_3299660229</DataName>",candidate_needs_semantic_validation
gamedata\revival_bool_data_0.xml,2645,,"<DataName type=""string"">CDungeon_TBox_Dungeon_Wood_3647020470</DataName>",candidate_needs_semantic_validation
gamedata\revival_bool_data_0.xml,2648,,"<DataName type=""string"">CDungeon_TBox_Dungeon_Stone_654507101</DataName>",candidate_needs_semantic_validation
gamedata\revival_bool_data_0.xml,2651,,"<DataName type=""string"">CDungeon_ShutterKey_1183819034</DataName>",candidate_needs_semantic_validation
gamedata\revival_bool_data_0.xml,2654,,"<DataName type=""string"">CDungeon_TBox_Dungeon_Stone_2591211974</DataName>",candidate_needs_semantic_validation
gamedata\revival_bool_data_0.xml,2657,,"<DataName type=""string"">CDungeon_TBox_Dungeon_Stone_987962398</DataName>",candidate_needs_semantic_validation
gamedata\revival_bool_data_0.xml,2660,,"<DataName type=""string"">CDungeon_TBox_Dungeon_Stone_3884443295</DataName>",candidate_needs_semantic_validation
gamedata\revival_bool_data_0.xml,2663,,"<DataName type=""string"">CDungeon_Enemy_Guardian_Mini_Baby_675606334</DataName>",candidate_needs_semantic_validation
gamedata\revival_bool_data_0.xml,2666,,"<DataName type=""string"">CDungeon_DgnObj_DownloadTerminal_A_01_1421474480</DataName>",candidate_needs_semantic_validation
gamedata\revival_bool_data_0.xml,2669,,"<DataName type=""string"">CDungeon_TBox_Dungeon_Stone_1490683918</DataName>",candidate_needs_semantic_validation
gamedata\revival_bool_data_0.xml,2672,,"<DataName type=""string"">CDungeon_TBox_Dungeon_Stone_215071769</DataName>",candidate_needs_semantic_validation
gamedata\revival_bool_data_0.xml,2675,,"<DataName type=""string"">CDungeon_ShutterKey_2271520545</DataName>",candidate_needs_semantic_validation
gamedata\revival_bool_data_0.xml,2678,,"<DataName type=""string"">CDungeon_TBox_Dungeon_Stone_2541023350</DataName>",candidate_needs_semantic_validation
gamedata\revival_bool_data_0.xml,2681,,"<DataName type=""string"">CDungeon_TBox_Dungeon_Wood_3617692800</DataName>",candidate_needs_semantic_validation
gamedata\revival_bool_data_0.xml,2684,,"<DataName type=""string"">CDungeon_TBox_Dungeon_Stone_319620032</DataName>",candidate_needs_semantic_validation
gamedata\revival_bool_data_0.xml,2687,,"<DataName type=""string"">CDungeon_TBox_Dungeon_Stone_582159315</DataName>",candidate_needs_semantic_validation
gamedata\revival_bool_data_0.xml,2690,,"<DataName type=""string"">CDungeon_TBox_Dungeon_Stone_1505890884</DataName>",candidate_needs_semantic_validation
gamedata\revival_bool_data_0.xml,2693,,"<DataName type=""string"">CDungeon_Enemy_Guardian_Mini_Junior_Wipe_587524306</DataName>",candidate_needs_semantic_validation
gamedata\revival_bool_data_0.xml,2696,,"<DataName type=""string"">CDungeon_TBox_Dungeon_Stone_3032109463</DataName>",candidate_needs_semantic_validation
gamedata\revival_bool_data_0.xml,2699,,"<DataName type=""string"">CDungeon_Enemy_Guardian_Mini_Junior_Wipe_3285708974</DataName>",candidate_needs_semantic_validation
gamedata\revival_bool_data_0.xml,2702,,"<DataName type=""string"">CDungeon_TBox_Dungeon_Stone_3450862395</DataName>",candidate_needs_semantic_validation
gamedata\revival_bool_data_0.xml,2705,,"<DataName type=""string"">CDungeon_TBox_Dungeon_Stone_992999892</DataName>",candidate_needs_semantic_validation
gamedata\revival_bool_data_0.xml,2708,,"<DataName type=""string"">CDungeon_Enemy_Guardian_Mini_Junior_Wipe_1387514970</DataName>",candidate_needs_semantic_validation
gamedata\revival_bool_data_0.xml,2711,,"<DataName type=""string"">CDungeon_Enemy_Guardian_Mini_Junior_Wipe_455548141</DataName>",candidate_needs_semantic_validation
gamedata\revival_bool_data_0.xml,2714,,"<DataName type=""string"">CDungeon_TBox_Dungeon_Stone_628803076</DataName>",candidate_needs_semantic_validation
gamedata\revival_bool_data_0.xml,2717,,"<DataName type=""string"">CDungeon_TBox_Dungeon_Stone_821435950</DataName>",candidate_needs_semantic_validation
gamedata\revival_bool_data_0.xml,2720,,"<DataName type=""string"">CDungeon_Enemy_Guardian_Mini_Junior_Wipe_4225218943</DataName>",candidate_needs_semantic_validation
gamedata\revival_bool_data_0.xml,2723,,"<DataName type=""string"">CDungeon_TBox_Dungeon_Stone_1908915428</DataName>",candidate_needs_semantic_validation
gamedata\revival_bool_data_0.xml,2726,,"<DataName type=""string"">CDungeon_Enemy_Guardian_Mini_Junior_Wipe_2315392512</DataName>",candidate_needs_semantic_validation
gamedata\revival_bool_data_0.xml,2729,,"<DataName type=""string"">CDungeon_TBox_Dungeon_Stone_1835622564</DataName>",candidate_needs_semantic_validation
gamedata\revival_bool_data_0.xml,2732,,"<DataName type=""string"">CDungeon_Enemy_Guardian_Mini_Middle_3809547592</DataName>",candidate_needs_semantic_validation
gamedata\revival_bool_data_0.xml,2735,,"<DataName type=""string"">CDungeon_TBox_Dungeon_Stone_3073200707</DataName>",candidate_needs_semantic_validation
gamedata\revival_bool_data_0.xml,2738,,"<DataName type=""string"">CDungeon_Enemy_Guardian_Mini_Middle_3468909086</DataName>",candidate_needs_semantic_validation
gamedata\revival_bool_data_0.xml,2741,,"<DataName type=""string"">CDungeon_Enemy_Guardian_Mini_Middle_68391124</DataName>",candidate_needs_semantic_validation
gamedata\revival_bool_data_0.xml,2744,,"<DataName type=""string"">CDungeon_TBox_Dungeon_Stone_246330360</DataName>",candidate_needs_semantic_validation
gamedata\revival_bool_data_0.xml,2747,,"<DataName type=""string"">CDungeon_TBox_Dungeon_Stone_2855684808</DataName>",candidate_needs_semantic_validation
gamedata\revival_bool_data_0.xml,2750,,"<DataName type=""string"">CDungeon_Enemy_Guardian_Mini_Middle_3508831506</DataName>",candidate_needs_semantic_validation
gamedata\revival_bool_data_0.xml,2753,,"<DataName type=""string"">CDungeon_TBox_Dungeon_Stone_396797432</DataName>",candidate_needs_semantic_validation
gamedata\revival_bool_data_0.xml,2756,,"<DataName type=""string"">CDungeon_Enemy_Guardian_Mini_Middle_2352190641</DataName>",candidate_needs_semantic_validation
gamedata\revival_bool_data_0.xml,2759,,"<DataName type=""string"">CDungeon_Enemy_Guardian_Mini_Middle_962960752</DataName>",candidate_needs_semantic_validation
gamedata\revival_bool_data_0.xml,2762,,"<DataName type=""string"">CDungeon_TBox_Dungeon_Stone_3517324741</DataName>",candidate_needs_semantic_validation
gamedata\revival_bool_data_0.xml,2765,,"<DataName type=""string"">CDungeon_Enemy_Guardian_Mini_Senior_567100857</DataName>",candidate_needs_semantic_validation
gamedata\revival_bool_data_0.xml,2768,,"<DataName type=""string"">CDungeon_TBox_Dungeon_Stone_2231710576</DataName>",candidate_needs_semantic_validation
gamedata\revival_bool_data_0.xml,2771,,"<DataName type=""string"">CDungeon_Enemy_Guardian_Mini_Senior_3334538678</DataName>",candidate_needs_semantic_validation
gamedata\revival_bool_data_0.xml,2774,,"<DataName type=""string"">CDungeon_TBox_Dungeon_Stone_3776874027</DataName>",candidate_needs_semantic_validation
gamedata\revival_bool_data_0.xml,2777,,"<DataName type=""string"">CDungeon_TBox_Dungeon_Stone_1101189494</DataName>",candidate_needs_semantic_validation
gamedata\revival_bool_data_0.xml,2780,,"<DataName type=""string"">CDungeon_Enemy_Guardian_Mini_Senior_3780796169</DataName>",candidate_needs_semantic_validation
gamedata\revival_bool_data_0.xml,2783,,"<DataName type=""string"">CDungeon_Enemy_Guardian_Mini_Senior_2845352289</DataName>",candidate_needs_semantic_validation
gamedata\revival_bool_data_0.xml,2786,,"<DataName type=""string"">CDungeon_TBox_Dungeon_Stone_4153981767</DataName>",candidate_needs_semantic_validation
gamedata\revival_bool_data_0.xml,2789,,"<DataName type=""string"">CDungeon_TBox_Dungeon_Stone_289382806</DataName>",candidate_needs_semantic_validation
gamedata\revival_bool_data_0.xml,2792,,"<DataName type=""string"">CDungeon_Enemy_Guardian_Mini_Senior_1520705379</DataName>",candidate_needs_semantic_validation
gamedata\revival_bool_data_0.xml,2795,,"<DataName type=""string"">CDungeon_TBox_Dungeon_Stone_56897618</DataName>",candidate_needs_semantic_validation
gamedata\revival_bool_data_0.xml,2798,,"<DataName type=""string"">CDungeon_Enemy_Guardian_Mini_Senior_4062528233</DataName>",candidate_needs_semantic_validation
gamedata\revival_bool_data_0.xml,2801,,"<DataName type=""string"">CDungeon_TBox_Dungeon_Stone_262007905</DataName>",candidate_needs_semantic_validation
gamedata\revival_bool_data_0.xml,2804,,"<DataName type=""string"">CDungeon_Enemy_Guardian_Mini_Senior_1860818910</DataName>",candidate_needs_semantic_validation
gamedata\revival_bool_data_0.xml,2807,,"<DataName type=""string"">CDungeon_TBox_Dungeon_Stone_1249779666</DataName>",candidate_needs_semantic_validation
gamedata\revival_bool_data_0.xml,2810,,"<DataName type=""string"">CDungeon_Enemy_Guardian_Mini_Senior_3632635303</DataName>",candidate_needs_semantic_validation
gamedata\revival_bool_data_0.xml,2813,,"<DataName type=""string"">CDungeon_TBox_Dungeon_Iron_3298610380</DataName>",candidate_needs_semantic_validation
gamedata\revival_bool_data_0.xml,2816,,"<DataName type=""string"">CDungeon_TBox_Dungeon_Iron_1597604003</DataName>",candidate_needs_semantic_validation
gamedata\revival_bool_data_0.xml,2819,,"<DataName type=""string"">CDungeon_TBox_Dungeon_Iron_682054227</DataName>",candidate_needs_semantic_validation
gamedata\revival_bool_data_0.xml,2822,,"<DataName type=""string"">CDungeon_TBox_Dungeon_Iron_3003260476</DataName>",candidate_needs_semantic_validation
gamedata\revival_bool_data_0.xml,2825,,"<DataName type=""string"">CDungeon_TBox_Dungeon_Iron_3348821939</DataName>",candidate_needs_semantic_validation
gamedata\revival_bool_data_0.xml,2828,,"<DataName type=""string"">CDungeon_TBox_Dungeon_Iron_1547680732</DataName>",candidate_needs_semantic_validation
gamedata\revival_bool_data_0.xml,2831,,"<DataName type=""string"">CDungeon_TBox_Dungeon_Iron_731998508</DataName>",candidate_needs_semantic_validation
gamedata\revival_bool_data_0.xml,2834,,"<DataName type=""string"">CDungeon_TBox_Dungeon_Iron_2953061699</DataName>",candidate_needs_semantic_validation
gamedata\revival_bool_data_0.xml,2837,,"<DataName type=""string"">CDungeon_TBox_Dungeon_Iron_3264264754</DataName>",candidate_needs_semantic_validation
gamedata\revival_bool_data_0.xml,2840,,"<DataName type=""string"">CDungeon_Enemy_Guardian_Mini_Practice_373343272</DataName>",candidate_needs_semantic_validation
gamedata\revival_bool_data_0.xml,2843,,"<DataName type=""string"">CDungeon_TBox_Dungeon_Stone_1648376382</DataName>",candidate_needs_semantic_validation
gamedata\revival_bool_data_0.xml,2846,,"<DataName type=""string"">CDungeon_TBox_Dungeon_Stone_2577142135</DataName>",candidate_needs_semantic_validation
gamedata\revival_bool_data_0.xml,2849,,"<DataName type=""string"">CDungeon_TBox_Dungeon_Stone_3163225088</DataName>",candidate_needs_semantic_validation
gamedata\revival_bool_data_0.xml,2852,,"<DataName type=""string"">CDungeon_TBox_Dungeon_Stone_2835421124</DataName>",candidate_needs_semantic_validation
gamedata\revival_bool_data_0.xml,2855,,"<DataName type=""string"">CDungeon_TBox_Dungeon_Stone_849632171</DataName>",candidate_needs_semantic_validation
gamedata\revival_bool_data_0.xml,2858,,"<DataName type=""string"">CDungeon_TBox_Dungeon_Stone_1161464155</DataName>",candidate_needs_semantic_validation
gamedata\revival_bool_data_0.xml,2861,,"<DataName type=""string"">CDungeon_TBox_Dungeon_Stone_3735012660</DataName>",candidate_needs_semantic_validation
gamedata\revival_bool_data_0.xml,2864,,"<DataName type=""string"">CDungeon_TBox_Dungeon_Stone_2852596923</DataName>",candidate_needs_semantic_validation
gamedata\revival_bool_data_0.xml,2867,,"<DataName type=""string"">CDungeon_TBox_Dungeon_Stone_832725204</DataName>",candidate_needs_semantic_validation
gamedata\revival_bool_data_0.xml,2870,,"<DataName type=""string"">CDungeon_TBox_Dungeon_Stone_1178382884</DataName>",candidate_needs_semantic_validation
gamedata\revival_bool_data_0.xml,2873,,"<DataName type=""string"">CDungeon_TBox_Dungeon_Stone_3717856843</DataName>",candidate_needs_semantic_validation
gamedata\revival_bool_data_0.xml,2876,,"<DataName type=""string"">CDungeon_TBox_Dungeon_Stone_2936889658</DataName>",candidate_needs_semantic_validation
gamedata\revival_bool_data_0.xml,2879,,"<DataName type=""string"">CDungeon_TBox_Dungeon_Stone_883436885</DataName>",candidate_needs_semantic_validation
gamedata\revival_bool_data_0.xml,2882,,"<DataName type=""string"">CDungeon_TBox_Dungeon_Stone_1956105793</DataName>",candidate_needs_semantic_validation
gamedata\revival_bool_data_0.xml,2885,,"<DataName type=""string"">CDungeon_TBox_Dungeon_Stone_4013064750</DataName>",candidate_needs_semantic_validation
gamedata\revival_bool_data_0.xml,2888,,"<DataName type=""string"">CDungeon_TBox_Dungeon_Stone_2561429726</DataName>",candidate_needs_semantic_validation
gamedata\revival_bool_data_0.xml,2891,,"<DataName type=""string"">CDungeon_TBox_Dungeon_Stone_50928817</DataName>",candidate_needs_semantic_validation
gamedata\revival_bool_data_0.xml,2894,,"<DataName type=""string"">CDungeon_TBox_Dungeon_Stone_2006054206</DataName>",candidate_needs_semantic_validation
gamedata\revival_bool_data_0.xml,2897,,"<DataName type=""string"">CDungeon_TBox_Dungeon_Stone_3962878289</DataName>",candidate_needs_semantic_validation
gamedata\revival_bool_data_0.xml,2900,,"<DataName type=""string"">CDungeon_TBox_Dungeon_Stone_2611637153</DataName>",candidate_needs_semantic_validation
gamedata\revival_bool_data_0.xml,2903,,"<DataName type=""string"">CDungeon_TBox_Dungeon_Stone_993230</DataName>",candidate_needs_semantic_validation
gamedata\revival_bool_data_0.xml,2906,,"<DataName type=""string"">CDungeon_TBox_Dungeon_Stone_1922807999</DataName>",candidate_needs_semantic_validation
gamedata\revival_bool_data_0.xml,2909,,"<DataName type=""string"">CDungeon_TBox_Dungeon_Stone_3913217232</DataName>",candidate_needs_semantic_validation
gamedata\revival_bool_data_0.xml,3407,,"<DataName type=""string"">MainField_DgnObj_EntranceTerminal_A_01_2439182591</DataName>",candidate_needs_semantic_validation
gamedata\revival_bool_data_0.xml,3443,,"<DataName type=""string"">MainField_DgnObj_EntranceTerminal_A_01_3837933160</DataName>",candidate_needs_semantic_validation
gamedata\revival_bool_data_0.xml,4067,,"<DataName type=""string"">MainField_DgnObj_EntranceTerminal_A_01_3293520908</DataName>",candidate_needs_semantic_validation
gamedata\revival_bool_data_0.xml,4568,,"<DataName type=""string"">MainField_DgnObj_EntranceTerminal_A_01_3104333293</DataName>",candidate_needs_semantic_validation
gamedata\revival_bool_data_0.xml,5138,,"<DataName type=""string"">MainField_DgnObj_EntranceTerminal_A_01_1913096172</DataName>",candidate_needs_semantic_validation
gamedata\revival_bool_data_0.xml,6113,,"<DataName type=""string"">MainField_DgnObj_EntranceTerminal_A_01_415403863</DataName>",candidate_needs_semantic_validation
gamedata\revival_bool_data_0.xml,7016,,"<DataName type=""string"">MainField_DgnObj_EntranceTerminalSP_1643664485</DataName>",candidate_needs_semantic_validation
gamedata\revival_bool_data_0.xml,7286,,"<DataName type=""string"">MainField_DgnObj_DungeonEntranceSP_4017574790</DataName>",candidate_needs_semantic_validation
gamedata\revival_bool_data_0.xml,7994,,"<DataName type=""string"">MainField_DgnObj_EntranceTerminal_A_01_2700783948</DataName>",candidate_needs_semantic_validation
gamedata\revival_bool_data_0.xml,8996,,"<DataName type=""string"">MainField_DgnObj_EntranceTerminal_A_01_2663795146</DataName>",candidate_needs_semantic_validation
gamedata\revival_bool_data_0.xml,9062,,"<DataName type=""string"">MainField_DgnObj_EntranceTerminal_A_01_3808772271</DataName>",candidate_needs_semantic_validation
gamedata\revival_bool_data_0.xml,10106,,"<DataName type=""string"">MainField_DgnObj_EntranceTerminal_A_01_1290401588</DataName>",candidate_needs_semantic_validation
gamedata\revival_bool_data_0.xml,11486,,"<DataName type=""string"">MainField_DgnObj_DungeonEntranceSP_184056157</DataName>",candidate_needs_semantic_validation
gamedata\revival_bool_data_0.xml,11573,,"<DataName type=""string"">MainField_DgnObj_EntranceTerminal_A_01_606405034</DataName>",candidate_needs_semantic_validation
gamedata\revival_bool_data_0.xml,11615,,"<DataName type=""string"">MainField_DgnObj_EntranceTerminalSP_863323544</DataName>",candidate_needs_semantic_validation
gamedata\revival_bool_data_0.xml,11669,,"<DataName type=""string"">MainField_DgnObj_EntranceTerminalSP_1210505854</DataName>",candidate_needs_semantic_validation
gamedata\revival_bool_data_0.xml,12008,,"<DataName type=""string"">MainField_DgnObj_DungeonEntranceSP_3333021085</DataName>",candidate_needs_semantic_validation
gamedata\revival_bool_data_1.xml,827,,"<DataName type=""string"">MainField_DgnObj_EntranceTerminal_A_01_3614581704</DataName>",candidate_needs_semantic_validation
gamedata\revival_bool_data_1.xml,836,,"<DataName type=""string"">MainField_FldObj_DownloadTerminal_A_01_3703935795</DataName>",candidate_needs_semantic_validation
gamedata\revival_bool_data_1.xml,1742,,"<DataName type=""string"">MainField_DgnObj_DungeonEntranceSP_2488434634</DataName>",candidate_needs_semantic_validation
gamedata\revival_bool_data_1.xml,1763,,"<DataName type=""string"">MainField_DgnObj_EntranceTerminalSP_2780456279</DataName>",candidate_needs_semantic_validation
gamedata\revival_bool_data_1.xml,3116,,"<DataName type=""string"">MainField_DgnObj_EntranceTerminalSP_176831274</DataName>",candidate_needs_semantic_validation
gamedata\revival_bool_data_1.xml,3152,,"<DataName type=""string"">MainField_DgnObj_EntranceTerminalSP_328272491</DataName>",candidate_needs_semantic_validation
gamedata\revival_bool_data_1.xml,3347,,"<DataName type=""string"">MainField_FldObj_DownloadTerminal_A_01_1285797230</DataName>",candidate_needs_semantic_validation
gamedata\revival_bool_data_1.xml,3521,,"<DataName type=""string"">MainField_DgnObj_DungeonEntranceSP_2214935753</DataName>",candidate_needs_semantic_validation
gamedata\revival_bool_data_1.xml,3596,,"<DataName type=""string"">MainField_DgnObj_DungeonEntranceSP_2635992456</DataName>",candidate_needs_semantic_validation
gamedata\revival_bool_data_1.xml,3812,,"<DataName type=""string"">MainField_DgnObj_EntranceTerminal_A_01_3572795101</DataName>",candidate_needs_semantic_validation
gamedata\revival_bool_data_1.xml,5207,,"<DataName type=""string"">MainField_DgnObj_EntranceTerminal_A_01_1327182578</DataName>",candidate_needs_semantic_validation
gamedata\revival_bool_data_1.xml,5579,,"<DataName type=""string"">MainField_DgnObj_EntranceTerminal_A_01_3024921265</DataName>",candidate_needs_semantic_validation
gamedata\revival_bool_data_1.xml,5939,,"<DataName type=""string"">MainField_DgnObj_DungeonEntranceSP_213340619</DataName>",candidate_needs_semantic_validation
gamedata\revival_bool_data_1.xml,6110,,"<DataName type=""string"">MainField_DgnObj_EntranceTerminalSP_2184730152</DataName>",candidate_needs_semantic_validation
gamedata\revival_bool_data_1.xml,6986,,"<DataName type=""string"">MainField_DgnObj_EntranceTerminal_A_01_3449162454</DataName>",candidate_needs_semantic_validation
gamedata\revival_bool_data_1.xml,7751,,"<DataName type=""string"">MainField_DgnObj_EntranceTerminal_A_01_1087310173</DataName>",candidate_needs_semantic_validation
gamedata\revival_bool_data_1.xml,7970,,"<DataName type=""string"">MainField_DgnObj_EntranceTerminal_A_01_3163480604</DataName>",candidate_needs_semantic_validation
gamedata\revival_bool_data_1.xml,7973,,"<DataName type=""string"">MainField_DgnObj_EntranceTerminal_A_01_3209194212</DataName>",candidate_needs_semantic_validation
gamedata\revival_bool_data_1.xml,8021,,"<DataName type=""string"">MainField_FldObj_DownloadTerminal_A_01_3650282708</DataName>",candidate_needs_semantic_validation
gamedata\revival_bool_data_1.xml,9284,,"<DataName type=""string"">MainField_DgnObj_EntranceTerminal_A_01_4206060014</DataName>",candidate_needs_semantic_validation
gamedata\revival_bool_data_1.xml,10361,,"<DataName type=""string"">MainField_DgnObj_EntranceTerminal_A_01_1810769294</DataName>",candidate_needs_semantic_validation
gamedata\revival_bool_data_1.xml,10406,,"<DataName type=""string"">MainField_DgnObj_EntranceTerminalSP_3347288303</DataName>",candidate_needs_semantic_validation
gamedata\revival_bool_data_1.xml,10427,,"<DataName type=""string"">MainField_DgnObj_DungeonEntranceSP_4134242930</DataName>",candidate_needs_semantic_validation
gamedata\revival_bool_data_2.xml,1832,,"<DataName type=""string"">MainField_DgnObj_DungeonEntranceSP_709038909</DataName>",candidate_needs_semantic_validation
gamedata\revival_bool_data_2.xml,1838,,"<DataName type=""string"">MainField_DgnObj_EntranceTerminal_A_01_742860559</DataName>",candidate_needs_semantic_validation
gamedata\revival_bool_data_2.xml,2078,,"<DataName type=""string"">MainField_DgnObj_EntranceTerminalSP_2899796371</DataName>",candidate_needs_semantic_validation
gamedata\revival_bool_data_2.xml,3317,,"<DataName type=""string"">MainField_DgnObj_EntranceTerminalSP_956305386</DataName>",candidate_needs_semantic_validation
gamedata\revival_bool_data_2.xml,3539,,"<DataName type=""string"">MainField_DgnObj_DungeonEntranceSP_3079604233</DataName>",candidate_needs_semantic_validation
gamedata\revival_bool_data_2.xml,4760,,"<DataName type=""string"">MainField_DgnObj_DungeonEntranceSP_1529263976</DataName>",candidate_needs_semantic_validation
gamedata\revival_bool_data_2.xml,4796,,"<DataName type=""string"">MainField_FldObj_DownloadTerminal_A_01_2275687969</DataName>",candidate_needs_semantic_validation
gamedata\revival_bool_data_2.xml,4868,,"<DataName type=""string"">MainField_DgnObj_EntranceTerminal_A_01_3305154705</DataName>",candidate_needs_semantic_validation
gamedata\revival_bool_data_2.xml,4901,,"<DataName type=""string"">MainField_DgnObj_EntranceTerminalSP_3584667787</DataName>",candidate_needs_semantic_validation
gamedata\revival_bool_data_2.xml,5414,,"<DataName type=""string"">MainField_DgnObj_EntranceTerminal_A_01_1293261921</DataName>",candidate_needs_semantic_validation
gamedata\revival_bool_data_2.xml,6191,,"<DataName type=""string"">MainField_DgnObj_EntranceTerminal_A_01_3407310195</DataName>",candidate_needs_semantic_validation
gamedata\revival_bool_data_2.xml,6803,,"<DataName type=""string"">MainField_DgnObj_EntranceTerminal_A_01_1466009179</DataName>",candidate_needs_semantic_validation
gamedata\revival_bool_data_2.xml,6845,,"<DataName type=""string"">MainField_DgnObj_EntranceTerminal_A_01_2536831938</DataName>",candidate_needs_semantic_validation
gamedata\revival_bool_data_2.xml,7673,,"<DataName type=""string"">MainField_DgnObj_EntranceTerminal_A_01_773255150</DataName>",candidate_needs_semantic_validation
gamedata\revival_bool_data_2.xml,7853,,"<DataName type=""string"">MainField_DgnObj_EntranceTerminal_A_01_3304413740</DataName>",candidate_needs_semantic_validation
gamedata\revival_bool_data_2.xml,8552,,"<DataName type=""string"">MainField_FldObj_DownloadTerminal_A_01_1620889332</DataName>",candidate_needs_semantic_validation
gamedata\revival_bool_data_2.xml,8654,,"<DataName type=""string"">MainField_DgnObj_EntranceTerminal_A_01_2573353484</DataName>",candidate_needs_semantic_validation
gamedata\revival_bool_data_2.xml,10241,,"<DataName type=""string"">MainField_DgnObj_EntranceTerminalSP_60393576</DataName>",candidate_needs_semantic_validation
gamedata\revival_bool_data_2.xml,10352,,"<DataName type=""string"">MainField_DgnObj_DungeonEntranceSP_846303989</DataName>",candidate_needs_semantic_validation
gamedata\revival_bool_data_2.xml,11930,,"<DataName type=""string"">MainField_DgnObj_EntranceTerminal_A_01_888069889</DataName>",candidate_needs_semantic_validation
gamedata\revival_bool_data_2.xml,12119,,"<DataName type=""string"">MainField_FldObj_Terminal_A_01_2355675146</DataName>",candidate_needs_semantic_validation
gamedata\revival_bool_data_2.xml,12227,,"<DataName type=""string"">MainField_DgnObj_EntranceTerminal_A_01_3145329962</DataName>",candidate_needs_semantic_validation
gamedata\revival_bool_data_3.xml,86,,"<DataName type=""string"">MainField_DgnObj_EntranceTerminal_A_01_4135503284</DataName>",candidate_needs_semantic_validation
gamedata\revival_bool_data_3.xml,875,,"<DataName type=""string"">MainField_DgnObj_EntranceTerminal_A_01_449814471</DataName>",candidate_needs_semantic_validation
gamedata\revival_bool_data_3.xml,1934,,"<DataName type=""string"">MainField_DgnObj_EntranceTerminal_A_01_273635496</DataName>",candidate_needs_semantic_validation
gamedata\revival_bool_data_3.xml,2015,,"<DataName type=""string"">MainField_DgnObj_DungeonEntranceSP_3357761325</DataName>",candidate_needs_semantic_validation
gamedata\revival_bool_data_3.xml,2045,,"<DataName type=""string"">MainField_DgnObj_EntranceTerminalSP_4190848432</DataName>",candidate_needs_semantic_validation
gamedata\revival_bool_data_3.xml,2246,,"<DataName type=""string"">MainField_DgnObj_EntranceTerminal_A_01_2514161324</DataName>",candidate_needs_semantic_validation
gamedata\revival_bool_data_3.xml,2465,,"<DataName type=""string"">MainField_DgnObj_EntranceTerminal_A_01_211249082</DataName>",candidate_needs_semantic_validation
gamedata\revival_bool_data_3.xml,4598,,"<DataName type=""string"">MainField_DgnObj_EntranceTerminal_A_01_1295665254</DataName>",candidate_needs_semantic_validation
gamedata\revival_bool_data_3.xml,4604,,"<DataName type=""string"">MainField_DgnObj_EntranceTerminalSP_1330046348</DataName>",candidate_needs_semantic_validation
gamedata\revival_bool_data_3.xml,4655,,"<DataName type=""string"">MainField_DgnObj_DungeonEntranceSP_1720603006</DataName>",candidate_needs_semantic_validation
gamedata\revival_bool_data_3.xml,4829,,"<DataName type=""string"">MainField_DgnObj_EntranceTerminal_A_01_2738104650</DataName>",candidate_needs_semantic_validation
gamedata\revival_bool_data_3.xml,5639,,"<DataName type=""string"">MainField_DgnObj_EntranceTerminal_A_01_2263739210</DataName>",candidate_needs_semantic_validation
gamedata\revival_bool_data_3.xml,5711,,"<DataName type=""string"">MainField_FldObj_DownloadTerminal_A_01_2879079867</DataName>",candidate_needs_semantic_validation
gamedata\revival_bool_data_3.xml,7187,,"<DataName type=""string"">MainField_DgnObj_EntranceTerminal_A_01_775101124</DataName>",candidate_needs_semantic_validation
gamedata\revival_bool_data_3.xml,7547,,"<DataName type=""string"">MainField_FldObj_DownloadTerminal_A_01_2733553602</DataName>",candidate_needs_semantic_validation
gamedata\revival_bool_data_3.xml,7715,,"<DataName type=""string"">MainField_DgnObj_EntranceTerminal_A_01_3643165353</DataName>",candidate_needs_semantic_validation
gamedata\revival_bool_data_3.xml,7799,,"<DataName type=""string"">MainField_FldObj_DownloadTerminal_A_01_4042440915</DataName>",candidate_needs_semantic_validation
gamedata\revival_bool_data_3.xml,8597,,"<DataName type=""string"">MainField_DgnObj_EntranceTerminal_A_01_2041042482</DataName>",candidate_needs_semantic_validation
gamedata\revival_bool_data_3.xml,8663,,"<DataName type=""string"">MainField_FldObj_DownloadTerminal_A_01_2751434839</DataName>",candidate_needs_semantic_validation
gamedata\revival_bool_data_3.xml,8684,,"<DataName type=""string"">MainField_DgnObj_EntranceTerminal_A_01_2841673843</DataName>",candidate_needs_semantic_validation
gamedata\revival_bool_data_3.xml,9371,,"<DataName type=""string"">MainField_DgnObj_EntranceTerminal_A_01_2157175563</DataName>",candidate_needs_semantic_validation
gamedata\revival_bool_data_3.xml,10190,,"<DataName type=""string"">MainField_DgnObj_EntranceTerminalSP_3604459329</DataName>",candidate_needs_semantic_validation
gamedata\revival_bool_data_3.xml,10202,,"<DataName type=""string"">MainField_DgnObj_DungeonEntranceSP_4015690628</DataName>",candidate_needs_semantic_validation
gamedata\revival_bool_data_3.xml,10646,,"<DataName type=""string"">MainField_DgnObj_EntranceTerminal_A_01_654731591</DataName>",candidate_needs_semantic_validation
gamedata\revival_bool_data_3.xml,10676,,"<DataName type=""string"">MainField_DgnObj_EntranceTerminal_A_01_978426346</DataName>",candidate_needs_semantic_validation
gamedata\revival_bool_data_3.xml,11603,,"<DataName type=""string"">MainField_DgnObj_DungeonEntranceSP_270891272</DataName>",candidate_needs_semantic_validation
gamedata\revival_bool_data_3.xml,11630,,"<DataName type=""string"">MainField_DgnObj_EntranceTerminalSP_698893773</DataName>",candidate_needs_semantic_validation
gamedata\revival_bool_data_3.xml,11729,,"<DataName type=""string"">MainField_FldObj_DownloadTerminal_A_01_1943274718</DataName>",candidate_needs_semantic_validation
gamedata\revival_bool_data_4.xml,386,,"<DataName type=""string"">MainField_DgnObj_EntranceTerminal_A_01_484060157</DataName>",candidate_needs_semantic_validation
gamedata\revival_bool_data_4.xml,1631,,"<DataName type=""string"">MainField_DgnObj_EntranceTerminal_A_01_2501247945</DataName>",candidate_needs_semantic_validation
gamedata\revival_bool_data_4.xml,1682,,"<DataName type=""string"">MainField_DgnObj_EntranceTerminal_A_01_3197543987</DataName>",candidate_needs_semantic_validation
gamedata\revival_bool_data_4.xml,3203,,"<DataName type=""string"">MainField_DgnObj_EntranceTerminal_A_01_524989562</DataName>",candidate_needs_semantic_validation
gamedata\revival_bool_data_4.xml,3440,,"<DataName type=""string"">MainField_DgnObj_EntranceTerminal_A_01_2462652737</DataName>",candidate_needs_semantic_validation
gamedata\revival_bool_data_4.xml,4649,,"<DataName type=""string"">MainField_DgnObj_EntranceTerminal_A_01_466947442</DataName>",candidate_needs_semantic_validation
gamedata\revival_bool_data_4.xml,4820,,"<DataName type=""string"">MainField_DgnObj_EntranceTerminal_A_01_1551479024</DataName>",candidate_needs_semantic_validation
gamedata\revival_bool_data_4.xml,6350,,"<DataName type=""string"">MainField_DgnObj_EntranceTerminal_A_01_3439018499</DataName>",candidate_needs_semantic_validation
gamedata\revival_bool_data_4.xml,6353,,"<DataName type=""string"">MainField_DgnObj_EntranceTerminalSP_3461027175</DataName>",candidate_needs_semantic_validation
gamedata\revival_bool_data_4.xml,6404,,"<DataName type=""string"">MainField_DgnObj_DungeonEntranceSP_4288876538</DataName>",candidate_needs_semantic_validation
gamedata\revival_bool_data_4.xml,6986,,"<DataName type=""string"">MainField_DgnObj_EntranceTerminal_A_01_2599970823</DataName>",candidate_needs_semantic_validation
gamedata\revival_bool_data_4.xml,7667,,"<DataName type=""string"">MainField_DgnObj_EntranceTerminal_A_01_428694554</DataName>",candidate_needs_semantic_validation
gamedata\revival_bool_data_4.xml,8903,,"<DataName type=""string"">MainField_DgnObj_EntranceTerminal_A_01_2368793903</DataName>",candidate_needs_semantic_validation
gamedata\revival_bool_data_4.xml,8921,,"<DataName type=""string"">MainField_DgnObj_EntranceTerminal_A_01_3405905026</DataName>",candidate_needs_semantic_validation
gamedata\revival_bool_data_4.xml,9764,,"<DataName type=""string"">MainField_DgnObj_EntranceTerminal_A_01_2361150520</DataName>",candidate_needs_semantic_validation
gamedata\revival_bool_data_4.xml,11186,,"<DataName type=""string"">MainField_DgnObj_EntranceTerminal_A_01_3842018124</DataName>",candidate_needs_semantic_validation
gamedata\revival_bool_data_4.xml,11210,,"<DataName type=""string"">MainField_DgnObj_EntranceTerminal_A_01_4223601667</DataName>",candidate_needs_semantic_validation
gamedata\revival_bool_data_5.xml,134,,"<DataName type=""string"">MainField_DgnObj_EntranceTerminal_A_01_219837396</DataName>",candidate_needs_semantic_validation
gamedata\revival_bool_data_5.xml,293,,"<DataName type=""string"">MainField_DgnObj_EntranceTerminalSP_1516035980</DataName>",candidate_needs_semantic_validation
gamedata\revival_bool_data_5.xml,296,,"<DataName type=""string"">MainField_DgnObj_EntranceTerminal_A_01_1609275571</DataName>",candidate_needs_semantic_validation
gamedata\revival_bool_data_5.xml,452,,"<DataName type=""string"">MainField_DgnObj_EntranceTerminal_A_01_2644864581</DataName>",candidate_needs_semantic_validation
gamedata\revival_bool_data_5.xml,476,,"<DataName type=""string"">MainField_FldObj_DownloadTerminal_A_01_2934598095</DataName>",candidate_needs_semantic_validation
gamedata\revival_bool_data_5.xml,509,,"<DataName type=""string"">MainField_DgnObj_EntranceTerminal_A_01_3157881131</DataName>",candidate_needs_semantic_validation
gamedata\revival_bool_data_5.xml,551,,"<DataName type=""string"">MainField_DgnObj_DungeonEntranceSP_3570653295</DataName>",candidate_needs_semantic_validation
gamedata\revival_bool_data_5.xml,1751,,"<DataName type=""string"">MainField_DgnObj_EntranceTerminal_A_01_4291616943</DataName>",candidate_needs_semantic_validation
gamedata\revival_bool_data_5.xml,3452,,"<DataName type=""string"">MainField_DgnObj_EntranceTerminal_A_01_1525806493</DataName>",candidate_needs_semantic_validation
gamedata\revival_bool_data_5.xml,3500,,"<DataName type=""string"">MainField_DgnObj_EntranceTerminal_A_01_1797433301</DataName>",candidate_needs_semantic_validation
gamedata\revival_bool_data_5.xml,4001,,"<DataName type=""string"">MainField_FldObj_DownloadTerminal_A_01_4111125397</DataName>",candidate_needs_semantic_validation
gamedata\revival_bool_data_5.xml,4916,,"<DataName type=""string"">MainField_DgnObj_EntranceTerminal_A_01_2521201461</DataName>",candidate_needs_semantic_validation
gamedata\revival_bool_data_5.xml,5450,,"<DataName type=""string"">MainField_DgnObj_EntranceTerminal_A_01_2128477312</DataName>",candidate_needs_semantic_validation
gamedata\revival_bool_data_5.xml,5480,,"<DataName type=""string"">MainField_DgnObj_EntranceTerminal_A_01_2911064106</DataName>",candidate_needs_semantic_validation
gamedata\revival_bool_data_5.xml,6536,,"<DataName type=""string"">MainField_FldObj_DownloadTerminal_A_01_219123603</DataName>",candidate_needs_semantic_validation
gamedata\revival_bool_data_5.xml,6593,,"<DataName type=""string"">MainField_DgnObj_EntranceTerminal_A_01_1522959150</DataName>",candidate_needs_semantic_validation
gamedata\revival_bool_data_5.xml,6668,,"<DataName type=""string"">MainField_DgnObj_EntranceTerminal_A_01_3285176980</DataName>",candidate_needs_semantic_validation
gamedata\revival_bool_data_5.xml,8615,,"<DataName type=""string"">MainField_DgnObj_EntranceTerminal_A_01_1379190536</DataName>",candidate_needs_semantic_validation
gamedata\revival_bool_data_5.xml,8633,,"<DataName type=""string"">MainField_FldObj_DownloadTerminal_A_01_1475180658</DataName>",candidate_needs_semantic_validation
gamedata\revival_bool_data_5.xml,8831,,"<DataName type=""string"">MainField_DgnObj_EntranceTerminal_A_01_3001101846</DataName>",candidate_needs_semantic_validation
gamedata\revival_bool_data_5.xml,9956,,"<DataName type=""string"">MainField_DgnObj_DungeonEntranceSP_3571820507</DataName>",candidate_needs_semantic_validation
gamedata\revival_bool_data_5.xml,9968,,"<DataName type=""string"">MainField_DgnObj_EntranceTerminalSP_3842882886</DataName>",candidate_needs_semantic_validation
gamedata\revival_bool_data_5.xml,11150,,"<DataName type=""string"">MainField_DgnObj_EntranceTerminal_A_01_146852692</DataName>",candidate_needs_semantic_validation
gamedata\revival_bool_data_5.xml,11441,,"<DataName type=""string"">MainField_DgnObj_DungeonEntranceSP_3310376302</DataName>",candidate_needs_semantic_validation
gamedata\revival_bool_data_5.xml,11501,,"<DataName type=""string"">MainField_DgnObj_EntranceTerminalSP_4105719795</DataName>",candidate_needs_semantic_validation
gamedata\revival_bool_data_6.xml,356,,"<DataName type=""string"">MainField_DgnObj_EntranceTerminalSP_313892841</DataName>",candidate_needs_semantic_validation
gamedata\revival_bool_data_6.xml,395,,"<DataName type=""string"">MainField_DgnObj_DungeonEntranceSP_593331572</DataName>",candidate_needs_semantic_validation
gamedata\revival_bool_data_6.xml,869,,"<DataName type=""string"">MainField_FldObj_DownloadTerminal_A_01_4138911080</DataName>",candidate_needs_semantic_validation
gamedata\revival_bool_data_6.xml,1571,,"<DataName type=""string"">MainField_DgnObj_EntranceTerminal_A_01_110215957</DataName>",candidate_needs_semantic_validation
gamedata\revival_bool_data_6.xml,2159,,"<DataName type=""string"">MainField_DgnObj_EntranceTerminal_A_01_3776697589</DataName>",candidate_needs_semantic_validation
gamedata\revival_bool_data_6.xml,2816,,"<DataName type=""string"">MainField_DgnObj_EntranceTerminal_A_01_2485505771</DataName>",candidate_needs_semantic_validation
gamedata\revival_bool_data_6.xml,3734,,"<DataName type=""string"">MainField_DgnObj_EntranceTerminal_A_01_1435385930</DataName>",candidate_needs_semantic_validation
gamedata\revival_bool_data_6.xml,4985,,"<DataName type=""string"">MainField_FldObj_DownloadTerminal_A_01_1669567698</DataName>",candidate_needs_semantic_validation
gamedata\revival_bool_data_6.xml,5015,,"<DataName type=""string"">MainField_DgnObj_EntranceTerminal_A_01_1870415265</DataName>",candidate_needs_semantic_validation
gamedata\revival_bool_data_6.xml,5279,,"<DataName type=""string"">MainField_DgnObj_EntranceTerminal_A_01_4290992176</DataName>",candidate_needs_semantic_validation
gamedata\revival_bool_data_6.xml,6440,,"<DataName type=""string"">MainField_DgnObj_EntranceTerminal_A_01_1244111545</DataName>",candidate_needs_semantic_validation
gamedata\revival_bool_data_6.xml,6551,,"<DataName type=""string"">MainField_DgnObj_EntranceTerminalSP_2370079789</DataName>",candidate_needs_semantic_validation
gamedata\revival_bool_data_6.xml,6644,,"<DataName type=""string"">MainField_DgnObj_DungeonEntranceSP_3165427376</DataName>",candidate_needs_semantic_validation
gamedata\revival_bool_data_6.xml,7799,,"<DataName type=""string"">MainField_DgnObj_EntranceTerminal_A_01_1759577702</DataName>",candidate_needs_semantic_validation
gamedata\revival_bool_data_6.xml,9182,,"<DataName type=""string"">MainField_DgnObj_EntranceTerminal_A_01_3770475359</DataName>",candidate_needs_semantic_validation
gamedata\revival_bool_data_6.xml,10868,,"<DataName type=""string"">MainField_FldObj_DownloadTerminal_A_01_2750385337</DataName>",candidate_needs_semantic_validation
gamedata\revival_bool_data_6.xml,11066,,"<DataName type=""string"">MainField_DgnObj_EntranceTerminal_A_01_4206609530</DataName>",candidate_needs_semantic_validation
gamedata\revival_bool_data_6.xml,12263,,"<DataName type=""string"">MainField_DgnObj_EntranceTerminalSP_2032223352</DataName>",candidate_needs_semantic_validation
gamedata\revival_bool_data_7.xml,83,,"<DataName type=""string"">MainField_DgnObj_EntranceTerminal_A_01_3688033788</DataName>",candidate_needs_semantic_validation
gamedata\revival_bool_data_7.xml,140,,"<DataName type=""string"">MainField_DgnObj_DungeonEntranceSP_4290066134</DataName>",candidate_needs_semantic_validation
gamedata\revival_bool_data_7.xml,959,,"<DataName type=""string"">MainField_DgnObj_EntranceTerminal_A_01_3665924567</DataName>",candidate_needs_semantic_validation
gamedata\revival_bool_data_7.xml,1403,,"<DataName type=""string"">MainField_DgnObj_EntranceTerminalSP_2393000454</DataName>",candidate_needs_semantic_validation
gamedata\revival_bool_data_7.xml,1427,,"<DataName type=""string"">MainField_DgnObj_DungeonEntranceSP_3073341123</DataName>",candidate_needs_semantic_validation
gamedata\revival_bool_data_7.xml,1445,,"<DataName type=""string"">MainField_DgnObj_EntranceTerminal_A_01_3328811253</DataName>",candidate_needs_semantic_validation
gamedata\revival_bool_data_7.xml,1934,,"<DataName type=""string"">MainField_DgnObj_EntranceTerminal_A_01_3896523552</DataName>",candidate_needs_semantic_validation
gamedata\revival_bool_data_7.xml,2648,,"<DataName type=""string"">MainField_DgnObj_EntranceTerminal_A_01_2146079451</DataName>",candidate_needs_semantic_validation
gamedata\revival_bool_data_7.xml,3335,,"<DataName type=""string"">MainField_DgnObj_EntranceTerminalSP_291932570</DataName>",candidate_needs_semantic_validation
gamedata\revival_bool_data_7.xml,3389,,"<DataName type=""string"">MainField_DgnObj_DungeonEntranceSP_2549283636</DataName>",candidate_needs_semantic_validation
gamedata\revival_bool_data_7.xml,3848,,"<DataName type=""string"">MainField_DgnObj_EntranceTerminal_A_01_3392545121</DataName>",candidate_needs_semantic_validation
gamedata\revival_bool_data_7.xml,4139,,"<DataName type=""string"">MainField_DgnObj_EntranceTerminal_A_01_335376859</DataName>",candidate_needs_semantic_validation
gamedata\revival_bool_data_7.xml,4670,,"<DataName type=""string"">MainField_DgnObj_DungeonEntranceSP_303983264</DataName>",candidate_needs_semantic_validation
gamedata\revival_bool_data_7.xml,4952,,"<DataName type=""string"">MainField_DgnObj_EntranceTerminalSP_2626776387</DataName>",candidate_needs_semantic_validation
gamedata\revival_bool_data_7.xml,5123,,"<DataName type=""string"">MainFieldDungeon_Barrel_75890609</DataName>",candidate_needs_semantic_validation
gamedata\revival_bool_data_7.xml,5126,,"<DataName type=""string"">MainFieldDungeon_Barrel_91216696</DataName>",candidate_needs_semantic_validation
gamedata\revival_bool_data_7.xml,5129,,"<DataName type=""string"">MainFieldDungeon_Enemy_Guardian_Mini_Junior_Dark_183090620</DataName>",candidate_needs_semantic_validation
gamedata\revival_bool_data_7.xml,5132,,"<DataName type=""string"">MainFieldDungeon_Enemy_Guardian_Mini_Junior_Dark_791680943</DataName>",candidate_needs_semantic_validation
gamedata\revival_bool_data_7.xml,5135,,"<DataName type=""string"">MainFieldDungeon_Enemy_Guardian_Mini_Junior_Dark_3065994546</DataName>",candidate_needs_semantic_validation
gamedata\revival_bool_data_7.xml,5138,,"<DataName type=""string"">MainFieldDungeon_Barrel_3232809450</DataName>",candidate_needs_semantic_validation
gamedata\revival_bool_data_7.xml,5141,,"<DataName type=""string"">MainFieldDungeon_TwnObj_GanonGrudgeSolid_Eyeball_A_01_477411398</DataName>",candidate_needs_semantic_validation
gamedata\revival_bool_data_7.xml,5144,,"<DataName type=""string"">MainFieldDungeon_TwnObj_GanonGrudgeSolid_Eyeball_A_01_493726876</DataName>",candidate_needs_semantic_validation
gamedata\revival_bool_data_7.xml,5147,,"<DataName type=""string"">MainFieldDungeon_TBox_Dungeon_Stone_543487524</DataName>",candidate_needs_semantic_validation
gamedata\revival_bool_data_7.xml,5150,,"<DataName type=""string"">MainFieldDungeon_TwnObj_GanonGrudgeSolid_Eyeball_A_01_556316970</DataName>",candidate_needs_semantic_validation
gamedata\revival_bool_data_7.xml,5153,,"<DataName type=""string"">MainFieldDungeon_TBox_Dungeon_Stone_583928903</DataName>",candidate_needs_semantic_validation
gamedata\revival_bool_data_7.xml,5156,,"<DataName type=""string"">MainFieldDungeon_TwnObj_GanonGrudgeSolid_Eyeball_A_01_589237343</DataName>",candidate_needs_semantic_validation
gamedata\revival_bool_data_7.xml,5159,,"<DataName type=""string"">MainFieldDungeon_Enemy_Guardian_Mini_Junior_Dark_638100967</DataName>",candidate_needs_semantic_validation
gamedata\revival_bool_data_7.xml,5162,,"<DataName type=""string"">MainFieldDungeon_DgnObj_RemainsTerminalBody_A_827907445</DataName>",candidate_needs_semantic_validation
gamedata\revival_bool_data_7.xml,5165,,"<DataName type=""string"">MainFieldDungeon_TBox_Dungeon_Stone_890156340</DataName>",candidate_needs_semantic_validation
gamedata\revival_bool_data_7.xml,5168,,"<DataName type=""string"">MainFieldDungeon_TwnObj_GanonGrudgeSolid_Eyeball_A_01_891775170</DataName>",candidate_needs_semantic_validation
gamedata\revival_bool_data_7.xml,5171,,"<DataName type=""string"">MainFieldDungeon_FldObj_DownloadTerminal_A_01_951123958</DataName>",candidate_needs_semantic_validation
gamedata\revival_bool_data_7.xml,5174,,"<DataName type=""string"">MainFieldDungeon_TBox_Dungeon_Iron_1107920290</DataName>",candidate_needs_semantic_validation
gamedata\revival_bool_data_7.xml,5177,,"<DataName type=""string"">MainFieldDungeon_FldObj_Terminal_A_01_1283068278</DataName>",candidate_needs_semantic_validation
gamedata\revival_bool_data_7.xml,5180,,"<DataName type=""string"">MainFieldDungeon_FldObj_Terminal_A_01_1285400923</DataName>",candidate_needs_semantic_validation
gamedata\revival_bool_data_7.xml,5183,,"<DataName type=""string"">MainFieldDungeon_TwnObj_GanonGrudgeSolid_Eyeball_A_01_1411065004</DataName>",candidate_needs_semantic_validation
gamedata\revival_bool_data_7.xml,5186,,"<DataName type=""string"">MainFieldDungeon_TBox_Dungeon_Iron_1439251665</DataName>",candidate_needs_semantic_validation
gamedata\revival_bool_data_7.xml,5189,,"<DataName type=""string"">MainFieldDungeon_FldObj_Terminal_A_01_1770834567</DataName>",candidate_needs_semantic_validation
gamedata\revival_bool_data_7.xml,5192,,"<DataName type=""string"">MainFieldDungeon_Enemy_Guardian_Mini_Junior_Dark_1804304434</DataName>",candidate_needs_semantic_validation
gamedata\revival_bool_data_7.xml,5195,,"<DataName type=""string"">MainFieldDungeon_TBox_Dungeon_Stone_2024040400</DataName>",candidate_needs_semantic_validation
gamedata\revival_bool_data_7.xml,5198,,"<DataName type=""string"">MainFieldDungeon_FldObj_Terminal_A_01_2032252909</DataName>",candidate_needs_semantic_validation
gamedata\revival_bool_data_7.xml,5201,,"<DataName type=""string"">MainFieldDungeon_TwnObj_GanonGrudgeSolid_Eyeball_A_01_2097914985</DataName>",candidate_needs_semantic_validation
gamedata\revival_bool_data_7.xml,5204,,"<DataName type=""string"">MainFieldDungeon_FldObj_Terminal_A_01_2479570667</DataName>",candidate_needs_semantic_validation
gamedata\revival_bool_data_7.xml,5207,,"<DataName type=""string"">MainFieldDungeon_TBox_Dungeon_Stone_2502766660</DataName>",candidate_needs_semantic_validation
gamedata\revival_bool_data_7.xml,5210,,"<DataName type=""string"">MainFieldDungeon_FldObj_Terminal_A_01_2536494785</DataName>",candidate_needs_semantic_validation
gamedata\revival_bool_data_7.xml,5213,,"<DataName type=""string"">MainFieldDungeon_DgnObj_WallCrack_C_01_2773947421</DataName>",candidate_needs_semantic_validation
gamedata\revival_bool_data_7.xml,5216,,"<DataName type=""string"">MainFieldDungeon_TBox_Dungeon_Iron_Hanged_3029802873</DataName>",candidate_needs_semantic_validation
gamedata\revival_bool_data_7.xml,5219,,"<DataName type=""string"">MainFieldDungeon_Obj_HeartUtuwa_A_01_3159171529</DataName>",candidate_needs_semantic_validation
gamedata\revival_bool_data_7.xml,5222,,"<DataName type=""string"">MainFieldDungeon_DgnObj_RemainsTerminalBody_A_3489382707</DataName>",candidate_needs_semantic_validation
gamedata\revival_bool_data_7.xml,5225,,"<DataName type=""string"">MainFieldDungeon_TBox_Dungeon_Stone_3535181875</DataName>",candidate_needs_semantic_validation
gamedata\revival_bool_data_7.xml,5228,,"<DataName type=""string"">MainFieldDungeon_DgnObj_WallCrack_C_01_3598574216</DataName>",candidate_needs_semantic_validation
gamedata\revival_bool_data_7.xml,5231,,"<DataName type=""string"">MainFieldDungeon_TwnObj_GanonGrudgeSolid_Eyeball_A_01_3654132759</DataName>",candidate_needs_semantic_validation
gamedata\revival_bool_data_7.xml,5234,,"<DataName type=""string"">MainFieldDungeon_Enemy_SiteBoss_Sword_3700074540</DataName>",candidate_needs_semantic_validation
gamedata\revival_bool_data_7.xml,5237,,"<DataName type=""string"">MainFieldDungeon_DgnObj_RemainsTerminalBody_A_3747003481</DataName>",candidate_needs_semantic_validation
gamedata\revival_bool_data_7.xml,5240,,"<DataName type=""string"">MainFieldDungeon_DgnObj_RemainsTerminalBody_A_3926727362</DataName>",candidate_needs_semantic_validation
gamedata\revival_bool_data_7.xml,5243,,"<DataName type=""string"">MainFieldDungeon_DgnObj_RemainsTerminalBody_A_3941245679</DataName>",candidate_needs_semantic_validation
gamedata\revival_bool_data_7.xml,5246,,"<DataName type=""string"">MainFieldDungeon_Enemy_Guardian_Mini_Junior_Dark_4169926085</DataName>",candidate_needs_semantic_validation
gamedata\revival_bool_data_7.xml,5249,,"<DataName type=""string"">MainFieldDungeon_DgnObj_AncientReactor_B_01_on_2216941002</DataName>",candidate_needs_semantic_validation
gamedata\revival_bool_data_7.xml,5252,,"<DataName type=""string"">MainFieldDungeon_DgnObj_AncientReactor_B_01_on_2818121394</DataName>",candidate_needs_semantic_validation
gamedata\revival_bool_data_7.xml,5255,,"<DataName type=""string"">MainFieldDungeon_TBox_Dungeon_Stone_80984099</DataName>",candidate_needs_semantic_validation
gamedata\revival_bool_data_7.xml,5258,,"<DataName type=""string"">MainFieldDungeon_FldObj_Terminal_A_01_114051416</DataName>",candidate_needs_semantic_validation
gamedata\revival_bool_data_7.xml,5261,,"<DataName type=""string"">MainFieldDungeon_TBox_Dungeon_Wood_142838264</DataName>",candidate_needs_semantic_validation
gamedata\revival_bool_data_7.xml,5264,,"<DataName type=""string"">MainFieldDungeon_TwnObj_GanonGrudgeSolid_Eyeball_A_01_282526482</DataName>",candidate_needs_semantic_validation
gamedata\revival_bool_data_7.xml,5267,,"<DataName type=""string"">MainFieldDungeon_DgnObj_RemainsTerminalBody_A_297229595</DataName>",candidate_needs_semantic_validation
gamedata\revival_bool_data_7.xml,5270,,"<DataName type=""string"">MainFieldDungeon_TBox_Dungeon_Wood_421030062</DataName>",candidate_needs_semantic_validation
gamedata\revival_bool_data_7.xml,5273,,"<DataName type=""string"">MainFieldDungeon_TwnObj_GanonGrudgeSolid_Eyeball_A_01_548815768</DataName>",candidate_needs_semantic_validation
gamedata\revival_bool_data_7.xml,5276,,"<DataName type=""string"">MainFieldDungeon_TBox_Dungeon_Wood_551066994</DataName>",candidate_needs_semantic_validation
gamedata\revival_bool_data_7.xml,5279,,"<DataName type=""string"">MainFieldDungeon_TBox_Dungeon_Stone_572020553</DataName>",candidate_needs_semantic_validation
gamedata\revival_bool_data_7.xml,5282,,"<DataName type=""string"">MainFieldDungeon_DgnObj_RemainsTerminalBody_A_637989014</DataName>",candidate_needs_semantic_validation
gamedata\revival_bool_data_7.xml,5285,,"<DataName type=""string"">MainFieldDungeon_TBox_Dungeon_Stone_654620011</DataName>",candidate_needs_semantic_validation
gamedata\revival_bool_data_7.xml,5288,,"<DataName type=""string"">MainFieldDungeon_Enemy_SiteBoss_Lsword_674596187</DataName>",candidate_needs_semantic_validation
gamedata\revival_bool_data_7.xml,5291,,"<DataName type=""string"">MainFieldDungeon_FldObj_Terminal_A_01_830334165</DataName>",candidate_needs_semantic_validation
gamedata\revival_bool_data_7.xml,5294,,"<DataName type=""string"">MainFieldDungeon_DgnObj_AncientReactor_B_01_897080685</DataName>",candidate_needs_semantic_validation
gamedata\revival_bool_data_7.xml,5297,,"<DataName type=""string"">MainFieldDungeon_TBox_Dungeon_Wood_935051534</DataName>",candidate_needs_semantic_validation
gamedata\revival_bool_data_7.xml,5300,,"<DataName type=""string"">MainFieldDungeon_TwnObj_GanonGrudgeSolid_Eyeball_A_01_962283061</DataName>",candidate_needs_semantic_validation
gamedata\revival_bool_data_7.xml,5303,,"<DataName type=""string"">MainFieldDungeon_TwnObj_GanonGrudgeSolid_Eyeball_A_01_1366728947</DataName>",candidate_needs_semantic_validation
gamedata\revival_bool_data_7.xml,5306,,"<DataName type=""string"">MainFieldDungeon_TwnObj_GanonGrudgeSolid_Eyeball_A_01_1408146088</DataName>",candidate_needs_semantic_validation
gamedata\revival_bool_data_7.xml,5309,,"<DataName type=""string"">MainFieldDungeon_Enemy_Guardian_Mini_Baby_Dark_1532176960</DataName>",candidate_needs_semantic_validation
gamedata\revival_bool_data_7.xml,5312,,"<DataName type=""string"">MainFieldDungeon_TBox_Dungeon_Wood_1739313242</DataName>",candidate_needs_semantic_validation
gamedata\revival_bool_data_7.xml,5315,,"<DataName type=""string"">MainFieldDungeon_DgnObj_RemainsTerminalBody_A_1863979501</DataName>",candidate_needs_semantic_validation
gamedata\revival_bool_data_7.xml,5318,,"<DataName type=""string"">MainFieldDungeon_DgnObj_RemainsTerminalBody_A_1871746289</DataName>",candidate_needs_semantic_validation
gamedata\revival_bool_data_7.xml,5321,,"<DataName type=""string"">MainFieldDungeon_TwnObj_GanonGrudgeSolid_Eyeball_A_01_1994238103</DataName>",candidate_needs_semantic_validation
gamedata\revival_bool_data_7.xml,5324,,"<DataName type=""string"">MainFieldDungeon_FldObj_Terminal_A_01_2019624366</DataName>",candidate_needs_semantic_validation
gamedata\revival_bool_data_7.xml,5327,,"<DataName type=""string"">MainFieldDungeon_FldObj_Terminal_A_01_2028699826</DataName>",candidate_needs_semantic_validation
gamedata\revival_bool_data_7.xml,5330,,"<DataName type=""string"">MainFieldDungeon_FldObj_Terminal_A_01_2189178038</DataName>",candidate_needs_semantic_validation
gamedata\revival_bool_data_7.xml,5333,,"<DataName type=""string"">MainFieldDungeon_Obj_HeartUtuwa_A_01_2224435968</DataName>",candidate_needs_semantic_validation
gamedata\revival_bool_data_7.xml,5336,,"<DataName type=""string"">MainFieldDungeon_DgnObj_RemainsTerminalBody_A_2500272373</DataName>",candidate_needs_semantic_validation
gamedata\revival_bool_data_7.xml,5339,,"<DataName type=""string"">MainFieldDungeon_TBox_Dungeon_Iron_2574653140</DataName>",candidate_needs_semantic_validation
gamedata\revival_bool_data_7.xml,5342,,"<DataName type=""string"">MainFieldDungeon_TwnObj_GanonGrudgeSolid_Eyeball_A_01_2863908770</DataName>",candidate_needs_semantic_validation
gamedata\revival_bool_data_7.xml,5345,,"<DataName type=""string"">MainFieldDungeon_FldObj_Terminal_A_01_2874875320</DataName>",candidate_needs_semantic_validation
gamedata\revival_bool_data_7.xml,5348,,"<DataName type=""string"">MainFieldDungeon_DgnObj_AncientReactor_B_01_3183677059</DataName>",candidate_needs_semantic_validation
gamedata\revival_bool_data_7.xml,5351,,"<DataName type=""string"">MainFieldDungeon_TwnObj_GanonGrudgeSolid_Eyeball_A_01_3356904144</DataName>",candidate_needs_semantic_validation
gamedata\revival_bool_data_7.xml,5354,,"<DataName type=""string"">MainFieldDungeon_DgnObj_AncientReactor_B_01_3663222571</DataName>",candidate_needs_semantic_validation
gamedata\revival_bool_data_7.xml,5357,,"<DataName type=""string"">MainFieldDungeon_FldObj_DownloadTerminal_A_01_3698093779</DataName>",candidate_needs_semantic_validation
gamedata\revival_bool_data_7.xml,5360,,"<DataName type=""string"">MainFieldDungeon_TwnObj_GanonGrudgeSolid_Eyeball_A_01_3849979110</DataName>",candidate_needs_semantic_validation
gamedata\revival_bool_data_7.xml,5363,,"<DataName type=""string"">MainFieldDungeon_TBox_Dungeon_Wood_3877021021</DataName>",candidate_needs_semantic_validation
gamedata\revival_bool_data_7.xml,5366,,"<DataName type=""string"">MainFieldDungeon_DgnObj_AncientReactor_B_01_4028066808</DataName>",candidate_needs_semantic_validation
gamedata\revival_bool_data_7.xml,5369,,"<DataName type=""string"">MainFieldDungeon_TBox_Dungeon_Stone_4082461528</DataName>",candidate_needs_semantic_validation
gamedata\revival_bool_data_7.xml,5372,,"<DataName type=""string"">MainFieldDungeon_TwnObj_GanonGrudgeSolid_Eyeball_A_01_4235580151</DataName>",candidate_needs_semantic_validation
gamedata\revival_bool_data_7.xml,5375,,"<DataName type=""string"">MainFieldDungeon_Enemy_Guardian_Mini_Junior_Dark_810427046</DataName>",candidate_needs_semantic_validation
gamedata\revival_bool_data_7.xml,5378,,"<DataName type=""string"">MainFieldDungeon_Enemy_Guardian_Mini_Junior_Dark_996206242</DataName>",candidate_needs_semantic_validation
gamedata\revival_bool_data_7.xml,5381,,"<DataName type=""string"">MainFieldDungeon_Enemy_Guardian_Mini_Baby_Dark_2110680702</DataName>",candidate_needs_semantic_validation
gamedata\revival_bool_data_7.xml,5384,,"<DataName type=""string"">MainFieldDungeon_TwnObj_GanonGrudgeSolid_Eyeball_A_01_243539911</DataName>",candidate_needs_semantic_validation
gamedata\revival_bool_data_7.xml,5387,,"<DataName type=""string"">MainFieldDungeon_TBox_Dungeon_Stone_456917981</DataName>",candidate_needs_semantic_validation
gamedata\revival_bool_data_7.xml,5390,,"<DataName type=""string"">MainFieldDungeon_TwnObj_GanonGrudgeSolid_Eyeball_A_01_563611273</DataName>",candidate_needs_semantic_validation
gamedata\revival_bool_data_7.xml,5393,,"<DataName type=""string"">MainFieldDungeon_TBox_Dungeon_Iron_703988891</DataName>",candidate_needs_semantic_validation
gamedata\revival_bool_data_7.xml,5396,,"<DataName type=""string"">MainFieldDungeon_Enemy_SiteBoss_Spear_781518966</DataName>",candidate_needs_semantic_validation
gamedata\revival_bool_data_7.xml,5399,,"<DataName type=""string"">MainFieldDungeon_FldObj_Terminal_A_01_969080608</DataName>",candidate_needs_semantic_validation
gamedata\revival_bool_data_7.xml,5402,,"<DataName type=""string"">MainFieldDungeon_TBox_Dungeon_Stone_1261793201</DataName>",candidate_needs_semantic_validation
gamedata\revival_bool_data_7.xml,5405,,"<DataName type=""string"">MainFieldDungeon_FldObj_Terminal_A_01_1474232055</DataName>",candidate_needs_semantic_validation
gamedata\revival_bool_data_7.xml,5408,,"<DataName type=""string"">MainFieldDungeon_TwnObj_GanonGrudgeSolid_Eyeball_A_01_1521613396</DataName>",candidate_needs_semantic_validation
gamedata\revival_bool_data_7.xml,5411,,"<DataName type=""string"">MainFieldDungeon_DgnObj_RemainsTerminalBody_A_1710346876</DataName>",candidate_needs_semantic_validation
gamedata\revival_bool_data_7.xml,5414,,"<DataName type=""string"">MainFieldDungeon_DgnObj_RemainsTerminalBody_A_2270797422</DataName>",candidate_needs_semantic_validation
gamedata\revival_bool_data_7.xml,5417,,"<DataName type=""string"">MainFieldDungeon_FldObj_Terminal_A_01_2418182701</DataName>",candidate_needs_semantic_validation
gamedata\revival_bool_data_7.xml,5420,,"<DataName type=""string"">MainFieldDungeon_DgnObj_RemainsTerminalBody_A_2608135785</DataName>",candidate_needs_semantic_validation
gamedata\revival_bool_data_7.xml,5423,,"<DataName type=""string"">MainFieldDungeon_FldObj_Terminal_A_01_2841367266</DataName>",candidate_needs_semantic_validation
gamedata\revival_bool_data_7.xml,5426,,"<DataName type=""string"">MainFieldDungeon_Obj_HeartUtuwa_A_01_3046120871</DataName>",candidate_needs_semantic_validation
gamedata\revival_bool_data_7.xml,5429,,"<DataName type=""string"">MainFieldDungeon_TwnObj_GanonGrudgeSolid_Eyeball_A_01_3151147972</DataName>",candidate_needs_semantic_validation
gamedata\revival_bool_data_7.xml,5432,,"<DataName type=""string"">MainFieldDungeon_TwnObj_GanonGrudgeSolid_Eyeball_A_01_3353799693</DataName>",candidate_needs_semantic_validation
gamedata\revival_bool_data_7.xml,5435,,"<DataName type=""string"">MainFieldDungeon_FldObj_Terminal_A_01_3439469688</DataName>",candidate_needs_semantic_validation
gamedata\revival_bool_data_7.xml,5438,,"<DataName type=""string"">MainFieldDungeon_TBox_Dungeon_Stone_3527163403</DataName>",candidate_needs_semantic_validation
gamedata\revival_bool_data_7.xml,5441,,"<DataName type=""string"">MainFieldDungeon_FldObj_DownloadTerminal_A_01_3732591143</DataName>",candidate_needs_semantic_validation
gamedata\revival_bool_data_7.xml,5444,,"<DataName type=""string"">MainFieldDungeon_TBox_Dungeon_Stone_3777321501</DataName>",candidate_needs_semantic_validation
gamedata\revival_bool_data_7.xml,5447,,"<DataName type=""string"">MainFieldDungeon_TBox_Dungeon_Stone_3875439170</DataName>",candidate_needs_semantic_validation
gamedata\revival_bool_data_7.xml,5450,,"<DataName type=""string"">MainFieldDungeon_FldObj_Terminal_A_01_3878009531</DataName>",candidate_needs_semantic_validation
gamedata\revival_bool_data_7.xml,5453,,"<DataName type=""string"">MainFieldDungeon_TwnObj_GanonGrudgeSolid_Eyeball_A_01_3984230029</DataName>",candidate_needs_semantic_validation
gamedata\revival_bool_data_7.xml,5456,,"<DataName type=""string"">MainFieldDungeon_TwnObj_GanonGrudgeSolid_Eyeball_A_01_3992981477</DataName>",candidate_needs_semantic_validation
gamedata\revival_bool_data_7.xml,5459,,"<DataName type=""string"">MainFieldDungeon_DgnObj_RemainsTerminalBody_A_4032737016</DataName>",candidate_needs_semantic_validation
gamedata\revival_bool_data_7.xml,5462,,"<DataName type=""string"">MainFieldDungeon_DgnObj_RemainsTerminalBody_A_4117299134</DataName>",candidate_needs_semantic_validation
gamedata\revival_bool_data_7.xml,5465,,"<DataName type=""string"">MainFieldDungeon_TBox_Dungeon_Stone_4271575548</DataName>",candidate_needs_semantic_validation
gamedata\revival_bool_data_7.xml,5468,,"<DataName type=""string"">MainFieldDungeon_Enemy_Guardian_Mini_Junior_Dark_2612203402</DataName>",candidate_needs_semantic_validation
gamedata\revival_bool_data_7.xml,5471,,"<DataName type=""string"">MainFieldDungeon_FldObj_Terminal_A_01_260772032</DataName>",candidate_needs_semantic_validation
gamedata\revival_bool_data_7.xml,5474,,"<DataName type=""string"">MainFieldDungeon_FldObj_Terminal_A_01_346006798</DataName>",candidate_needs_semantic_validation
gamedata\revival_bool_data_7.xml,5477,,"<DataName type=""string"">MainFieldDungeon_TBox_Dungeon_Stone_388540865</DataName>",candidate_needs_semantic_validation
gamedata\revival_bool_data_7.xml,5480,,"<DataName type=""string"">MainFieldDungeon_TBox_Dungeon_Stone_404901059</DataName>",candidate_needs_semantic_validation
gamedata\revival_bool_data_7.xml,5483,,"<DataName type=""string"">MainFieldDungeon_DgnObj_RemainsTerminalBody_A_418382979</DataName>",candidate_needs_semantic_validation
gamedata\revival_bool_data_7.xml,5486,,"<DataName type=""string"">MainFieldDungeon_FldObj_Terminal_A_01_646222239</DataName>",candidate_needs_semantic_validation
gamedata\revival_bool_data_7.xml,5489,,"<DataName type=""string"">MainFieldDungeon_DgnObj_RemainsTerminalBody_A_838829532</DataName>",candidate_needs_semantic_validation
gamedata\revival_bool_data_7.xml,5492,,"<DataName type=""string"">MainFieldDungeon_TwnObj_GanonGrudgeSolid_Eyeball_A_01_897543486</DataName>",candidate_needs_semantic_validation
gamedata\revival_bool_data_7.xml,5495,,"<DataName type=""string"">MainFieldDungeon_TBox_Dungeon_Wood_1346994567</DataName>",candidate_needs_semantic_validation
gamedata\revival_bool_data_7.xml,5498,,"<DataName type=""string"">MainFieldDungeon_TBox_Dungeon_Stone_1407963741</DataName>",candidate_needs_semantic_validation
gamedata\revival_bool_data_7.xml,5501,,"<DataName type=""string"">MainFieldDungeon_TBox_Dungeon_Stone_1515121245</DataName>",candidate_needs_semantic_validation
gamedata\revival_bool_data_7.xml,5504,,"<DataName type=""string"">MainFieldDungeon_TBox_Dungeon_Stone_1716309953</DataName>",candidate_needs_semantic_validation
gamedata\revival_bool_data_7.xml,5507,,"<DataName type=""string"">MainFieldDungeon_FldObj_Terminal_A_01_1890065297</DataName>",candidate_needs_semantic_validation
gamedata\revival_bool_data_7.xml,5510,,"<DataName type=""string"">MainFieldDungeon_TwnObj_GanonGrudgeSolid_Eyeball_A_01_1896743214</DataName>",candidate_needs_semantic_validation
gamedata\revival_bool_data_7.xml,5513,,"<DataName type=""string"">MainFieldDungeon_WallCrack_Wind_2324638353</DataName>",candidate_needs_semantic_validation
gamedata\revival_bool_data_7.xml,5516,,"<DataName type=""string"">MainFieldDungeon_TwnObj_GanonGrudgeSolid_Eyeball_A_01_2337663528</DataName>",candidate_needs_semantic_validation
gamedata\revival_bool_data_7.xml,5519,,"<DataName type=""string"">MainFieldDungeon_FldObj_Terminal_A_01_2384676482</DataName>",candidate_needs_semantic_validation
gamedata\revival_bool_data_7.xml,5522,,"<DataName type=""string"">MainFieldDungeon_FldObj_DownloadTerminal_A_01_2498109624</DataName>",candidate_needs_semantic_validation
gamedata\revival_bool_data_7.xml,5525,,"<DataName type=""string"">MainFieldDungeon_DgnObj_RemainsTerminalBody_A_2572702401</DataName>",candidate_needs_semantic_validation
gamedata\revival_bool_data_7.xml,5528,,"<DataName type=""string"">MainFieldDungeon_Enemy_SiteBoss_Bow_2684730666</DataName>",candidate_needs_semantic_validation
gamedata\revival_bool_data_7.xml,5531,,"<DataName type=""string"">MainFieldDungeon_DgnObj_RemainsTerminalBody_A_2696982252</DataName>",candidate_needs_semantic_validation
gamedata\revival_bool_data_7.xml,5534,,"<DataName type=""string"">MainFieldDungeon_Obj_HeartUtuwa_A_01_2805247992</DataName>",candidate_needs_semantic_validation
gamedata\revival_bool_data_7.xml,5537,,"<DataName type=""string"">MainFieldDungeon_TwnObj_GanonGrudgeSolid_Eyeball_A_01_2817596871</DataName>",candidate_needs_semantic_validation
gamedata\revival_bool_data_7.xml,5540,,"<DataName type=""string"">MainFieldDungeon_DgnObj_RemainsTerminalBody_A_3001593530</DataName>",candidate_needs_semantic_validation
gamedata\revival_bool_data_7.xml,5543,,"<DataName type=""string"">MainFieldDungeon_TwnObj_GanonGrudgeSolid_Eyeball_A_01_3034529496</DataName>",candidate_needs_semantic_validation
gamedata\revival_bool_data_7.xml,5546,,"<DataName type=""string"">MainFieldDungeon_FldObj_Terminal_A_01_3082533551</DataName>",candidate_needs_semantic_validation
gamedata\revival_bool_data_7.xml,5549,,"<DataName type=""string"">MainFieldDungeon_TwnObj_GanonGrudgeSolid_Eyeball_A_01_3827550871</DataName>",candidate_needs_semantic_validation
gamedata\revival_bool_data_7.xml,5552,,"<DataName type=""string"">MainFieldDungeon_TBox_Dungeon_Stone_3937043794</DataName>",candidate_needs_semantic_validation
gamedata\revival_bool_data_7.xml,5555,,"<DataName type=""string"">MainFieldDungeon_TwnObj_GanonGrudgeSolid_Eyeball_A_01_3986567763</DataName>",candidate_needs_semantic_validation
gamedata\revival_bool_data_7.xml,5558,,"<DataName type=""string"">MainFieldDungeon_TBox_Dungeon_Stone_3992374850</DataName>",candidate_needs_semantic_validation
gamedata\revival_bool_data_7.xml,5561,,"<DataName type=""string"">MainFieldDungeon_TwnObj_GanonGrudgeSolid_Eyeball_A_01_4030089798</DataName>",candidate_needs_semantic_validation
gamedata\revival_bool_data_7.xml,5564,,"<DataName type=""string"">MainFieldDungeon_TwnObj_GanonGrudgeSolid_Eyeball_A_01_4043571028</DataName>",candidate_needs_semantic_validation
gamedata\revival_bool_data_7.xml,5567,,"<DataName type=""string"">MainFieldDungeon_DgnObj_WallCrack_Wind_A_02_4253555207</DataName>",candidate_needs_semantic_validation
gamedata\revival_bool_data_7.xml,5570,,"<DataName type=""string"">MarioClubTestDungeon_WallCrack_103551723</DataName>",candidate_needs_semantic_validation
gamedata\revival_bool_data_7.xml,5573,,"<DataName type=""string"">MarioClubTestDungeon_PutRupee_Silver_187765281</DataName>",candidate_needs_semantic_validation
gamedata\revival_bool_data_7.xml,5576,,"<DataName type=""string"">MarioClubTestDungeon_Kibako_Contain_01_315464525</DataName>",candidate_needs_semantic_validation
gamedata\revival_bool_data_7.xml,5579,,"<DataName type=""string"">MarioClubTestDungeon_Pot_1707781083</DataName>",candidate_needs_semantic_validation
gamedata\revival_bool_data_7.xml,5582,,"<DataName type=""string"">MarioClubTestDungeon_PutRupee_Silver_2083922615</DataName>",candidate_needs_semantic_validation
gamedata\revival_bool_data_7.xml,5585,,"<DataName type=""string"">MarioClubTestDungeon_Animal_Boar_A_2190819057</DataName>",candidate_needs_semantic_validation
gamedata\revival_bool_data_7.xml,5588,,"<DataName type=""string"">MarioClubTestDungeon_PutRupee_Silver_2453160859</DataName>",candidate_needs_semantic_validation
gamedata\revival_bool_data_7.xml,5591,,"<DataName type=""string"">MarioClubTestDungeon_PutRupee_Silver_2609778608</DataName>",candidate_needs_semantic_validation
gamedata\revival_bool_data_7.xml,5594,,"<DataName type=""string"">MarioClubTestDungeon_Barrel_3797071636</DataName>",candidate_needs_semantic_validation
gamedata\revival_bool_data_7.xml,5597,,"<DataName type=""string"">MarioClubTestDungeon_PutRupee_Silver_3846140685</DataName>",candidate_needs_semantic_validation
gamedata\revival_bool_data_7.xml,5600,,"<DataName type=""string"">MarioClubTestDungeon_PutRupee_Silver_3968417574</DataName>",candidate_needs_semantic_validation
gamedata\revival_bool_data_7.xml,5603,,"<DataName type=""string"">MarioClubTestDungeon_Animal_Bull_A_4119989863</DataName>",candidate_needs_semantic_validation
gamedata\revival_bool_data_7.xml,5606,,"<DataName type=""string"">MarioClubTestDungeon_TBox_Dungeon_Iron_3453265974</DataName>",candidate_needs_semantic_validation
gamedata\revival_bool_data_7.xml,5609,,"<DataName type=""string"">MarioClubTestDungeon_TBox_Dungeon_Wood_4084536344</DataName>",candidate_needs_semantic_validation
gamedata\revival_bool_data_7.xml,5612,,"<DataName type=""string"">MarioClubTestDungeon_Item_Plant_L_170108</DataName>",candidate_needs_semantic_validation
gamedata\revival_bool_data_7.xml,5615,,"<DataName type=""string"">MarioClubTestDungeon_Weapon_Shield_016_6747321</DataName>",candidate_needs_semantic_validation
gamedata\revival_bool_data_7.xml,5618,,"<DataName type=""string"">MarioClubTestDungeon_Item_RoastFish_02_29422155</DataName>",candidate_needs_semantic_validation
gamedata\revival_bool_data_7.xml,5621,,"<DataName type=""string"">MarioClubTestDungeon_Weapon_Sword_052_35670752</DataName>",candidate_needs_semantic_validation
gamedata\revival_bool_data_7.xml,5624,,"<DataName type=""string"">MarioClubTestDungeon_Obj_BombArrow_A_01_65151191</DataName>",candidate_needs_semantic_validation
gamedata\revival_bool_data_7.xml,5627,,"<DataName type=""string"">MarioClubTestDungeon_Weapon_Shield_018_118173856</DataName>",candidate_needs_semantic_validation
gamedata\revival_bool_data_7.xml,5630,,"<DataName type=""string"">MarioClubTestDungeon_Item_Plant_J_124738661</DataName>",candidate_needs_semantic_validation
gamedata\revival_bool_data_7.xml,5633,,"<DataName type=""string"">MarioClubTestDungeon_Item_RoastFish_04_141999712</DataName>",candidate_needs_semantic_validation
gamedata\revival_bool_data_7.xml,5636,,"<DataName type=""string"">MarioClubTestDungeon_Item_Meat_07_200436238</DataName>",candidate_needs_semantic_validation
gamedata\revival_bool_data_7.xml,5639,,"<DataName type=""string"">MarioClubTestDungeon_Weapon_Sword_041_217826002</DataName>",candidate_needs_semantic_validation
gamedata\revival_bool_data_7.xml,5642,,"<DataName type=""string"">MarioClubTestDungeon_Weapon_Lsword_029_221882597</DataName>",candidate_needs_semantic_validation
gamedata\revival_bool_data_7.xml,5645,,"<DataName type=""string"">MarioClubTestDungeon_Weapon_Bow_017_233966611</DataName>",candidate_needs_semantic_validation
gamedata\revival_bool_data_7.xml,5648,,"<DataName type=""string"">MarioClubTestDungeon_Weapon_Shield_008_247299211</DataName>",candidate_needs_semantic_validation
gamedata\revival_bool_data_7.xml,5651,,"<DataName type=""string"">MarioClubTestDungeon_Item_Plant_I_279962902</DataName>",candidate_needs_semantic_validation
gamedata\revival_bool_data_7.xml,5654,,"<DataName type=""string"">MarioClubTestDungeon_Item_Mushroom_F_292392737</DataName>",candidate_needs_semantic_validation
gamedata\revival_bool_data_7.xml,5657,,"<DataName type=""string"">MarioClubTestDungeon_Item_Meat_02_317283151</DataName>",candidate_needs_semantic_validation
gamedata\revival_bool_data_7.xml,5660,,"<DataName type=""string"">MarioClubTestDungeon_Weapon_Bow_011_327481675</DataName>",candidate_needs_semantic_validation
gamedata\revival_bool_data_7.xml,5663,,"<DataName type=""string"">MarioClubTestDungeon_Weapon_Bow_032_350829906</DataName>",candidate_needs_semantic_validation
gamedata\revival_bool_data_7.xml,5666,,"<DataName type=""string"">MarioClubTestDungeon_Weapon_Sword_030_367063955</DataName>",candidate_needs_semantic_validation
gamedata\revival_bool_data_7.xml,5669,,"<DataName type=""string"">MarioClubTestDungeon_Weapon_Shield_031_396774858</DataName>",candidate_needs_semantic_validation
gamedata\revival_bool_data_7.xml,5672,,"<DataName type=""string"">MarioClubTestDungeon_Item_Mushroom_B_417055498</DataName>",candidate_needs_semantic_validation
gamedata\revival_bool_data_7.xml,5675,,"<DataName type=""string"">MarioClubTestDungeon_Item_Plant_G_421112125</DataName>",candidate_needs_semantic_validation
gamedata\revival_bool_data_7.xml,5678,,"<DataName type=""string"">MarioClubTestDungeon_Weapon_Shield_004_427673080</DataName>",candidate_needs_semantic_validation
gamedata\revival_bool_data_7.xml,5681,,"<DataName type=""string"">MarioClubTestDungeon_Weapon_Bow_016_439530848</DataName>",candidate_needs_semantic_validation
gamedata\revival_bool_data_7.xml,5684,,"<DataName type=""string"">MarioClubTestDungeon_Weapon_Sword_053_456883105</DataName>",candidate_needs_semantic_validation
gamedata\revival_bool_data_7.xml,5687,,"<DataName type=""string"">MarioClubTestDungeon_Weapon_Sword_047_475447224</DataName>",candidate_needs_semantic_validation
gamedata\revival_bool_data_7.xml,5690,,"<DataName type=""string"">MarioClubTestDungeon_Weapon_Shield_009_504365537</DataName>",candidate_needs_semantic_validation
gamedata\revival_bool_data_7.xml,5693,,"<DataName type=""string"">MarioClubTestDungeon_Item_Plant_E_510946596</DataName>",candidate_needs_semantic_validation
gamedata\revival_bool_data_7.xml,5696,,"<DataName type=""string"">MarioClubTestDungeon_Item_Plant_A_544922998</DataName>",candidate_needs_semantic_validation
gamedata\revival_bool_data_7.xml,5699,,"<DataName type=""string"">MarioClubTestDungeon_Animal_Fish_B_551500237</DataName>",candidate_needs_semantic_validation
gamedata\revival_bool_data_7.xml,5702,,"<DataName type=""string"">MarioClubTestDungeon_Weapon_Shield_036_565353417</DataName>",candidate_needs_semantic_validation
gamedata\revival_bool_data_7.xml,5705,,"<DataName type=""string"">MarioClubTestDungeon_Weapon_Spear_034_568122244</DataName>",candidate_needs_semantic_validation
gamedata\revival_bool_data_7.xml,5708,,"<DataName type=""string"">MarioClubTestDungeon_Item_Mushroom_A_576196586</DataName>",candidate_needs_semantic_validation
gamedata\revival_bool_data_7.xml,5711,,"<DataName type=""string"">MarioClubTestDungeon_Item_Enemy_02_580487060</DataName>",candidate_needs_semantic_validation
gamedata\revival_bool_data_7.xml,5714,,"<DataName type=""string"">MarioClubTestDungeon_Item_Roast_02_593227171</DataName>",candidate_needs_semantic_validation
gamedata\revival_bool_data_7.xml,5717,,"<DataName type=""string"">MarioClubTestDungeon_Weapon_Sword_034_597321181</DataName>",candidate_needs_semantic_validation
gamedata\revival_bool_data_7.xml,5720,,"<DataName type=""string"">MarioClubTestDungeon_Item_Mushroom_D_624282611</DataName>",candidate_needs_semantic_validation
gamedata\revival_bool_data_7.xml,5723,,"<DataName type=""string"">MarioClubTestDungeon_Weapon_Lsword_055_638909222</DataName>",candidate_needs_semantic_validation
gamedata\revival_bool_data_7.xml,5726,,"<DataName type=""string"">MarioClubTestDungeon_Weapon_Spear_033_649142173</DataName>",candidate_needs_semantic_validation
gamedata\revival_bool_data_7.xml,5729,,"<DataName type=""string"">MarioClubTestDungeon_Weapon_Shield_033_652173264</DataName>",candidate_needs_semantic_validation
gamedata\revival_bool_data_7.xml,5732,,"<DataName type=""string"">MarioClubTestDungeon_Item_Plant_C_655825263</DataName>",candidate_needs_semantic_validation
gamedata\revival_bool_data_7.xml,5735,,"<DataName type=""string"">MarioClubTestDungeon_Weapon_Sword_043_668373265</DataName>",candidate_needs_semantic_validation
gamedata\revival_bool_data_7.xml,5738,,"<DataName type=""string"">MarioClubTestDungeon_Weapon_Shield_023_671406050</DataName>",candidate_needs_semantic_validation
gamedata\revival_bool_data_7.xml,5741,,"<DataName type=""string"">MarioClubTestDungeon_Weapon_Lsword_036_684684052</DataName>",candidate_needs_semantic_validation
gamedata\revival_bool_data_7.xml,5744,,"<DataName type=""string"">MarioClubTestDungeon_Weapon_Sword_027_688724259</DataName>",candidate_needs_semantic_validation
gamedata\revival_bool_data_7.xml,5747,,"<DataName type=""string"">MarioClubTestDungeon_Item_RoastFish_07_720216456</DataName>",candidate_needs_semantic_validation
gamedata\revival_bool_data_7.xml,5750,,"<DataName type=""string"">MarioClubTestDungeon_Weapon_Spear_029_740713315</DataName>",candidate_needs_semantic_validation
gamedata\revival_bool_data_7.xml,5753,,"<DataName type=""string"">MarioClubTestDungeon_Item_Plant_O_742526886</DataName>",candidate_needs_semantic_validation
gamedata\revival_bool_data_7.xml,5756,,"<DataName type=""string"">MarioClubTestDungeon_Weapon_Sword_014_778100026</DataName>",candidate_needs_semantic_validation
gamedata\revival_bool_data_7.xml,5759,,"<DataName type=""string"">MarioClubTestDungeon_Weapon_Lsword_054_799192845</DataName>",candidate_needs_semantic_validation
gamedata\revival_bool_data_7.xml,5762,,"<DataName type=""string"">MarioClubTestDungeon_Weapon_Lsword_056_806758498</DataName>",candidate_needs_semantic_validation
gamedata\revival_bool_data_7.xml,5765,,"<DataName type=""string"">MarioClubTestDungeon_Animal_Fish_E_812795047</DataName>",candidate_needs_semantic_validation
gamedata\revival_bool_data_7.xml,5768,,"<DataName type=""string"">MarioClubTestDungeon_Weapon_Shield_013_824174243</DataName>",candidate_needs_semantic_validation
gamedata\revival_bool_data_7.xml,5771,,"<DataName type=""string"">MarioClubTestDungeon_Item_Enemy_05_842332926</DataName>",candidate_needs_semantic_validation
gamedata\revival_bool_data_7.xml,5774,,"<DataName type=""string"">MarioClubTestDungeon_Weapon_Spear_031_844142139</DataName>",candidate_needs_semantic_validation
gamedata\revival_bool_data_7.xml,5777,,"<DataName type=""string"">MarioClubTestDungeon_Item_Roast_05_871796937</DataName>",candidate_needs_semantic_validation
gamedata\revival_bool_data_7.xml,5780,,"<DataName type=""string"">MarioClubTestDungeon_Item_Roast_03_882595024</DataName>",candidate_needs_semantic_validation
gamedata\revival_bool_data_7.xml,5783,,"<DataName type=""string"">MarioClubTestDungeon_Weapon_Spear_027_893211170</DataName>",candidate_needs_semantic_validation
gamedata\revival_bool_data_7.xml,5786,,"<DataName type=""string"">MarioClubTestDungeon_Animal_Fish_C_924811454</DataName>",candidate_needs_semantic_validation
gamedata\revival_bool_data_7.xml,5789,,"<DataName type=""string"">MarioClubTestDungeon_Weapon_Sword_002_930868347</DataName>",candidate_needs_semantic_validation
gamedata\revival_bool_data_7.xml,5792,,"<DataName type=""string"">MarioClubTestDungeon_Weapon_Shield_025_950643336</DataName>",candidate_needs_semantic_validation
gamedata\revival_bool_data_7.xml,5795,,"<DataName type=""string"">MarioClubTestDungeon_Weapon_Spear_007_952625861</DataName>",candidate_needs_semantic_validation
gamedata\revival_bool_data_7.xml,5798,,"<DataName type=""string"">MarioClubTestDungeon_Item_Ore_D_962718775</DataName>",candidate_needs_semantic_validation
gamedata\revival_bool_data_7.xml,5801,,"<DataName type=""string"">MarioClubTestDungeon_Animal_Fish_G_969148556</DataName>",candidate_needs_semantic_validation
gamedata\revival_bool_data_7.xml,5804,,"<DataName type=""string"">MarioClubTestDungeon_Item_Roast_07_977329378</DataName>",candidate_needs_semantic_validation
gamedata\revival_bool_data_7.xml,5807,,"<DataName type=""string"">MarioClubTestDungeon_Weapon_Sword_031_981554332</DataName>",candidate_needs_semantic_validation
gamedata\revival_bool_data_7.xml,5810,,"<DataName type=""string"">MarioClubTestDungeon_Weapon_Lsword_035_994262699</DataName>",candidate_needs_semantic_validation
gamedata\revival_bool_data_7.xml,5813,,"<DataName type=""string"">MarioClubTestDungeon_Weapon_Lsword_038_1009711794</DataName>",candidate_needs_semantic_validation
gamedata\revival_bool_data_7.xml,5816,,"<DataName type=""string"">MarioClubTestDungeon_Weapon_Spear_050_1015750153</DataName>",candidate_needs_semantic_validation
gamedata\revival_bool_data_7.xml,5819,,"<DataName type=""string"">MarioClubTestDungeon_Weapon_Sword_008_1038913669</DataName>",candidate_needs_semantic_validation
gamedata\revival_bool_data_7.xml,5822,,"<DataName type=""string"">MarioClubTestDungeon_Item_Ore_F_1040984110</DataName>",candidate_needs_semantic_validation
gamedata\revival_bool_data_7.xml,5825,,"<DataName type=""string"">MarioClubTestDungeon_Weapon_Sword_024_1053663312</DataName>",candidate_needs_semantic_validation
gamedata\revival_bool_data_7.xml,5828,,"<DataName type=""string"">MarioClubTestDungeon_Weapon_Lsword_013_1057999463</DataName>",candidate_needs_semantic_validation
gamedata\revival_bool_data_7.xml,5831,,"<DataName type=""string"">MarioClubTestDungeon_Weapon_Spear_017_1068117724</DataName>",candidate_needs_semantic_validation
gamedata\revival_bool_data_7.xml,5834,,"<DataName type=""string"">MarioClubTestDungeon_Weapon_Lsword_016_1115176482</DataName>",candidate_needs_semantic_validation
gamedata\revival_bool_data_7.xml,5837,,"<DataName type=""string"">MarioClubTestDungeon_Weapon_Bow_001_1119066836</DataName>",candidate_needs_semantic_validation
gamedata\revival_bool_data_7.xml,5840,,"<DataName type=""string"">MarioClubTestDungeon_Weapon_Sword_016_1136284693</DataName>",candidate_needs_semantic_validation
gamedata\revival_bool_data_7.xml,5843,,"<DataName type=""string"">MarioClubTestDungeon_Kibako_Contain_01_1152646345</DataName>",candidate_needs_semantic_validation
gamedata\revival_bool_data_7.xml,5846,,"<DataName type=""string"">MarioClubTestDungeon_Weapon_Bow_004_1172201165</DataName>",candidate_needs_semantic_validation
gamedata\revival_bool_data_7.xml,5849,,"<DataName type=""string"">MarioClubTestDungeon_Item_Fruit_G_1194797223</DataName>",candidate_needs_semantic_validation
gamedata\revival_bool_data_7.xml,5852,,"<DataName type=""string"">MarioClubTestDungeon_Weapon_Shield_034_1210377770</DataName>",candidate_needs_semantic_validation
gamedata\revival_bool_data_7.xml,5855,,"<DataName type=""string"">MarioClubTestDungeon_Weapon_Spear_006_1212851815</DataName>",candidate_needs_semantic_validation
gamedata\revival_bool_data_7.xml,5858,,"<DataName type=""string"">MarioClubTestDungeon_Item_Fruit_C_1240244373</DataName>",candidate_needs_semantic_validation
gamedata\revival_bool_data_7.xml,5861,,"<DataName type=""string"">MarioClubTestDungeon_Weapon_Lsword_011_1271820809</DataName>",candidate_needs_semantic_validation
gamedata\revival_bool_data_7.xml,5864,,"<DataName type=""string"">MarioClubTestDungeon_Weapon_Bow_027_1281888998</DataName>",candidate_needs_semantic_validation
gamedata\revival_bool_data_7.xml,5867,,"<DataName type=""string"">MarioClubTestDungeon_Weapon_Lsword_006_1285797392</DataName>",candidate_needs_semantic_validation
gamedata\revival_bool_data_7.xml,5870,,"<DataName type=""string"">MarioClubTestDungeon_Weapon_Sword_005_1298258983</DataName>",candidate_needs_semantic_validation
gamedata\revival_bool_data_7.xml,5873,,"<DataName type=""string"">MarioClubTestDungeon_Item_Fruit_E_1317102732</DataName>",candidate_needs_semantic_validation
gamedata\revival_bool_data_7.xml,5876,,"<DataName type=""string"">MarioClubTestDungeon_Weapon_Spear_004_1327981182</DataName>",candidate_needs_semantic_validation
gamedata\revival_bool_data_7.xml,5879,,"<DataName type=""string"">MarioClubTestDungeon_Weapon_Shield_022_1330192947</DataName>",candidate_needs_semantic_validation
gamedata\revival_bool_data_7.xml,5882,,"<DataName type=""string"">MarioClubTestDungeon_Item_Fruit_H_1358402004</DataName>",candidate_needs_semantic_validation
gamedata\revival_bool_data_7.xml,5885,,"<DataName type=""string"">MarioClubTestDungeon_Weapon_Shield_015_1363138411</DataName>",candidate_needs_semantic_validation
gamedata\revival_bool_data_7.xml,5888,,"<DataName type=""string"">MarioClubTestDungeon_Weapon_Spear_010_1364301606</DataName>",candidate_needs_semantic_validation
gamedata\revival_bool_data_7.xml,5891,,"<DataName type=""string"">MarioClubTestDungeon_Kibako_Contain_01_1400063418</DataName>",candidate_needs_semantic_validation
gamedata\revival_bool_data_7.xml,5894,,"<DataName type=""string"">MarioClubTestDungeon_Kibako_Contain_01_1411285411</DataName>",candidate_needs_semantic_validation
gamedata\revival_bool_data_7.xml,5897,,"<DataName type=""string"">MarioClubTestDungeon_Weapon_Sword_017_1417342310</DataName>",candidate_needs_semantic_validation
gamedata\revival_bool_data_7.xml,5900,,"<DataName type=""string"">MarioClubTestDungeon_Weapon_Bow_026_1433609127</DataName>",candidate_needs_semantic_validation
gamedata\revival_bool_data_7.xml,5903,,"<DataName type=""string"">MarioClubTestDungeon_Weapon_Lsword_017_1438156625</DataName>",candidate_needs_semantic_validation
gamedata\revival_bool_data_7.xml,5906,,"<DataName type=""string"">MarioClubTestDungeon_Weapon_Shield_014_1448219506</DataName>",candidate_needs_semantic_validation
gamedata\revival_bool_data_7.xml,5909,,"<DataName type=""string"">MarioClubTestDungeon_Item_Fruit_J_1469732301</DataName>",candidate_needs_semantic_validation
gamedata\revival_bool_data_7.xml,5912,,"<DataName type=""string"">MarioClubTestDungeon_Weapon_Spear_012_1491589901</DataName>",candidate_needs_semantic_validation
gamedata\revival_bool_data_7.xml,5915,,"<DataName type=""string"">MarioClubTestDungeon_Barrel_1571343752</DataName>",candidate_needs_semantic_validation
gamedata\revival_bool_data_7.xml,5918,,"<DataName type=""string"">MarioClubTestDungeon_Item_Ore_B_1579948518</DataName>",candidate_needs_semantic_validation
gamedata\revival_bool_data_7.xml,5921,,"<DataName type=""string"">MarioClubTestDungeon_Weapon_Lsword_051_1625498058</DataName>",candidate_needs_semantic_validation
gamedata\revival_bool_data_7.xml,5924,,"<DataName type=""string"">MarioClubTestDungeon_BoarMeat_1631921976</DataName>",candidate_needs_semantic_validation
gamedata\revival_bool_data_7.xml,5927,,"<DataName type=""string"">MarioClubTestDungeon_Item_Roast_13_1656877910</DataName>",candidate_needs_semantic_validation
gamedata\revival_bool_data_7.xml,5930,,"<DataName type=""string"">MarioClubTestDungeon_Weapon_Spear_002_1667757476</DataName>",candidate_needs_semantic_validation
gamedata\revival_bool_data_7.xml,5933,,"<DataName type=""string"">MarioClubTestDungeon_Weapon_Spear_015_1678389693</DataName>",candidate_needs_semantic_validation
gamedata\revival_bool_data_7.xml,5936,,"<DataName type=""string"">MarioClubTestDungeon_Item_Roast_15_1705785167</DataName>",candidate_needs_semantic_validation
gamedata\revival_bool_data_7.xml,5939,,"<DataName type=""string"">MarioClubTestDungeon_Weapon_Lsword_024_1737418195</DataName>",candidate_needs_semantic_validation
gamedata\revival_bool_data_7.xml,5942,,"<DataName type=""string"">MarioClubTestDungeon_Weapon_Sword_004_1754728406</DataName>",candidate_needs_semantic_validation
gamedata\revival_bool_data_7.xml,5945,,"<DataName type=""string"">MarioClubTestDungeon_Weapon_Lsword_005_1767206369</DataName>",candidate_needs_semantic_validation
gamedata\revival_bool_data_7.xml,5948,,"<DataName type=""string"">MarioClubTestDungeon_Weapon_Bow_029_1772013847</DataName>",candidate_needs_semantic_validation
gamedata\revival_bool_data_7.xml,5951,,"<DataName type=""string"">MarioClubTestDungeon_Weapon_Spear_024_1792129423</DataName>",candidate_needs_semantic_validation
gamedata\revival_bool_data_7.xml,5954,,"<DataName type=""string"">MarioClubTestDungeon_Item_Fruit_B_1813674852</DataName>",candidate_needs_semantic_validation
gamedata\revival_bool_data_7.xml,5957,,"<DataName type=""string"">MarioClubTestDungeon_Pot_1872670474</DataName>",candidate_needs_semantic_validation
gamedata\revival_bool_data_7.xml,5960,,"<DataName type=""string"">MarioClubTestDungeon_Weapon_Lsword_003_1884183712</DataName>",candidate_needs_semantic_validation
gamedata\revival_bool_data_7.xml,5963,,"<DataName type=""string"">MarioClubTestDungeon_Weapon_Spear_014_1942653134</DataName>",candidate_needs_semantic_validation
gamedata\revival_bool_data_7.xml,5966,,"<DataName type=""string"">MarioClubTestDungeon_Item_Roast_12_1963018789</DataName>",candidate_needs_semantic_validation
gamedata\revival_bool_data_7.xml,5969,,"<DataName type=""string"">MarioClubTestDungeon_Weapon_Sword_051_2017098428</DataName>",candidate_needs_semantic_validation
gamedata\revival_bool_data_7.xml,5972,,"<DataName type=""string"">MarioClubTestDungeon_Animal_Fish_H_2019432057</DataName>",candidate_needs_semantic_validation
gamedata\revival_bool_data_7.xml,5975,,"<DataName type=""string"">MarioClubTestDungeon_Weapon_Lsword_001_2046300299</DataName>",candidate_needs_semantic_validation
gamedata\revival_bool_data_7.xml,5978,,"<DataName type=""string"">MarioClubTestDungeon_Item_Roast_08_2077934103</DataName>",candidate_needs_semantic_validation
gamedata\revival_bool_data_7.xml,5981,,"<DataName type=""string"">MarioClubTestDungeon_Item_Roast_10_2092369422</DataName>",candidate_needs_semantic_validation
gamedata\revival_bool_data_7.xml,5984,,"<DataName type=""string"">MarioClubTestDungeon_Weapon_Bow_015_2114075825</DataName>",candidate_needs_semantic_validation
gamedata\revival_bool_data_7.xml,5987,,"<DataName type=""string"">MarioClubTestDungeon_Weapon_Lsword_014_2123748498</DataName>",candidate_needs_semantic_validation
gamedata\revival_bool_data_7.xml,5990,,"<DataName type=""string"">MarioClubTestDungeon_Animal_Fish_J_2134102624</DataName>",candidate_needs_semantic_validation
gamedata\revival_bool_data_7.xml,5993,,"<DataName type=""string"">MarioClubTestDungeon_Weapon_Sword_040_2136456869</DataName>",candidate_needs_semantic_validation
gamedata\revival_bool_data_7.xml,5996,,"<DataName type=""string"">MarioClubTestDungeon_Weapon_Spear_004_2230970608</DataName>",candidate_needs_semantic_validation
gamedata\revival_bool_data_7.xml,5999,,"<DataName type=""string"">MarioClubTestDungeon_Weapon_Bow_014_2274404411</DataName>",candidate_needs_semantic_validation
gamedata\revival_bool_data_7.xml,6002,,"<DataName type=""string"">MarioClubTestDungeon_Pot_2284225037</DataName>",candidate_needs_semantic_validation
gamedata\revival_bool_data_7.xml,6005,,"<DataName type=""string"">MarioClubTestDungeon_Weapon_Lsword_031_2306901247</DataName>",candidate_needs_semantic_validation
gamedata\revival_bool_data_7.xml,6008,,"<DataName type=""string"">MarioClubTestDungeon_Weapon_Spear_001_2315538577</DataName>",candidate_needs_semantic_validation
gamedata\revival_bool_data_7.xml,6011,,"<DataName type=""string"">MarioClubTestDungeon_Item_Fruit_A_2342671971</DataName>",candidate_needs_semantic_validation
gamedata\revival_bool_data_7.xml,6014,,"<DataName type=""string"">MarioClubTestDungeon_Weapon_Spear_003_2372506760</DataName>",candidate_needs_semantic_validation
gamedata\revival_bool_data_7.xml,6017,,"<DataName type=""string"">MarioClubTestDungeon_Weapon_Lsword_004_2397913318</DataName>",candidate_needs_semantic_validation
gamedata\revival_bool_data_7.xml,6020,,"<DataName type=""string"">MarioClubTestDungeon_Weapon_Bow_033_2416729501</DataName>",candidate_needs_semantic_validation
gamedata\revival_bool_data_7.xml,6023,,"<DataName type=""string"">MarioClubTestDungeon_Weapon_Lsword_015_2426123710</DataName>",candidate_needs_semantic_validation
gamedata\revival_bool_data_7.xml,6026,,"<DataName type=""string"">MarioClubTestDungeon_Weapon_Sword_048_2438586249</DataName>",candidate_needs_semantic_validation
gamedata\revival_bool_data_7.xml,6029,,"<DataName type=""string"">MarioClubTestDungeon_Item_Roast_11_2461624098</DataName>",candidate_needs_semantic_validation
gamedata\revival_bool_data_7.xml,6032,,"<DataName type=""string"">MarioClubTestDungeon_Weapon_Spear_013_2490541513</DataName>",candidate_needs_semantic_validation
gamedata\revival_bool_data_7.xml,6035,,"<DataName type=""string"">MarioClubTestDungeon_Item_Roast_09_2513740603</DataName>",candidate_needs_semantic_validation
gamedata\revival_bool_data_7.xml,6038,,"<DataName type=""string"">MarioClubTestDungeon_Animal_Fish_I_2521855829</DataName>",candidate_needs_semantic_validation
gamedata\revival_bool_data_7.xml,6041,,"<DataName type=""string"">MarioClubTestDungeon_Weapon_Lsword_002_2549510567</DataName>",candidate_needs_semantic_validation
gamedata\revival_bool_data_7.xml,6044,,"<DataName type=""string"">MarioClubTestDungeon_Weapon_Bow_013_2579108278</DataName>",candidate_needs_semantic_validation
gamedata\revival_bool_data_7.xml,6047,,"<DataName type=""string"">MarioClubTestDungeon_Item_Fruit_F_2693727648</DataName>",candidate_needs_semantic_validation
gamedata\revival_bool_data_7.xml,6050,,"<DataName type=""string"">MarioClubTestDungeon_Weapon_Spear_005_2703819602</DataName>",candidate_needs_semantic_validation
gamedata\revival_bool_data_7.xml,6053,,"<DataName type=""string"">MarioClubTestDungeon_Weapon_Shield_032_2705802015</DataName>",candidate_needs_semantic_validation
gamedata\revival_bool_data_7.xml,6056,,"<DataName type=""string"">MarioClubTestDungeon_Weapon_Lsword_010_2729301820</DataName>",candidate_needs_semantic_validation
gamedata\revival_bool_data_7.xml,6059,,"<DataName type=""string"">MarioClubTestDungeon_Kibako_Contain_01_2735460814</DataName>",candidate_needs_semantic_validation
gamedata\revival_bool_data_7.xml,6062,,"<DataName type=""string"">MarioClubTestDungeon_Weapon_Sword_006_2742009099</DataName>",candidate_needs_semantic_validation
gamedata\revival_bool_data_7.xml,6065,,"<DataName type=""string"">MarioClubTestDungeon_Weapon_Sword_070_2751625490</DataName>",candidate_needs_semantic_validation
gamedata\revival_bool_data_7.xml,6068,,"<DataName type=""string"">MarioClubTestDungeon_Weapon_Lsword_012_2780828453</DataName>",candidate_needs_semantic_validation
gamedata\revival_bool_data_7.xml,6071,,"<DataName type=""string"">MarioClubTestDungeon_Weapon_Shield_005_2787804934</DataName>",candidate_needs_semantic_validation
gamedata\revival_bool_data_7.xml,6074,,"<DataName type=""string"">MarioClubTestDungeon_Weapon_Spear_036_2789525323</DataName>",candidate_needs_semantic_validation
gamedata\revival_bool_data_7.xml,6077,,"<DataName type=""string"">MarioClubTestDungeon_Item_Fruit_D_2816655801</DataName>",candidate_needs_semantic_validation
gamedata\revival_bool_data_7.xml,6080,,"<DataName type=""string"">MarioClubTestDungeon_Weapon_Bow_003_2882551777</DataName>",candidate_needs_semantic_validation
gamedata\revival_bool_data_7.xml,6083,,"<DataName type=""string"">MarioClubTestDungeon_Weapon_Bow_002_2898131960</DataName>",candidate_needs_semantic_validation
gamedata\revival_bool_data_7.xml,6086,,"<DataName type=""string"">MarioClubTestDungeon_Weapon_Shield_006_2946288429</DataName>",candidate_needs_semantic_validation
gamedata\revival_bool_data_7.xml,6089,,"<DataName type=""string"">MarioClubTestDungeon_Weapon_Bow_009_2999652000</DataName>",candidate_needs_semantic_validation
gamedata\revival_bool_data_7.xml,6092,,"<DataName type=""string"">MarioClubTestDungeon_Weapon_Shield_003_3062364780</DataName>",candidate_needs_semantic_validation
gamedata\revival_bool_data_7.xml,6095,,"<DataName type=""string"">MarioClubTestDungeon_Weapon_Shield_001_3093066334</DataName>",candidate_needs_semantic_validation
gamedata\revival_bool_data_7.xml,6098,,"<DataName type=""string"">MarioClubTestDungeon_Item_Ore_A_3113497825</DataName>",candidate_needs_semantic_validation
gamedata\revival_bool_data_7.xml,6101,,"<DataName type=""string"">MarioClubTestDungeon_Barrel_3121668239</DataName>",candidate_needs_semantic_validation
gamedata\revival_bool_data_7.xml,6104,,"<DataName type=""string"">MarioClubTestDungeon_Weapon_Sword_018_3128200266</DataName>",candidate_needs_semantic_validation
gamedata\revival_bool_data_7.xml,6107,,"<DataName type=""string"">MarioClubTestDungeon_Weapon_Lsword_018_3149325949</DataName>",candidate_needs_semantic_validation
gamedata\revival_bool_data_7.xml,6110,,"<DataName type=""string"">MarioClubTestDungeon_Kibako_Contain_01_3179095190</DataName>",candidate_needs_semantic_validation
gamedata\revival_bool_data_7.xml,6113,,"<DataName type=""string"">MarioClubTestDungeon_Item_Fruit_I_3204051192</DataName>",candidate_needs_semantic_validation
gamedata\revival_bool_data_7.xml,6116,,"<DataName type=""string"">MarioClubTestDungeon_Weapon_Shield_002_3207706183</DataName>",candidate_needs_semantic_validation
gamedata\revival_bool_data_7.xml,6119,,"<DataName type=""string"">MarioClubTestDungeon_Weapon_Spear_011_3210737162</DataName>",candidate_needs_semantic_validation
gamedata\revival_bool_data_7.xml,6122,,"<DataName type=""string"">MarioClubTestDungeon_Weapon_Sword_015_3228482582</DataName>",candidate_needs_semantic_validation
gamedata\revival_bool_data_7.xml,6125,,"<DataName type=""string"">MarioClubTestDungeon_Weapon_Lsword_041_3249329697</DataName>",candidate_needs_semantic_validation
gamedata\revival_bool_data_7.xml,6128,,"<DataName type=""string"">MarioClubTestDungeon_Weapon_Spear_025_3257401935</DataName>",candidate_needs_semantic_validation
gamedata\revival_bool_data_7.xml,6131,,"<DataName type=""string"">MarioClubTestDungeon_Weapon_Sword_044_3290581210</DataName>",candidate_needs_semantic_validation
gamedata\revival_bool_data_7.xml,6134,,"<DataName type=""string"">MarioClubTestDungeon_Item_Roast_01_3303260324</DataName>",candidate_needs_semantic_validation
gamedata\revival_bool_data_7.xml,6137,,"<DataName type=""string"">MarioClubTestDungeon_Weapon_Spear_047_3309684310</DataName>",candidate_needs_semantic_validation
gamedata\revival_bool_data_7.xml,6140,,"<DataName type=""string"">MarioClubTestDungeon_Item_Mushroom_J_3319800557</DataName>",candidate_needs_semantic_validation
gamedata\revival_bool_data_7.xml,6143,,"<DataName type=""string"">MarioClubTestDungeon_Weapon_Sword_049_3328505475</DataName>",candidate_needs_semantic_validation
gamedata\revival_bool_data_7.xml,6146,,"<DataName type=""string"">MarioClubTestDungeon_Weapon_Lsword_037_3334541880</DataName>",candidate_needs_semantic_validation
gamedata\revival_bool_data_7.xml,6149,,"<DataName type=""string"">MarioClubTestDungeon_Weapon_Sword_013_3338893327</DataName>",candidate_needs_semantic_validation
gamedata\revival_bool_data_7.xml,6152,,"<DataName type=""string"">MarioClubTestDungeon_Animal_Fish_A_3345421514</DataName>",candidate_needs_semantic_validation
gamedata\revival_bool_data_7.xml,6155,,"<DataName type=""string"">MarioClubTestDungeon_Weapon_Spear_009_3367993009</DataName>",candidate_needs_semantic_validation
gamedata\revival_bool_data_7.xml,6158,,"<DataName type=""string"">MarioClubTestDungeon_Weapon_Shield_026_3369156348</DataName>",candidate_needs_semantic_validation
gamedata\revival_bool_data_7.xml,6161,,"<DataName type=""string"">MarioClubTestDungeon_Item_Plant_B_3373889603</DataName>",candidate_needs_semantic_validation
gamedata\revival_bool_data_7.xml,6164,,"<DataName type=""string"">MarioClubTestDungeon_Weapon_Sword_035_3405365480</DataName>",candidate_needs_semantic_validation
gamedata\revival_bool_data_7.xml,6167,,"<DataName type=""string"">MarioClubTestDungeon_Weapon_Lsword_032_3409685215</DataName>",candidate_needs_semantic_validation
gamedata\revival_bool_data_7.xml,6170,,"<DataName type=""string"">MarioClubTestDungeon_Item_Mushroom_E_3428216518</DataName>",candidate_needs_semantic_validation
gamedata\revival_bool_data_7.xml,6173,,"<DataName type=""string"">MarioClubTestDungeon_Kibako_Contain_01_3455084596</DataName>",candidate_needs_semantic_validation
gamedata\revival_bool_data_7.xml,6176,,"<DataName type=""string"">MarioClubTestDungeon_Item_Ore_H_3463756890</DataName>",candidate_needs_semantic_validation
gamedata\revival_bool_data_7.xml,6179,,"<DataName type=""string"">MarioClubTestDungeon_Weapon_Shield_037_3485268709</DataName>",candidate_needs_semantic_validation
gamedata\revival_bool_data_7.xml,6182,,"<DataName type=""string"">MarioClubTestDungeon_Weapon_Spear_035_3486694056</DataName>",candidate_needs_semantic_validation
gamedata\revival_bool_data_7.xml,6185,,"<DataName type=""string"">MarioClubTestDungeon_Item_Ore_E_3489810690</DataName>",candidate_needs_semantic_validation
gamedata\revival_bool_data_7.xml,6188,,"<DataName type=""string"">MarioClubTestDungeon_Weapon_Spear_016_3517206512</DataName>",candidate_needs_semantic_validation
gamedata\revival_bool_data_7.xml,6191,,"<DataName type=""string"">MarioClubTestDungeon_Weapon_Lsword_033_3525352350</DataName>",candidate_needs_semantic_validation
gamedata\revival_bool_data_7.xml,6194,,"<DataName type=""string"">MarioClubTestDungeon_Weapon_Sword_007_3554865577</DataName>",candidate_needs_semantic_validation
gamedata\revival_bool_data_7.xml,6197,,"<DataName type=""string"">MarioClubTestDungeon_Weapon_Sword_009_3566155184</DataName>",candidate_needs_semantic_validation
gamedata\revival_bool_data_7.xml,6200,,"<DataName type=""string"">MarioClubTestDungeon_Barrel_3572193653</DataName>",candidate_needs_semantic_validation
gamedata\revival_bool_data_7.xml,6203,,"<DataName type=""string"">MarioClubTestDungeon_Weapon_Shield_030_3601320868</DataName>",candidate_needs_semantic_validation
gamedata\revival_bool_data_7.xml,6206,,"<DataName type=""string"">MarioClubTestDungeon_Weapon_Spear_018_3603532777</DataName>",candidate_needs_semantic_validation
gamedata\revival_bool_data_7.xml,6209,,"<DataName type=""string"">MarioClubTestDungeon_Item_Ore_C_3614412059</DataName>",candidate_needs_semantic_validation
gamedata\revival_bool_data_7.xml,6212,,"<DataName type=""string"">MarioClubTestDungeon_Weapon_Lsword_027_3635930976</DataName>",candidate_needs_semantic_validation
gamedata\revival_bool_data_7.xml,6215,,"<DataName type=""string"">MarioClubTestDungeon_Animal_Fish_D_3641827730</DataName>",candidate_needs_semantic_validation
gamedata\revival_bool_data_7.xml,6218,,"<DataName type=""string"">MarioClubTestDungeon_Weapon_Sword_003_3648359767</DataName>",candidate_needs_semantic_validation
gamedata\revival_bool_data_7.xml,6221,,"<DataName type=""string"">MarioClubTestDungeon_Item_Ore_G_3652453673</DataName>",candidate_needs_semantic_validation
gamedata\revival_bool_data_7.xml,6224,,"<DataName type=""string"">MarioClubTestDungeon_Item_Roast_04_3667211772</DataName>",candidate_needs_semantic_validation
gamedata\revival_bool_data_7.xml,6227,,"<DataName type=""string"">MarioClubTestDungeon_Weapon_Spear_028_3677565710</DataName>",candidate_needs_semantic_validation
gamedata\revival_bool_data_7.xml,6230,,"<DataName type=""string"">MarioClubTestDungeon_Weapon_Spear_037_3697211159</DataName>",candidate_needs_semantic_validation
gamedata\revival_bool_data_7.xml,6233,,"<DataName type=""string"">MarioClubTestDungeon_Weapon_Lsword_034_3707442092</DataName>",candidate_needs_semantic_validation
gamedata\revival_bool_data_7.xml,6236,,"<DataName type=""string"">MarioClubTestDungeon_Weapon_Sword_033_3711531419</DataName>",candidate_needs_semantic_validation
gamedata\revival_bool_data_7.xml,6239,,"<DataName type=""string"">MarioClubTestDungeon_Item_Roast_06_3724079589</DataName>",candidate_needs_semantic_validation
gamedata\revival_bool_data_7.xml,6242,,"<DataName type=""string"">MarioClubTestDungeon_Weapon_Sword_001_3726133582</DataName>",candidate_needs_semantic_validation
gamedata\revival_bool_data_7.xml,6245,,"<DataName type=""string"">MarioClubTestDungeon_Animal_Fish_F_3732678027</DataName>",candidate_needs_semantic_validation
gamedata\revival_bool_data_7.xml,6248,,"<DataName type=""string"">MarioClubTestDungeon_Weapon_Spear_008_3749693378</DataName>",candidate_needs_semantic_validation
gamedata\revival_bool_data_7.xml,6251,,"<DataName type=""string"">MarioClubTestDungeon_Item_RoastFish_01_3903018878</DataName>",candidate_needs_semantic_validation
gamedata\revival_bool_data_7.xml,6254,,"<DataName type=""string"">MarioClubTestDungeon_Weapon_Shield_007_3909439884</DataName>",candidate_needs_semantic_validation
gamedata\revival_bool_data_7.xml,6257,,"<DataName type=""string"">MarioClubTestDungeon_Weapon_Lsword_047_3934356962</DataName>",candidate_needs_semantic_validation
gamedata\revival_bool_data_7.xml,6260,,"<DataName type=""string"">MarioClubTestDungeon_Weapon_Sword_050_3947098069</DataName>",candidate_needs_semantic_validation
gamedata\revival_bool_data_7.xml,6263,,"<DataName type=""string"">MarioClubTestDungeon_Weapon_Sword_025_3962448844</DataName>",candidate_needs_semantic_validation
gamedata\revival_bool_data_7.xml,6266,,"<DataName type=""string"">MarioClubTestDungeon_Item_Meat_06_3964290825</DataName>",candidate_needs_semantic_validation
gamedata\revival_bool_data_7.xml,6269,,"<DataName type=""string"">MarioClubTestDungeon_Item_Plant_M_3993827664</DataName>",candidate_needs_semantic_validation
gamedata\revival_bool_data_7.xml,6272,,"<DataName type=""string"">MarioClubTestDungeon_Weapon_Shield_017_3999831445</DataName>",candidate_needs_semantic_validation
gamedata\revival_bool_data_7.xml,6275,,"<DataName type=""string"">MarioClubTestDungeon_Item_RoastFish_03_4023292775</DataName>",candidate_needs_semantic_validation
gamedata\revival_bool_data_7.xml,6278,,"<DataName type=""string"">MarioClubTestDungeon_Weapon_Shield_035_4028522701</DataName>",candidate_needs_semantic_validation
gamedata\revival_bool_data_7.xml,6281,,"<DataName type=""string"">MarioClubTestDungeon_Item_Plant_F_4034530312</DataName>",candidate_needs_semantic_validation
gamedata\revival_bool_data_7.xml,6284,,"<DataName type=""string"">MarioClubTestDungeon_Item_Mushroom_C_4055393855</DataName>",candidate_needs_semantic_validation
gamedata\revival_bool_data_7.xml,6287,,"<DataName type=""string"">MarioClubTestDungeon_Weapon_Sword_029_4065910420</DataName>",candidate_needs_semantic_validation
gamedata\revival_bool_data_7.xml,6290,,"<DataName type=""string"">MarioClubTestDungeon_Item_Meat_01_4115756616</DataName>",candidate_needs_semantic_validation
gamedata\revival_bool_data_7.xml,6293,,"<DataName type=""string"">MarioClubTestDungeon_Item_Mushroom_H_4141195814</DataName>",candidate_needs_semantic_validation
gamedata\revival_bool_data_7.xml,6296,,"<DataName type=""string"">MarioClubTestDungeon_Item_Plant_H_4145530897</DataName>",candidate_needs_semantic_validation
gamedata\revival_bool_data_7.xml,6299,,"<DataName type=""string"">MarioClubTestDungeon_Weapon_Bow_006_4209466494</DataName>",candidate_needs_semantic_validation
gamedata\revival_bool_data_7.xml,6302,,"<DataName type=""string"">MarioClubTestDungeon_Weapon_Bow_030_4253718631</DataName>",candidate_needs_semantic_validation
gamedata\revival_bool_data_7.xml,6305,,"<DataName type=""string"">MarioClubTestDungeon_Item_Fruit_J_50059913</DataName>",candidate_needs_semantic_validation
gamedata\revival_bool_data_7.xml,6308,,"<DataName type=""string"">MarioClubTestDungeon_Animal_Fish_C_53910398</DataName>",candidate_needs_semantic_validation
gamedata\revival_bool_data_7.xml,6311,,"<DataName type=""string"">MarioClubTestDungeon_Animal_Fish_E_73097063</DataName>",candidate_needs_semantic_validation
gamedata\revival_bool_data_7.xml,6314,,"<DataName type=""string"">MarioClubTestDungeon_Item_Fruit_H_93724304</DataName>",candidate_needs_semantic_validation
gamedata\revival_bool_data_7.xml,6317,,"<DataName type=""string"">MarioClubTestDungeon_Item_Enemy_05_102621502</DataName>",candidate_needs_semantic_validation
gamedata\revival_bool_data_7.xml,6320,,"<DataName type=""string"">MarioClubTestDungeon_Item_Mushroom_A_161279553</DataName>",candidate_needs_semantic_validation
gamedata\revival_bool_data_7.xml,6323,,"<DataName type=""string"">MarioClubTestDungeon_Item_Ore_B_189634210</DataName>",candidate_needs_semantic_validation
gamedata\revival_bool_data_7.xml,6326,,"<DataName type=""string"">MarioClubTestDungeon_Animal_Fish_G_233640780</DataName>",candidate_needs_semantic_validation
gamedata\revival_bool_data_7.xml,6329,,"<DataName type=""string"">MarioClubTestDungeon_Item_Mushroom_D_250686040</DataName>",candidate_needs_semantic_validation
gamedata\revival_bool_data_7.xml,6332,,"<DataName type=""string"">MarioClubTestDungeon_Item_Roast_01_251748974</DataName>",candidate_needs_semantic_validation
gamedata\revival_bool_data_7.xml,6335,,"<DataName type=""string"">MarioClubTestDungeon_Item_RoastFish_01_293050166</DataName>",candidate_needs_semantic_validation
gamedata\revival_bool_data_7.xml,6338,,"<DataName type=""string"">MarioClubTestDungeon_Item_Ore_G_307668963</DataName>",candidate_needs_semantic_validation
gamedata\revival_bool_data_7.xml,6341,,"<DataName type=""string"">MarioClubTestDungeon_Animal_Insect_B_351674893</DataName>",candidate_needs_semantic_validation
gamedata\revival_bool_data_7.xml,6344,,"<DataName type=""string"">MarioClubTestDungeon_Item_RoastFish_03_370823983</DataName>",candidate_needs_semantic_validation
gamedata\revival_bool_data_7.xml,6347,,"<DataName type=""string"">MarioClubTestDungeon_Animal_Fish_H_439200319</DataName>",candidate_needs_semantic_validation
gamedata\revival_bool_data_7.xml,6350,,"<DataName type=""string"">MarioClubTestDungeon_Item_Ore_E_467725256</DataName>",candidate_needs_semantic_validation
gamedata\revival_bool_data_7.xml,6353,,"<DataName type=""string"">MarioClubTestDungeon_Item_Ore_C_479014865</DataName>",candidate_needs_semantic_validation
gamedata\revival_bool_data_7.xml,6356,,"<DataName type=""string"">MarioClubTestDungeon_Animal_Fish_J_490761766</DataName>",candidate_needs_semantic_validation
gamedata\revival_bool_data_7.xml,6359,,"<DataName type=""string"">MarioClubTestDungeon_Animal_Insect_H_672909501</DataName>",candidate_needs_semantic_validation
gamedata\revival_bool_data_7.xml,6362,,"<DataName type=""string"">MarioClubTestDungeon_Animal_Insect_C_822147580</DataName>",candidate_needs_semantic_validation
gamedata\revival_bool_data_7.xml,6365,,"<DataName type=""string"">MarioClubTestDungeon_Animal_Insect_E_913128933</DataName>",candidate_needs_semantic_validation
gamedata\revival_bool_data_7.xml,6368,,"<DataName type=""string"">MarioClubTestDungeon_Item_Mushroom_C_979027189</DataName>",candidate_needs_semantic_validation
gamedata\revival_bool_data_7.xml,6371,,"<DataName type=""string"">MarioClubTestDungeon_Item_Mushroom_H_1027014892</DataName>",candidate_needs_semantic_validation
gamedata\revival_bool_data_7.xml,6374,,"<DataName type=""string"">MarioClubTestDungeon_Animal_Insect_G_1071346126</DataName>",candidate_needs_semantic_validation
gamedata\revival_bool_data_7.xml,6377,,"<DataName type=""string"">MarioClubTestDungeon_Item_Roast_06_1077998761</DataName>",candidate_needs_semantic_validation
gamedata\revival_bool_data_7.xml,6380,,"<DataName type=""string"">MarioClubTestDungeon_Item_Enemy_02_1089092562</DataName>",candidate_needs_semantic_validation
gamedata\revival_bool_data_7.xml,6383,,"<DataName type=""string"">MarioClubTestDungeon_Animal_Insect_N_1099806046</DataName>",candidate_needs_semantic_validation
gamedata\revival_bool_data_7.xml,6386,,"<DataName type=""string"">MarioClubTestDungeon_Animal_Fish_B_1118602635</DataName>",candidate_needs_semantic_validation
gamedata\revival_bool_data_7.xml,6389,,"<DataName type=""string"">MarioClubTestDungeon_Item_Roast_04_1194143920</DataName>",candidate_needs_semantic_validation
gamedata\revival_bool_data_7.xml,6392,,"<DataName type=""string"">MarioClubTestDungeon_Item_Plant_O_1311880160</DataName>",candidate_needs_semantic_validation
gamedata\revival_bool_data_7.xml,6395,,"<DataName type=""string"">MarioClubTestDungeon_Item_Plant_L_1346848440</DataName>",candidate_needs_semantic_validation
gamedata\revival_bool_data_7.xml,6398,,"<DataName type=""string"">MarioClubTestDungeon_Item_Plant_J_1462403745</DataName>",candidate_needs_semantic_validation
gamedata\revival_bool_data_7.xml,6401,,"<DataName type=""string"">MarioClubTestDungeon_Item_Roast_11_1499186664</DataName>",candidate_needs_semantic_validation
gamedata\revival_bool_data_7.xml,6404,,"<DataName type=""string"">MarioClubTestDungeon_Item_Meat_07_1538766026</DataName>",candidate_needs_semantic_validation
gamedata\revival_bool_data_7.xml,6407,,"<DataName type=""string"">MarioClubTestDungeon_Item_Roast_09_1580597745</DataName>",candidate_needs_semantic_validation
gamedata\revival_bool_data_7.xml,6410,,"<DataName type=""string"">MarioClubTestDungeon_Item_Plant_B_1651582010</DataName>",candidate_needs_semantic_validation
gamedata\revival_bool_data_7.xml,6413,,"<DataName type=""string"">MarioClubTestDungeon_Item_Ore_H_1696391203</DataName>",candidate_needs_semantic_validation
gamedata\revival_bool_data_7.xml,6416,,"<DataName type=""string"">MarioClubTestDungeon_Item_Fruit_F_1802348394</DataName>",candidate_needs_semantic_validation
gamedata\revival_bool_data_7.xml,6419,,"<DataName type=""string"">MarioClubTestDungeon_Item_Fruit_D_1811964787</DataName>",candidate_needs_semantic_validation
gamedata\revival_bool_data_7.xml,6422,,"<DataName type=""string"">MarioClubTestDungeon_Item_Meat_02_1889199881</DataName>",candidate_needs_semantic_validation
gamedata\revival_bool_data_7.xml,6425,,"<DataName type=""string"">MarioClubTestDungeon_Item_Fruit_A_1920374315</DataName>",candidate_needs_semantic_validation
gamedata\revival_bool_data_7.xml,6428,,"<DataName type=""string"">MarioClubTestDungeon_Item_Plant_I_1927043408</DataName>",candidate_needs_semantic_validation
gamedata\revival_bool_data_7.xml,6431,,"<DataName type=""string"">MarioClubTestDungeon_Item_Plant_G_2070549883</DataName>",candidate_needs_semantic_validation
gamedata\revival_bool_data_7.xml,6434,,"<DataName type=""string"">MarioClubTestDungeon_Item_Plant_E_2080887138</DataName>",candidate_needs_semantic_validation
gamedata\revival_bool_data_7.xml,6437,,"<DataName type=""string"">MarioClubTestDungeon_Item_Fruit_C_2181956191</DataName>",candidate_needs_semantic_validation
gamedata\revival_bool_data_7.xml,6440,,"<DataName type=""string"">MarioClubTestDungeon_Item_Fruit_E_2237908550</DataName>",candidate_needs_semantic_validation
gamedata\revival_bool_data_7.xml,6443,,"<DataName type=""string"">MarioClubTestDungeon_Item_Plant_A_2333245711</DataName>",candidate_needs_semantic_validation
gamedata\revival_bool_data_7.xml,6446,,"<DataName type=""string"">MarioClubTestDungeon_Item_Plant_C_2357150998</DataName>",candidate_needs_semantic_validation
gamedata\revival_bool_data_7.xml,6449,,"<DataName type=""string"">MarioClubTestDungeon_Item_Fruit_G_2362804845</DataName>",candidate_needs_semantic_validation
gamedata\revival_bool_data_7.xml,6452,,"<DataName type=""string"">MarioClubTestDungeon_Item_Plant_F_2450108494</DataName>",candidate_needs_semantic_validation
gamedata\revival_bool_data_7.xml,6455,,"<DataName type=""string"">MarioClubTestDungeon_Item_Plant_H_2506388567</DataName>",candidate_needs_semantic_validation
gamedata\revival_bool_data_7.xml,6458,,"<DataName type=""string"">MarioClubTestDungeon_Item_Fruit_B_2513353516</DataName>",candidate_needs_semantic_validation
gamedata\revival_bool_data_7.xml,6461,,"<DataName type=""string"">MarioClubTestDungeon_Item_Meat_01_2535639566</DataName>",candidate_needs_semantic_validation
gamedata\revival_bool_data_7.xml,6464,,"<DataName type=""string"">MarioClubTestDungeon_Item_Roast_13_2601857822</DataName>",candidate_needs_semantic_validation
gamedata\revival_bool_data_7.xml,6467,,"<DataName type=""string"">MarioClubTestDungeon_Item_Roast_15_2625173255</DataName>",candidate_needs_semantic_validation
gamedata\revival_bool_data_7.xml,6470,,"<DataName type=""string"">MarioClubTestDungeon_Item_Meat_12_2765537979</DataName>",candidate_needs_semantic_validation
gamedata\revival_bool_data_7.xml,6473,,"<DataName type=""string"">MarioClubTestDungeon_Animal_Fish_A_2769594508</DataName>",candidate_needs_semantic_validation
gamedata\revival_bool_data_7.xml,6476,,"<DataName type=""string"">MarioClubTestDungeon_Item_Roast_07_2818103726</DataName>",candidate_needs_semantic_validation
gamedata\revival_bool_data_7.xml,6479,,"<DataName type=""string"">MarioClubTestDungeon_Animal_Insect_O_2834174059</DataName>",candidate_needs_semantic_validation
gamedata\revival_bool_data_7.xml,6482,,"<DataName type=""string"">MarioClubTestDungeon_Item_Roast_03_2837664156</DataName>",candidate_needs_semantic_validation
gamedata\revival_bool_data_7.xml,6485,,"<DataName type=""string"">MarioClubTestDungeon_Item_Roast_05_2924385669</DataName>",candidate_needs_semantic_validation
gamedata\revival_bool_data_7.xml,6488,,"<DataName type=""string"">MarioClubTestDungeon_Animal_Insect_M_2944652402</DataName>",candidate_needs_semantic_validation
gamedata\revival_bool_data_7.xml,6491,,"<DataName type=""string"">MarioClubTestDungeon_Item_Roast_08_2956484829</DataName>",candidate_needs_semantic_validation
gamedata\revival_bool_data_7.xml,6494,,"<DataName type=""string"">MarioClubTestDungeon_Item_Roast_10_3075843268</DataName>",candidate_needs_semantic_validation
gamedata\revival_bool_data_7.xml,6497,,"<DataName type=""string"">MarioClubTestDungeon_Item_Meat_06_3155139021</DataName>",candidate_needs_semantic_validation
gamedata\revival_bool_data_7.xml,6500,,"<DataName type=""string"">MarioClubTestDungeon_Item_Plant_M_3192465300</DataName>",candidate_needs_semantic_validation
gamedata\revival_bool_data_7.xml,6503,,"<DataName type=""string"">MarioClubTestDungeon_Item_Roast_12_3202607343</DataName>",candidate_needs_semantic_validation
gamedata\revival_bool_data_7.xml,6506,,"<DataName type=""string"">MarioClubTestDungeon_Animal_Insect_K_3245895048</DataName>",candidate_needs_semantic_validation
gamedata\revival_bool_data_7.xml,6509,,"<DataName type=""string"">MarioClubTestDungeon_Animal_Insect_I_3323308433</DataName>",candidate_needs_semantic_validation
gamedata\revival_bool_data_7.xml,6512,,"<DataName type=""string"">MarioClubTestDungeon_Item_Mushroom_B_3543753152</DataName>",candidate_needs_semantic_validation
gamedata\revival_bool_data_7.xml,6515,,"<DataName type=""string"">MarioClubTestDungeon_Item_Meat_11_3553751597</DataName>",candidate_needs_semantic_validation
gamedata\revival_bool_data_7.xml,6518,,"<DataName type=""string"">MarioClubTestDungeon_Animal_Insect_F_3630390473</DataName>",candidate_needs_semantic_validation
gamedata\revival_bool_data_7.xml,6521,,"<DataName type=""string"">MarioClubTestDungeon_Item_Mushroom_F_3666816491</DataName>",candidate_needs_semantic_validation
gamedata\revival_bool_data_7.xml,6524,,"<DataName type=""string"">MarioClubTestDungeon_Item_RoastFish_07_3775857474</DataName>",candidate_needs_semantic_validation
gamedata\revival_bool_data_7.xml,6527,,"<DataName type=""string"">MarioClubTestDungeon_Item_Mushroom_E_3885141869</DataName>",candidate_needs_semantic_validation
gamedata\revival_bool_data_7.xml,6530,,"<DataName type=""string"">MarioClubTestDungeon_Item_Roast_02_3904458601</DataName>",candidate_needs_semantic_validation
gamedata\revival_bool_data_7.xml,6533,,"<DataName type=""string"">MarioClubTestDungeon_Animal_Fish_F_3931455051</DataName>",candidate_needs_semantic_validation
gamedata\revival_bool_data_7.xml,6536,,"<DataName type=""string"">MarioClubTestDungeon_Item_Fruit_I_3952639932</DataName>",candidate_needs_semantic_validation
gamedata\revival_bool_data_7.xml,6539,,"<DataName type=""string"">MarioClubTestDungeon_Item_Ore_A_3975527333</DataName>",candidate_needs_semantic_validation
gamedata\revival_bool_data_7.xml,6542,,"<DataName type=""string"">MarioClubTestDungeon_Animal_Fish_D_3979934290</DataName>",candidate_needs_semantic_validation
gamedata\revival_bool_data_7.xml,6545,,"<DataName type=""string"">MarioClubTestDungeon_Item_Mushroom_J_3995386694</DataName>",candidate_needs_semantic_validation
gamedata\revival_bool_data_7.xml,6548,,"<DataName type=""string"">MarioClubTestDungeon_Item_RoastFish_04_4053958184</DataName>",candidate_needs_semantic_validation
gamedata\revival_bool_data_7.xml,6551,,"<DataName type=""string"">MarioClubTestDungeon_Item_Ore_D_4068691709</DataName>",candidate_needs_semantic_validation
gamedata\revival_bool_data_7.xml,6554,,"<DataName type=""string"">MarioClubTestDungeon_Animal_Insect_A_4081979146</DataName>",candidate_needs_semantic_validation
gamedata\revival_bool_data_7.xml,6557,,"<DataName type=""string"">MarioClubTestDungeon_Animal_Fish_I_4095986451</DataName>",candidate_needs_semantic_validation
gamedata\revival_bool_data_7.xml,6560,,"<DataName type=""string"">MarioClubTestDungeon_Item_Ore_F_4126051044</DataName>",candidate_needs_semantic_validation
gamedata\revival_bool_data_7.xml,6563,,"<DataName type=""string"">MarioClubTestDungeon_Item_RoastFish_02_4162073091</DataName>",candidate_needs_semantic_validation
gamedata\revival_bool_data_7.xml,6566,,"<DataName type=""string"">MarioClubTestDungeon_TBox_Dungeon_Iron_3846083256</DataName>",candidate_needs_semantic_validation
gamedata\revival_bool_data_7.xml,6626,,"<DataName type=""string"">MainField_DgnObj_DungeonEntranceSP_Far_4073919162</DataName>",candidate_needs_semantic_validation
gamedata\revival_bool_data_7.xml,6629,,"<DataName type=""string"">MainField_DgnObj_DungeonEntranceSP_Far_1512537447</DataName>",candidate_needs_semantic_validation
gamedata\revival_bool_data_7.xml,6632,,"<DataName type=""string"">MainField_DgnObj_DungeonEntranceSP_Far_3278472275</DataName>",candidate_needs_semantic_validation
gamedata\revival_bool_data_7.xml,6635,,"<DataName type=""string"">MainField_DgnObj_DungeonEntranceSP_Far_1029845736</DataName>",candidate_needs_semantic_validation
gamedata\revival_bool_data_7.xml,6638,,"<DataName type=""string"">MainField_DgnObj_DungeonEntranceSP_Far_2115675853</DataName>",candidate_needs_semantic_validation
gamedata\revival_bool_data_7.xml,6641,,"<DataName type=""string"">MainField_DgnObj_DungeonEntranceSP_Far_3041293672</DataName>",candidate_needs_semantic_validation
gamedata\revival_bool_data_7.xml,6644,,"<DataName type=""string"">MainField_DgnObj_DungeonEntranceSP_Far_1792025272</DataName>",candidate_needs_semantic_validation
gamedata\revival_bool_data_7.xml,6647,,"<DataName type=""string"">MainField_DgnObj_DungeonEntranceSP_Far_4220741736</DataName>",candidate_needs_semantic_validation
gamedata\revival_bool_data_7.xml,6650,,"<DataName type=""string"">MainField_DgnObj_DungeonEntranceSP_Far_404656937</DataName>",candidate_needs_semantic_validation
gamedata\revival_bool_data_7.xml,6653,,"<DataName type=""string"">MainField_DgnObj_DungeonEntranceSP_Far_2664810485</DataName>",candidate_needs_semantic_validation
gamedata\revival_bool_data_7.xml,6656,,"<DataName type=""string"">MainField_DgnObj_DungeonEntranceSP_Far_87312205</DataName>",candidate_needs_semantic_validation
gamedata\revival_bool_data_7.xml,6659,,"<DataName type=""string"">MainField_DgnObj_DungeonEntranceSP_Far_3037522000</DataName>",candidate_needs_semantic_validation
gamedata\revival_bool_data_7.xml,6662,,"<DataName type=""string"">MainField_DgnObj_DungeonEntranceSP_Far_444487905</DataName>",candidate_needs_semantic_validation
gamedata\revival_bool_data_7.xml,6665,,"<DataName type=""string"">MainField_DgnObj_DungeonEntranceSP_Far_3818887660</DataName>",candidate_needs_semantic_validation
gamedata\revival_bool_data_7.xml,6668,,"<DataName type=""string"">MainField_DgnObj_DungeonEntranceSP_Far_3915323038</DataName>",candidate_needs_semantic_validation
gamedata\revival_bool_data_7.xml,6671,,"<DataName type=""string"">MainField_DgnObj_DungeonEntranceSP_Far_1862320351</DataName>",candidate_needs_semantic_validation
gamedata\revival_bool_data_7.xml,6674,,"<DataName type=""string"">MainField_DgnObj_DungeonEntranceSP_Far_1316997685</DataName>",candidate_needs_semantic_validation
gamedata\revival_bool_data_7.xml,6677,,"<DataName type=""string"">MainField_DgnObj_DungeonEntranceSP_Far_3483662496</DataName>",candidate_needs_semantic_validation
gamedata\revival_bool_data_7.xml,6680,,"<DataName type=""string"">MainField_DgnObj_DungeonEntranceSP_Far_2332368757</DataName>",candidate_needs_semantic_validation
gamedata\revival_bool_data_7.xml,6683,,"<DataName type=""string"">MainField_DgnObj_DungeonEntranceSP_Far_3840638060</DataName>",candidate_needs_semantic_validation
gamedata\revival_bool_data_7.xml,6686,,"<DataName type=""string"">MainField_DgnObj_DungeonEntranceSP_Far_2852243367</DataName>",candidate_needs_semantic_validation
gamedata\revival_bool_data_7.xml,6689,,"<DataName type=""string"">MainField_DgnObj_DungeonEntranceSP_Far_542768630</DataName>",candidate_needs_semantic_validation
gamedata\revival_bool_data_7.xml,6692,,"<DataName type=""string"">MainField_DgnObj_DungeonEntranceSP_Far_2478420347</DataName>",candidate_needs_semantic_validation
gamedata\revival_bool_data_7.xml,6695,,"<DataName type=""string"">MainField_DgnObj_DungeonEntranceSP_Far_2001547300</DataName>",candidate_needs_semantic_validation
gamedata\revival_bool_data_7.xml,6698,,"<DataName type=""string"">MainField_DgnObj_DungeonEntranceSP_Far_2330529139</DataName>",candidate_needs_semantic_validation
gamedata\revival_bool_data_7.xml,6701,,"<DataName type=""string"">MainField_DgnObj_DungeonEntranceSP_Far_721641992</DataName>",candidate_needs_semantic_validation
gamedata\revival_bool_data_7.xml,6755,,"<DataName type=""string"">MarioClubTestDungeon_Item_Enemy_29_950240768</DataName>",candidate_needs_semantic_validation
gamedata\revival_bool_data_7.xml,6758,,"<DataName type=""string"">MarioClubTestDungeon_Item_Enemy_31_1070481945</DataName>",candidate_needs_semantic_validation
gamedata\revival_bool_data_7.xml,6761,,"<DataName type=""string"">MarioClubTestDungeon_Item_Enemy_27_1609462737</DataName>",candidate_needs_semantic_validation
gamedata\revival_bool_data_7.xml,6764,,"<DataName type=""string"">MarioClubTestDungeon_Item_Enemy_26_3092668118</DataName>",candidate_needs_semantic_validation
gamedata\revival_bool_data_7.xml,6767,,"<DataName type=""string"">MarioClubTestDungeon_Item_Enemy_24_3208354511</DataName>",candidate_needs_semantic_validation
gamedata\revival_bool_data_7.xml,6770,,"<DataName type=""string"">MarioClubTestDungeon_Item_Enemy_30_3519030069</DataName>",candidate_needs_semantic_validation
gamedata\revival_bool_data_7.xml,6773,,"<DataName type=""string"">MarioClubTestDungeon_Item_Enemy_28_3601721132</DataName>",candidate_needs_semantic_validation
gamedata\revival_bool_data_7.xml,6776,,"<DataName type=""string"">MarioClubTestDungeon_Item_Enemy_24_1137380103</DataName>",candidate_needs_semantic_validation
gamedata\revival_bool_data_7.xml,6779,,"<DataName type=""string"">MarioClubTestDungeon_Item_Enemy_26_1151782686</DataName>",candidate_needs_semantic_validation
gamedata\revival_bool_data_7.xml,6782,,"<DataName type=""string"">MarioClubTestDungeon_Item_Enemy_29_1523595846</DataName>",candidate_needs_semantic_validation
gamedata\revival_bool_data_7.xml,6785,,"<DataName type=""string"">MarioClubTestDungeon_Item_Enemy_31_1572732511</DataName>",candidate_needs_semantic_validation
gamedata\revival_bool_data_7.xml,6788,,"<DataName type=""string"">MarioClubTestDungeon_Item_Enemy_27_2736710169</DataName>",candidate_needs_semantic_validation
gamedata\revival_bool_data_7.xml,6791,,"<DataName type=""string"">MarioClubTestDungeon_Item_Enemy_30_3014893427</DataName>",candidate_needs_semantic_validation
gamedata\revival_bool_data_7.xml,6794,,"<DataName type=""string"">MarioClubTestDungeon_Item_Enemy_28_3034471274</DataName>",candidate_needs_semantic_validation
gamedata\revival_bool_data_7.xml,6803,,"<DataName type=""string"">MarioClubTestDungeon_Item_Enemy_40_459216740</DataName>",candidate_needs_semantic_validation
gamedata\revival_bool_data_7.xml,6806,,"<DataName type=""string"">MarioClubTestDungeon_Item_Enemy_15_1684954488</DataName>",candidate_needs_semantic_validation
gamedata\revival_bool_data_7.xml,6809,,"<DataName type=""string"">MarioClubTestDungeon_Item_Enemy_17_1842876755</DataName>",candidate_needs_semantic_validation
gamedata\revival_bool_data_7.xml,6812,,"<DataName type=""string"">MarioClubTestDungeon_Item_Enemy_16_2321562708</DataName>",candidate_needs_semantic_validation
gamedata\revival_bool_data_7.xml,6815,,"<DataName type=""string"">MarioClubTestDungeon_Item_Enemy_15_875267004</DataName>",candidate_needs_semantic_validation
gamedata\revival_bool_data_7.xml,6818,,"<DataName type=""string"">MarioClubTestDungeon_Item_Enemy_17_1033752471</DataName>",candidate_needs_semantic_validation
gamedata\revival_bool_data_7.xml,6821,,"<DataName type=""string"">MarioClubTestDungeon_Item_Enemy_40_2032970530</DataName>",candidate_needs_semantic_validation
gamedata\revival_bool_data_7.xml,6824,,"<DataName type=""string"">MarioClubTestDungeon_Item_Enemy_16_3659915920</DataName>",candidate_needs_semantic_validation
gamedata\revival_bool_data_7.xml,7283,,"<DataName type=""string"">AocField_TBox_Dungeon_Stone_174323478</DataName>",candidate_needs_semantic_validation
gamedata\revival_bool_data_7.xml,7289,,"<DataName type=""string"">AocField_TBox_Dungeon_Stone_456421641</DataName>",candidate_needs_semantic_validation
gamedata\revival_bool_data_7.xml,7313,,"<DataName type=""string"">AocField_TBox_Dungeon_Stone_1241851576</DataName>",candidate_needs_semantic_validation
gamedata\revival_bool_data_7.xml,7316,,"<DataName type=""string"">AocField_TBox_Dungeon_Stone_1274667194</DataName>",candidate_needs_semantic_validation
gamedata\revival_bool_data_7.xml,7325,,"<DataName type=""string"">AocField_TBox_Dungeon_Stone_1482414257</DataName>",candidate_needs_semantic_validation
gamedata\revival_bool_data_7.xml,7367,,"<DataName type=""string"">AocField_TBox_Dungeon_Stone_2733554147</DataName>",candidate_needs_semantic_validation
gamedata\revival_bool_data_7.xml,7385,,"<DataName type=""string"">AocField_TBox_Dungeon_Stone_3182591387</DataName>",candidate_needs_semantic_validation
gamedata\revival_bool_data_7.xml,7547,,"<DataName type=""string"">AocField_TBox_Dungeon_Stone_223901593</DataName>",candidate_needs_semantic_validation
gamedata\revival_bool_data_7.xml,7556,,"<DataName type=""string"">AocField_TBox_Dungeon_Stone_550209937</DataName>",candidate_needs_semantic_validation
gamedata\revival_bool_data_7.xml,7607,,"<DataName type=""string"">AocField_TBox_Dungeon_Stone_1125891243</DataName>",candidate_needs_semantic_validation
gamedata\revival_bool_data_7.xml,7673,,"<DataName type=""string"">AocField_TBox_Dungeon_Stone_2505276374</DataName>",candidate_needs_semantic_validation
gamedata\revival_bool_data_7.xml,7694,,"<DataName type=""string"">AocField_TBox_Dungeon_Iron_2715337580</DataName>",candidate_needs_semantic_validation
gamedata\revival_bool_data_7.xml,7715,,"<DataName type=""string"">AocField_TBox_Dungeon_Stone_3345699953</DataName>",candidate_needs_semantic_validation
gamedata\revival_bool_data_7.xml,7727,,"<DataName type=""string"">AocField_TBox_Dungeon_Iron_3429370975</DataName>",candidate_needs_semantic_validation
gamedata\revival_bool_data_7.xml,7751,,"<DataName type=""string"">AocField_TBox_Dungeon_Stone_4112942550</DataName>",candidate_needs_semantic_validation
gamedata\revival_bool_data_7.xml,7997,,"<DataName type=""string"">AocField_TBox_Dungeon_Iron_1291205972</DataName>",candidate_needs_semantic_validation
gamedata\revival_bool_data_7.xml,8000,,"<DataName type=""string"">AocField_TBox_Dungeon_Stone_1362194037</DataName>",candidate_needs_semantic_validation
gamedata\revival_bool_data_7.xml,8096,,"<DataName type=""string"">AocField_TBox_Dungeon_Stone_2228603863</DataName>",candidate_needs_semantic_validation
gamedata\revival_bool_data_7.xml,8201,,"<DataName type=""string"">AocField_TBox_Dungeon_Stone_3176382602</DataName>",candidate_needs_semantic_validation
gamedata\revival_bool_data_7.xml,8204,,"<DataName type=""string"">AocField_TBox_Dungeon_Stone_3211970552</DataName>",candidate_needs_semantic_validation
gamedata\revival_bool_data_7.xml,8228,,"<DataName type=""string"">AocField_TBox_Dungeon_Stone_3605914736</DataName>",candidate_needs_semantic_validation
gamedata\revival_bool_data_7.xml,8258,,"<DataName type=""string"">AocField_TBox_Dungeon_Stone_3982205396</DataName>",candidate_needs_semantic_validation
gamedata\revival_bool_data_7.xml,8270,,"<DataName type=""string"">AocField_TBox_Dungeon_Stone_4245255027</DataName>",candidate_needs_semantic_validation
gamedata\revival_bool_data_7.xml,9500,,"<DataName type=""string"">AocField_TBox_Dungeon_Wood_AreaCulling_571657376</DataName>",candidate_needs_semantic_validation
gamedata\revival_bool_data_7.xml,9503,,"<DataName type=""string"">AocField_TBox_Dungeon_Wood_AreaCulling_2153587184</DataName>",candidate_needs_semantic_validation
gamedata\revival_bool_data_7.xml,9587,,"<DataName type=""string"">AocField_TBox_Dungeon_Wood_AreaCulling_1683482510</DataName>",candidate_needs_semantic_validation
gamedata\revival_bool_data_7.xml,9602,,"<DataName type=""string"">AocField_TBox_Dungeon_Wood_AreaCulling_813105602</DataName>",candidate_needs_semantic_validation
gamedata\revival_bool_data_7.xml,9626,,"<DataName type=""string"">CDungeon_TBox_Dungeon_Stone_1836215605</DataName>",candidate_needs_semantic_validation
gamedata\revival_bool_data_7.xml,9629,,"<DataName type=""string"">CDungeon_TBox_Dungeon_Stone_4057292846</DataName>",candidate_needs_semantic_validation
gamedata\revival_bool_data_7.xml,9632,,"<DataName type=""string"">CDungeon_TBox_Dungeon_Stone_1082925680</DataName>",candidate_needs_semantic_validation
gamedata\revival_bool_data_7.xml,9740,,"<DataName type=""string"">AocField_TBox_Dungeon_Wood_AreaCulling_452454445</DataName>",candidate_needs_semantic_validation
gamedata\revival_bool_data_7.xml,9743,,"<DataName type=""string"">AocField_TBox_Dungeon_Iron_469590919</DataName>",candidate_needs_semantic_validation
gamedata\revival_bool_data_7.xml,9755,,"<DataName type=""string"">AocField_TBox_Dungeon_Iron_3179964467</DataName>",candidate_needs_semantic_validation
gamedata\revival_bool_data_7.xml,9800,,"<DataName type=""string"">AocField_TBox_Dungeon_Iron_3631437129</DataName>",candidate_needs_semantic_validation
gamedata\revival_bool_data_7.xml,9872,,"<DataName type=""string"">AocField_TBox_Dungeon_Iron_1521240634</DataName>",candidate_needs_semantic_validation
gamedata\revival_bool_data_7.xml,9899,,"<DataName type=""string"">AocField_TBox_Dungeon_Iron_4293408431</DataName>",candidate_needs_semantic_validation
gamedata\revival_bool_data_7.xml,9914,,"<DataName type=""string"">AocField_TBox_Dungeon_Stone_565925996</DataName>",candidate_needs_semantic_validation
gamedata\revival_bool_data_7.xml,9995,,"<DataName type=""string"">AocField_TBox_Dungeon_Iron_2107255720</DataName>",candidate_needs_semantic_validation
gamedata\revival_bool_data_7.xml,10028,,"<DataName type=""string"">AocField_TBox_Dungeon_Wood_AreaCulling_1979524167</DataName>",candidate_needs_semantic_validation
gamedata\revival_bool_data_7.xml,10031,,"<DataName type=""string"">AocField_TBox_Dungeon_Iron_3423461010</DataName>",candidate_needs_semantic_validation
gamedata\revival_bool_data_7.xml,10040,,"<DataName type=""string"">AocField_TBox_Dungeon_Wood_AreaCulling_938107</DataName>",candidate_needs_semantic_validation
gamedata\revival_bool_data_7.xml,10088,,"<DataName type=""string"">AocField_TBox_Dungeon_Stone_3509277471</DataName>",candidate_needs_semantic_validation
gamedata\revival_bool_data_7.xml,10115,,"<DataName type=""string"">AocField_TBox_Dungeon_Stone_2509086549</DataName>",candidate_needs_semantic_validation
gamedata\revival_bool_data_7.xml,10118,,"<DataName type=""string"">CDungeon_TBox_Dungeon_Stone_1235062787</DataName>",candidate_needs_semantic_validation
gamedata\revival_bool_data_7.xml,10211,,"<DataName type=""string"">AocField_TBox_Dungeon_Stone_1841209160</DataName>",candidate_needs_semantic_validation
gamedata\revival_bool_data_7.xml,10250,,"<DataName type=""string"">AocField_TBox_Dungeon_Wood_AreaCulling_2434597244</DataName>",candidate_needs_semantic_validation
gamedata\revival_bool_data_7.xml,10253,,"<DataName type=""string"">AocField_TBox_Dungeon_Wood_AreaCulling_3811317078</DataName>",candidate_needs_semantic_validation
gamedata\revival_bool_data_7.xml,10313,,"<DataName type=""string"">AocField_TBox_Dungeon_Wood_AreaCulling_2179207388</DataName>",candidate_needs_semantic_validation
gamedata\revival_bool_data_7.xml,10370,,"<DataName type=""string"">AocField_TBox_Dungeon_Wood_AreaCulling_4102891730</DataName>",candidate_needs_semantic_validation
gamedata\revival_bool_data_7.xml,10391,,"<DataName type=""string"">AocField_TBox_Dungeon_Iron_245520230</DataName>",candidate_needs_semantic_validation
gamedata\revival_bool_data_7.xml,10394,,"<DataName type=""string"">AocField_TBox_Dungeon_Stone_374517867</DataName>",candidate_needs_semantic_validation
gamedata\revival_bool_data_7.xml,10418,,"<DataName type=""string"">AocField_TBox_Dungeon_Iron_236853965</DataName>",candidate_needs_semantic_validation
gamedata\revival_bool_data_7.xml,10466,,"<DataName type=""string"">AocField_TBox_Dungeon_Wood_AreaCulling_3770784754</DataName>",candidate_needs_semantic_validation
gamedata\revival_bool_data_7.xml,10478,,"<DataName type=""string"">CDungeon_Enemy_Guardian_Mini_Baby_2834046538</DataName>",candidate_needs_semantic_validation
gamedata\revival_bool_data_7.xml,10481,,"<DataName type=""string"">CDungeon_Enemy_Guardian_Mini_Baby_2854684637</DataName>",candidate_needs_semantic_validation
gamedata\revival_bool_data_7.xml,10484,,"<DataName type=""string"">CDungeon_Enemy_Guardian_Mini_Baby_3905342825</DataName>",candidate_needs_semantic_validation
gamedata\revival_bool_data_7.xml,10487,,"<DataName type=""string"">CDungeon_TBox_Dungeon_Iron_4075460597</DataName>",candidate_needs_semantic_validation
gamedata\revival_bool_data_7.xml,10490,,"<DataName type=""string"">CDungeon_TBox_Dungeon_Stone_2785472328</DataName>",candidate_needs_semantic_validation
gamedata\revival_bool_data_7.xml,10493,,"<DataName type=""string"">CDungeon_TBox_Dungeon_Stone_777293012</DataName>",candidate_needs_semantic_validation
gamedata\revival_bool_data_7.xml,10496,,"<DataName type=""string"">CDungeon_TBox_Dungeon_Iron_1562844085</DataName>",candidate_needs_semantic_validation
gamedata\revival_bool_data_7.xml,10499,,"<DataName type=""string"">CDungeon_Enemy_Guardian_Mini_Baby_1595995997</DataName>",candidate_needs_semantic_validation
gamedata\revival_bool_data_7.xml,10502,,"<DataName type=""string"">CDungeon_Enemy_Guardian_Mini_Baby_1845804999</DataName>",candidate_needs_semantic_validation
gamedata\revival_bool_data_7.xml,10505,,"<DataName type=""string"">CDungeon_Enemy_Guardian_Mini_Baby_3557894572</DataName>",candidate_needs_semantic_validation
gamedata\revival_bool_data_7.xml,10508,,"<DataName type=""string"">CDungeon_TBox_Dungeon_Stone_3263521738</DataName>",candidate_needs_semantic_validation
gamedata\revival_bool_data_7.xml,10511,,"<DataName type=""string"">CDungeon_TBox_Dungeon_Iron_2937439544</DataName>",candidate_needs_semantic_validation
gamedata\revival_bool_data_7.xml,10514,,"<DataName type=""string"">CDungeon_TBox_Dungeon_Stone_1178751663</DataName>",candidate_needs_semantic_validation
gamedata\revival_bool_data_7.xml,10517,,"<DataName type=""string"">CDungeon_Enemy_Guardian_Mini_Baby_1684141149</DataName>",candidate_needs_semantic_validation
gamedata\revival_bool_data_7.xml,10520,,"<DataName type=""string"">CDungeon_Enemy_Guardian_Mini_Baby_1767425600</DataName>",candidate_needs_semantic_validation
gamedata\revival_bool_data_7.xml,10523,,"<DataName type=""string"">CDungeon_Enemy_Guardian_Mini_Baby_2505803514</DataName>",candidate_needs_semantic_validation
gamedata\revival_bool_data_7.xml,10526,,"<DataName type=""string"">CDungeon_TBox_Dungeon_Stone_2691561845</DataName>",candidate_needs_semantic_validation
gamedata\revival_bool_data_7.xml,10529,,"<DataName type=""string"">CDungeon_Enemy_Guardian_Mini_Baby_3421764729</DataName>",candidate_needs_semantic_validation
gamedata\revival_bool_data_7.xml,10532,,"<DataName type=""string"">CDungeon_TBox_Dungeon_Stone_3694474462</DataName>",candidate_needs_semantic_validation
gamedata\revival_bool_data_7.xml,10535,,"<DataName type=""string"">CDungeon_ShutterKey_3935156699</DataName>",candidate_needs_semantic_validation
gamedata\revival_bool_data_7.xml,10538,,"<DataName type=""string"">CDungeon_Enemy_Guardian_Mini_Baby_4236723694</DataName>",candidate_needs_semantic_validation
gamedata\revival_bool_data_7.xml,10541,,"<DataName type=""string"">CDungeon_TBox_Dungeon_Stone_3155326400</DataName>",candidate_needs_semantic_validation
gamedata\revival_bool_data_7.xml,10544,,"<DataName type=""string"">CDungeon_Enemy_Guardian_Mini_Senior_4054545056</DataName>",candidate_needs_semantic_validation
gamedata\revival_bool_data_7.xml,10547,,"<DataName type=""string"">CDungeon_TBox_Dungeon_Stone_2056438385</DataName>",candidate_needs_semantic_validation
gamedata\revival_bool_data_7.xml,10550,,"<DataName type=""string"">MainField_DgnObj_EntranceTerminalSP_137569538</DataName>",candidate_needs_semantic_validation
gamedata\revival_bool_data_7.xml,10553,,"<DataName type=""string"">MainField_DgnObj_EntranceTerminalSP_75015941</DataName>",candidate_needs_semantic_validation
gamedata\revival_bool_data_7.xml,10556,,"<DataName type=""string"">MainField_DgnObj_EntranceTerminalSP_1951330841</DataName>",candidate_needs_semantic_validation
gamedata\revival_bool_data_7.xml,10568,,"<DataName type=""string"">MainField_DgnObj_EntranceTerminalSP_3998603479</DataName>",candidate_needs_semantic_validation
gamedata\revival_bool_data_7.xml,10571,,"<DataName type=""string"">MainField_FldObj_DownloadTerminal_A_02_3795431218</DataName>",candidate_needs_semantic_validation
gamedata\revival_bool_data_7.xml,10589,,"<DataName type=""string"">MainField_DgnObj_EntranceTerminalSP_2188211876</DataName>",candidate_needs_semantic_validation
gamedata\revival_bool_data_7.xml,10673,,"<DataName type=""string"">MainField_DgnObj_EntranceTerminalSP_2558805923</DataName>",candidate_needs_semantic_validation
gamedata\revival_bool_data_7.xml,10730,,"<DataName type=""string"">MainField_DgnObj_EntranceTerminalSP_1981490593</DataName>",candidate_needs_semantic_validation
gamedata\revival_bool_data_7.xml,10781,,"<DataName type=""string"">MainField_DgnObj_EntranceTerminalSP_380254426</DataName>",candidate_needs_semantic_validation
gamedata\revival_bool_data_7.xml,10784,,"<DataName type=""string"">MainField_DgnObj_EntranceTerminalSP_3191234662</DataName>",candidate_needs_semantic_validation
gamedata\revival_bool_data_7.xml,10787,,"<DataName type=""string"">MainField_DgnObj_EntranceTerminalSP_3972500225</DataName>",candidate_needs_semantic_validation
gamedata\revival_bool_data_7.xml,10790,,"<DataName type=""string"">MainFieldDungeon_Enemy_Guardian_Mini_Baby_75300787</DataName>",candidate_needs_semantic_validation
gamedata\revival_bool_data_7.xml,10793,,"<DataName type=""string"">MainFieldDungeon_DgnObj_RemainsTerminalBody_A_739019744</DataName>",candidate_needs_semantic_validation
gamedata\revival_bool_data_7.xml,10796,,"<DataName type=""string"">MainFieldDungeon_FldObj_DownloadTerminal_A_01_853644093</DataName>",candidate_needs_semantic_validation
gamedata\revival_bool_data_7.xml,10799,,"<DataName type=""string"">MainFieldDungeon_FldObj_Terminal_A_01_1034151893</DataName>",candidate_needs_semantic_validation
gamedata\revival_bool_data_7.xml,10802,,"<DataName type=""string"">MainFieldDungeon_FldObj_Terminal_A_01_2323349588</DataName>",candidate_needs_semantic_validation
gamedata\revival_bool_data_7.xml,10805,,"<DataName type=""string"">MainFieldDungeon_DgnObj_RemainsTerminalBody_A_2614422625</DataName>",candidate_needs_semantic_validation
gamedata\revival_bool_data_7.xml,10808,,"<DataName type=""string"">MainFieldDungeon_FldObj_DownloadTerminal_A_01_3154640188</DataName>",candidate_needs_semantic_validation
gamedata\revival_bool_data_7.xml,10811,,"<DataName type=""string"">MainFieldDungeon_Enemy_SiteBoss_Sword_R_2614505010</DataName>",candidate_needs_semantic_validation
gamedata\revival_bool_data_7.xml,10814,,"<DataName type=""string"">MainFieldDungeon_Enemy_SiteBoss_Lsword_R_1834311798</DataName>",candidate_needs_semantic_validation
gamedata\revival_bool_data_7.xml,10817,,"<DataName type=""string"">MainFieldDungeon_Enemy_SiteBoss_Spear_R_3121090412</DataName>",candidate_needs_semantic_validation
gamedata\revival_bool_data_7.xml,10820,,"<DataName type=""string"">MainFieldDungeon_Enemy_SiteBoss_Bow_R_2264649476</DataName>",candidate_needs_semantic_validation
gamedata\revival_bool_data_7.xml,10826,,"<DataName type=""string"">CDungeon_TBox_Dungeon_Iron_1344934344</DataName>",candidate_needs_semantic_validation
gamedata\revival_bool_data_7.xml,10829,,"<DataName type=""string"">MainFieldDungeon_FldObj_Terminal_A_01_914672295</DataName>",candidate_needs_semantic_validation
gamedata\revival_bool_data_7.xml,10832,,"<DataName type=""string"">MainFieldDungeon_DgnObj_RemainsTerminalBody_A_4197370425</DataName>",candidate_needs_semantic_validation
gamedata\revival_bool_data_7.xml,10850,,"<DataName type=""string"">MainFieldDungeon_DgnObj_RemainsTerminalBody_A_1212716246</DataName>",candidate_needs_semantic_validation
gamedata\revival_bool_data_7.xml,10853,,"<DataName type=""string"">MainFieldDungeon_FldObj_Terminal_A_01_2229441608</DataName>",candidate_needs_semantic_validation
gamedata\revival_bool_data_7.xml,10877,,"<DataName type=""string"">MainField_DgnObj_EntranceTerminalSP_1326377705</DataName>",candidate_needs_semantic_validation
gamedata\revival_bool_data_7.xml,10886,,"<DataName type=""string"">MainField_DgnObj_EntranceTerminalSP_2159283347</DataName>",candidate_needs_semantic_validation
gamedata\revival_bool_data_7.xml,10889,,"<DataName type=""string"">MainField_DgnObj_EntranceTerminalSP_193315814</DataName>",candidate_needs_semantic_validation
gamedata\revival_bool_data_7.xml,10916,,"<DataName type=""string"">MainFieldDungeon_TBox_Dungeon_Stone_2495386238</DataName>",candidate_needs_semantic_validation
gamedata\revival_bool_data_7.xml,10919,,"<DataName type=""string"">CDungeon_TBox_Dungeon_Stone_1095169988</DataName>",candidate_needs_semantic_validation
gamedata\revival_bool_data_7.xml,10928,,"<DataName type=""string"">MainField_DgnObj_EntranceTerminalSP_1256859984</DataName>",candidate_needs_semantic_validation
gamedata\revival_bool_data_7.xml,10958,,"<DataName type=""string"">MainField_DgnObj_EntranceTerminalSP_2329034066</DataName>",candidate_needs_semantic_validation
gamedata\revival_bool_data_7.xml,10961,,"<DataName type=""string"">MainFieldDungeon_TBox_Dungeon_Stone_1443111722</DataName>",candidate_needs_semantic_validation
gamedata\revival_bool_data_7.xml,10964,,"<DataName type=""string"">MainFieldDungeon_TBox_Dungeon_Stone_3964443978</DataName>",candidate_needs_semantic_validation
gamedata\revival_bool_data_7.xml,10976,,"<DataName type=""string"">CDungeon_TBox_Dungeon_Iron_1630334883</DataName>",candidate_needs_semantic_validation
gamedata\revival_bool_data_7.xml,10979,,"<DataName type=""string"">CDungeon_TBox_Dungeon_Stone_3187836279</DataName>",candidate_needs_semantic_validation
gamedata\revival_bool_data_7.xml,11003,,"<DataName type=""string"">MainFieldDungeon_FldObj_DownloadTerminal_A_02_461624416</DataName>",candidate_needs_semantic_validation
gamedata\revival_bool_data_7.xml,11006,,"<DataName type=""string"">MainField_DgnObj_EntranceTerminalSP_133673022</DataName>",candidate_needs_semantic_validation
gamedata\revival_bool_data_7.xml,11009,,"<DataName type=""string"">CDungeon_Weapon_Sword_043_1371640367</DataName>",candidate_needs_semantic_validation
gamedata\revival_bool_data_7.xml,11012,,"<DataName type=""string"">MainFieldDungeon_TBox_Dungeon_Stone_1773704879</DataName>",candidate_needs_semantic_validation
gamedata\revival_bool_data_7.xml,11015,,"<DataName type=""string"">MainFieldDungeon_TBox_Dungeon_Stone_3768423375</DataName>",candidate_needs_semantic_validation
gamedata\revival_bool_data_7.xml,11132,,"<DataName type=""string"">MainFieldDungeon_Enemy_Guardian_Mini_Baby_352151020</DataName>",candidate_needs_semantic_validation
gamedata\revival_bool_data_7.xml,11135,,"<DataName type=""string"">MainFieldDungeon_Enemy_Guardian_Mini_Baby_2143711343</DataName>",candidate_needs_semantic_validation
gamedata\revival_bool_data_7.xml,11138,,"<DataName type=""string"">MainFieldDungeon_Enemy_Guardian_Mini_Baby_2857104190</DataName>",candidate_needs_semantic_validation
gamedata\revival_bool_data_7.xml,11141,,"<DataName type=""string"">MainFieldDungeon_Enemy_Guardian_Mini_Baby_3913174827</DataName>",candidate_needs_semantic_validation
gamedata\revival_bool_data_7.xml,11228,,"<DataName type=""string"">MainFieldDungeon_TBox_Dungeon_Stone_2364301542</DataName>",candidate_needs_semantic_validation
gamedata\revival_bool_data_7.xml,11255,,"<DataName type=""string"">MainFieldDungeon_Enemy_Guardian_C_Clean_1946794493</DataName>",candidate_needs_semantic_validation
gamedata\revival_bool_data_7.xml,11258,,"<DataName type=""string"">MainFieldDungeon_Enemy_Guardian_B_Clean_2967750331</DataName>",candidate_needs_semantic_validation
gamedata\revival_bool_data_7.xml,11315,,"<DataName type=""string"">CDungeon_Enemy_Guardian_Mini_Middle_DetachLineBeam_277374830</DataName>",candidate_needs_semantic_validation
gamedata\revival_bool_data_7.xml,11318,,"<DataName type=""string"">CDungeon_Enemy_Guardian_Mini_Middle_DetachLineBeam_3123233469</DataName>",candidate_needs_semantic_validation
gamedata\revival_bool_data_7.xml,11321,,"<DataName type=""string"">CDungeon_Enemy_Guardian_Mini_Junior_DetachLineBeam_3152492066</DataName>",candidate_needs_semantic_validation
gamedata\revival_bool_data_7.xml,11324,,"<DataName type=""string"">CDungeon_Enemy_Guardian_Mini_Junior_DetachLineBeam_4151612428</DataName>",candidate_needs_semantic_validation
gamedata\revival_bool_data_7.xml,11327,,"<DataName type=""string"">MainFieldDungeon_TBox_Dungeon_Iron_FinalTrial_3675721223</DataName>",candidate_needs_semantic_validation
gamedata\revival_bool_data_7.xml,11336,,"<DataName type=""string"">MainFieldDungeon_FldObj_DownloadTerminal_A_02_3161119825</DataName>",candidate_needs_semantic_validation
gamedata\revival_bool_data_7.xml,11366,,"<DataName type=""string"">MainFieldDungeon_Enemy_Guardian_Mini_Junior_DetachLineBeam_322787571</DataName>",candidate_needs_semantic_validation
gamedata\revival_bool_data_7.xml,11369,,"<DataName type=""string"">MainFieldDungeon_Enemy_Guardian_Mini_Junior_Wipe_DetachLineBeam_1312685095</DataName>",candidate_needs_semantic_validation
gamedata\revival_s32_data_0.xml,251,,"<DataName type=""string"">MainFieldDungeon_PartsDrop_1946794493</DataName>",candidate_needs_semantic_validation
gamedata\s32_data_0.xml,38,Dungeon001,"<DataName type=""string"">Location_Dungeon001</DataName>",candidate_needs_semantic_validation
gamedata\s32_data_0.xml,62,Dungeon021,"<DataName type=""string"">Location_Dungeon021</DataName>",candidate_needs_semantic_validation
gamedata\s32_data_0.xml,104,,"<DataName type=""string"">Location_DungeonMush</DataName>",candidate_needs_semantic_validation
gamedata\s32_data_0.xml,290,,"<DataName type=""string"">Counter_TerminalWind</DataName>",candidate_needs_semantic_validation
gamedata\s32_data_0.xml,293,,"<DataName type=""string"">Counter_TerminalWater</DataName>",candidate_needs_semantic_validation
gamedata\s32_data_0.xml,296,,"<DataName type=""string"">Counter_TerminalElectric</DataName>",candidate_needs_semantic_validation
gamedata\s32_data_0.xml,299,,"<DataName type=""string"">Counter_TerminalFire</DataName>",candidate_needs_semantic_validation
gamedata\s32_data_0.xml,2129,Dungeon000,"<DataName type=""string"">Location_Dungeon000</DataName>",candidate_needs_semantic_validation
gamedata\s32_data_0.xml,2132,Dungeon002,"<DataName type=""string"">Location_Dungeon002</DataName>",candidate_needs_semantic_validation
gamedata\s32_data_0.xml,2135,Dungeon003,"<DataName type=""string"">Location_Dungeon003</DataName>",candidate_needs_semantic_validation
gamedata\s32_data_0.xml,2138,Dungeon004,"<DataName type=""string"">Location_Dungeon004</DataName>",candidate_needs_semantic_validation
gamedata\s32_data_0.xml,2141,Dungeon005,"<DataName type=""string"">Location_Dungeon005</DataName>",candidate_needs_semantic_validation
gamedata\s32_data_0.xml,2144,Dungeon006,"<DataName type=""string"">Location_Dungeon006</DataName>",candidate_needs_semantic_validation
gamedata\s32_data_0.xml,2147,Dungeon007,"<DataName type=""string"">Location_Dungeon007</DataName>",candidate_needs_semantic_validation
gamedata\s32_data_0.xml,2150,Dungeon008,"<DataName type=""string"">Location_Dungeon008</DataName>",candidate_needs_semantic_validation
gamedata\s32_data_0.xml,2153,Dungeon009,"<DataName type=""string"">Location_Dungeon009</DataName>",candidate_needs_semantic_validation
gamedata\s32_data_0.xml,2156,Dungeon010,"<DataName type=""string"">Location_Dungeon010</DataName>",candidate_needs_semantic_validation
gamedata\s32_data_0.xml,2159,Dungeon011,"<DataName type=""string"">Location_Dungeon011</DataName>",candidate_needs_semantic_validation
gamedata\s32_data_0.xml,2162,Dungeon012,"<DataName type=""string"">Location_Dungeon012</DataName>",candidate_needs_semantic_validation
gamedata\s32_data_0.xml,2165,Dungeon013,"<DataName type=""string"">Location_Dungeon013</DataName>",candidate_needs_semantic_validation
gamedata\s32_data_0.xml,2168,Dungeon014,"<DataName type=""string"">Location_Dungeon014</DataName>",candidate_needs_semantic_validation
gamedata\s32_data_0.xml,2171,Dungeon015,"<DataName type=""string"">Location_Dungeon015</DataName>",candidate_needs_semantic_validation
gamedata\s32_data_0.xml,2174,Dungeon016,"<DataName type=""string"">Location_Dungeon016</DataName>",candidate_needs_semantic_validation
gamedata\s32_data_0.xml,2177,Dungeon017,"<DataName type=""string"">Location_Dungeon017</DataName>",candidate_needs_semantic_validation
gamedata\s32_data_0.xml,2180,Dungeon018,"<DataName type=""string"">Location_Dungeon018</DataName>",candidate_needs_semantic_validation
gamedata\s32_data_0.xml,2183,Dungeon019,"<DataName type=""string"">Location_Dungeon019</DataName>",candidate_needs_semantic_validation
gamedata\s32_data_0.xml,2186,Dungeon020,"<DataName type=""string"">Location_Dungeon020</DataName>",candidate_needs_semantic_validation
gamedata\s32_data_0.xml,2189,Dungeon022,"<DataName type=""string"">Location_Dungeon022</DataName>",candidate_needs_semantic_validation
gamedata\s32_data_0.xml,2192,Dungeon023,"<DataName type=""string"">Location_Dungeon023</DataName>",candidate_needs_semantic_validation
gamedata\s32_data_0.xml,2195,Dungeon024,"<DataName type=""string"">Location_Dungeon024</DataName>",candidate_needs_semantic_validation
gamedata\s32_data_0.xml,2198,Dungeon025,"<DataName type=""string"">Location_Dungeon025</DataName>",candidate_needs_semantic_validation
gamedata\s32_data_0.xml,2201,Dungeon026,"<DataName type=""string"">Location_Dungeon026</DataName>",candidate_needs_semantic_validation
gamedata\s32_data_0.xml,2204,Dungeon027,"<DataName type=""string"">Location_Dungeon027</DataName>",candidate_needs_semantic_validation
gamedata\s32_data_0.xml,2207,Dungeon028,"<DataName type=""string"">Location_Dungeon028</DataName>",candidate_needs_semantic_validation
gamedata\s32_data_0.xml,2210,Dungeon029,"<DataName type=""string"">Location_Dungeon029</DataName>",candidate_needs_semantic_validation
gamedata\s32_data_0.xml,2213,Dungeon030,"<DataName type=""string"">Location_Dungeon030</DataName>",candidate_needs_semantic_validation
gamedata\s32_data_0.xml,2216,Dungeon031,"<DataName type=""string"">Location_Dungeon031</DataName>",candidate_needs_semantic_validation
gamedata\s32_data_0.xml,2219,Dungeon032,"<DataName type=""string"">Location_Dungeon032</DataName>",candidate_needs_semantic_validation
gamedata\s32_data_0.xml,2222,Dungeon033,"<DataName type=""string"">Location_Dungeon033</DataName>",candidate_needs_semantic_validation
gamedata\s32_data_0.xml,2225,Dungeon034,"<DataName type=""string"">Location_Dungeon034</DataName>",candidate_needs_semantic_validation
gamedata\s32_data_0.xml,2228,Dungeon035,"<DataName type=""string"">Location_Dungeon035</DataName>",candidate_needs_semantic_validation
gamedata\s32_data_0.xml,2231,Dungeon036,"<DataName type=""string"">Location_Dungeon036</DataName>",candidate_needs_semantic_validation
gamedata\s32_data_0.xml,2234,Dungeon037,"<DataName type=""string"">Location_Dungeon037</DataName>",candidate_needs_semantic_validation
gamedata\s32_data_0.xml,2237,Dungeon038,"<DataName type=""string"">Location_Dungeon038</DataName>",candidate_needs_semantic_validation
gamedata\s32_data_0.xml,2240,Dungeon039,"<DataName type=""string"">Location_Dungeon039</DataName>",candidate_needs_semantic_validation
gamedata\s32_data_0.xml,2243,Dungeon040,"<DataName type=""string"">Location_Dungeon040</DataName>",candidate_needs_semantic_validation
gamedata\s32_data_0.xml,2246,Dungeon041,"<DataName type=""string"">Location_Dungeon041</DataName>",candidate_needs_semantic_validation
gamedata\s32_data_0.xml,2249,Dungeon042,"<DataName type=""string"">Location_Dungeon042</DataName>",candidate_needs_semantic_validation
gamedata\s32_data_0.xml,2252,Dungeon043,"<DataName type=""string"">Location_Dungeon043</DataName>",candidate_needs_semantic_validation
gamedata\s32_data_0.xml,2255,Dungeon044,"<DataName type=""string"">Location_Dungeon044</DataName>",candidate_needs_semantic_validation
gamedata\s32_data_0.xml,2258,Dungeon045,"<DataName type=""string"">Location_Dungeon045</DataName>",candidate_needs_semantic_validation
gamedata\s32_data_0.xml,2261,Dungeon046,"<DataName type=""string"">Location_Dungeon046</DataName>",candidate_needs_semantic_validation
gamedata\s32_data_0.xml,2264,Dungeon047,"<DataName type=""string"">Location_Dungeon047</DataName>",candidate_needs_semantic_validation
gamedata\s32_data_0.xml,2267,Dungeon048,"<DataName type=""string"">Location_Dungeon048</DataName>",candidate_needs_semantic_validation
gamedata\s32_data_0.xml,2270,Dungeon049,"<DataName type=""string"">Location_Dungeon049</DataName>",candidate_needs_semantic_validation
gamedata\s32_data_0.xml,2273,Dungeon050,"<DataName type=""string"">Location_Dungeon050</DataName>",candidate_needs_semantic_validation
gamedata\s32_data_0.xml,2276,Dungeon051,"<DataName type=""string"">Location_Dungeon051</DataName>",candidate_needs_semantic_validation
gamedata\s32_data_0.xml,2279,Dungeon052,"<DataName type=""string"">Location_Dungeon052</DataName>",candidate_needs_semantic_validation
gamedata\s32_data_0.xml,2282,Dungeon053,"<DataName type=""string"">Location_Dungeon053</DataName>",candidate_needs_semantic_validation
gamedata\s32_data_0.xml,2285,Dungeon054,"<DataName type=""string"">Location_Dungeon054</DataName>",candidate_needs_semantic_validation
gamedata\s32_data_0.xml,2288,Dungeon055,"<DataName type=""string"">Location_Dungeon055</DataName>",candidate_needs_semantic_validation
gamedata\s32_data_0.xml,2291,Dungeon056,"<DataName type=""string"">Location_Dungeon056</DataName>",candidate_needs_semantic_validation
gamedata\s32_data_0.xml,2294,Dungeon057,"<DataName type=""string"">Location_Dungeon057</DataName>",candidate_needs_semantic_validation
gamedata\s32_data_0.xml,2297,Dungeon058,"<DataName type=""string"">Location_Dungeon058</DataName>",candidate_needs_semantic_validation
gamedata\s32_data_0.xml,2300,Dungeon059,"<DataName type=""string"">Location_Dungeon059</DataName>",candidate_needs_semantic_validation
gamedata\s32_data_0.xml,2303,Dungeon060,"<DataName type=""string"">Location_Dungeon060</DataName>",candidate_needs_semantic_validation
gamedata\s32_data_0.xml,2306,Dungeon061,"<DataName type=""string"">Location_Dungeon061</DataName>",candidate_needs_semantic_validation
gamedata\s32_data_0.xml,2309,Dungeon062,"<DataName type=""string"">Location_Dungeon062</DataName>",candidate_needs_semantic_validation
gamedata\s32_data_0.xml,2312,Dungeon063,"<DataName type=""string"">Location_Dungeon063</DataName>",candidate_needs_semantic_validation
gamedata\s32_data_0.xml,2315,Dungeon064,"<DataName type=""string"">Location_Dungeon064</DataName>",candidate_needs_semantic_validation
gamedata\s32_data_0.xml,2318,Dungeon065,"<DataName type=""string"">Location_Dungeon065</DataName>",candidate_needs_semantic_validation
gamedata\s32_data_0.xml,2321,Dungeon066,"<DataName type=""string"">Location_Dungeon066</DataName>",candidate_needs_semantic_validation
gamedata\s32_data_0.xml,2324,Dungeon067,"<DataName type=""string"">Location_Dungeon067</DataName>",candidate_needs_semantic_validation
gamedata\s32_data_0.xml,2327,Dungeon068,"<DataName type=""string"">Location_Dungeon068</DataName>",candidate_needs_semantic_validation
gamedata\s32_data_0.xml,2330,Dungeon069,"<DataName type=""string"">Location_Dungeon069</DataName>",candidate_needs_semantic_validation
gamedata\s32_data_0.xml,2333,Dungeon070,"<DataName type=""string"">Location_Dungeon070</DataName>",candidate_needs_semantic_validation
gamedata\s32_data_0.xml,2336,Dungeon071,"<DataName type=""string"">Location_Dungeon071</DataName>",candidate_needs_semantic_validation
gamedata\s32_data_0.xml,2339,Dungeon072,"<DataName type=""string"">Location_Dungeon072</DataName>",candidate_needs_semantic_validation
gamedata\s32_data_0.xml,2342,Dungeon073,"<DataName type=""string"">Location_Dungeon073</DataName>",candidate_needs_semantic_validation
gamedata\s32_data_0.xml,2345,Dungeon074,"<DataName type=""string"">Location_Dungeon074</DataName>",candidate_needs_semantic_validation
gamedata\s32_data_0.xml,2348,Dungeon075,"<DataName type=""string"">Location_Dungeon075</DataName>",candidate_needs_semantic_validation
gamedata\s32_data_0.xml,2351,Dungeon076,"<DataName type=""string"">Location_Dungeon076</DataName>",candidate_needs_semantic_validation
gamedata\s32_data_0.xml,2354,Dungeon077,"<DataName type=""string"">Location_Dungeon077</DataName>",candidate_needs_semantic_validation
gamedata\s32_data_0.xml,2357,Dungeon078,"<DataName type=""string"">Location_Dungeon078</DataName>",candidate_needs_semantic_validation
gamedata\s32_data_0.xml,2360,Dungeon079,"<DataName type=""string"">Location_Dungeon079</DataName>",candidate_needs_semantic_validation
gamedata\s32_data_0.xml,2363,Dungeon080,"<DataName type=""string"">Location_Dungeon080</DataName>",candidate_needs_semantic_validation
gamedata\s32_data_0.xml,2366,Dungeon081,"<DataName type=""string"">Location_Dungeon081</DataName>",candidate_needs_semantic_validation
gamedata\s32_data_0.xml,2369,Dungeon082,"<DataName type=""string"">Location_Dungeon082</DataName>",candidate_needs_semantic_validation
gamedata\s32_data_0.xml,2372,Dungeon083,"<DataName type=""string"">Location_Dungeon083</DataName>",candidate_needs_semantic_validation
gamedata\s32_data_0.xml,2375,Dungeon084,"<DataName type=""string"">Location_Dungeon084</DataName>",candidate_needs_semantic_validation
gamedata\s32_data_0.xml,2378,Dungeon085,"<DataName type=""string"">Location_Dungeon085</DataName>",candidate_needs_semantic_validation
gamedata\s32_data_0.xml,2381,Dungeon086,"<DataName type=""string"">Location_Dungeon086</DataName>",candidate_needs_semantic_validation
gamedata\s32_data_0.xml,2384,Dungeon087,"<DataName type=""string"">Location_Dungeon087</DataName>",candidate_needs_semantic_validation
gamedata\s32_data_0.xml,2387,Dungeon088,"<DataName type=""string"">Location_Dungeon088</DataName>",candidate_needs_semantic_validation
gamedata\s32_data_0.xml,2390,Dungeon089,"<DataName type=""string"">Location_Dungeon089</DataName>",candidate_needs_semantic_validation
gamedata\s32_data_0.xml,2393,Dungeon090,"<DataName type=""string"">Location_Dungeon090</DataName>",candidate_needs_semantic_validation
gamedata\s32_data_0.xml,2396,Dungeon091,"<DataName type=""string"">Location_Dungeon091</DataName>",candidate_needs_semantic_validation
gamedata\s32_data_0.xml,2399,Dungeon092,"<DataName type=""string"">Location_Dungeon092</DataName>",candidate_needs_semantic_validation
gamedata\s32_data_0.xml,2402,Dungeon093,"<DataName type=""string"">Location_Dungeon093</DataName>",candidate_needs_semantic_validation
gamedata\s32_data_0.xml,2405,Dungeon094,"<DataName type=""string"">Location_Dungeon094</DataName>",candidate_needs_semantic_validation
gamedata\s32_data_0.xml,2408,Dungeon095,"<DataName type=""string"">Location_Dungeon095</DataName>",candidate_needs_semantic_validation
gamedata\s32_data_0.xml,2411,Dungeon096,"<DataName type=""string"">Location_Dungeon096</DataName>",candidate_needs_semantic_validation
gamedata\s32_data_0.xml,2414,Dungeon097,"<DataName type=""string"">Location_Dungeon097</DataName>",candidate_needs_semantic_validation
gamedata\s32_data_0.xml,2417,Dungeon098,"<DataName type=""string"">Location_Dungeon098</DataName>",candidate_needs_semantic_validation
gamedata\s32_data_0.xml,2420,Dungeon099,"<DataName type=""string"">Location_Dungeon099</DataName>",candidate_needs_semantic_validation
gamedata\s32_data_0.xml,2423,Dungeon100,"<DataName type=""string"">Location_Dungeon100</DataName>",candidate_needs_semantic_validation
gamedata\s32_data_0.xml,2426,Dungeon101,"<DataName type=""string"">Location_Dungeon101</DataName>",candidate_needs_semantic_validation
gamedata\s32_data_0.xml,2429,Dungeon102,"<DataName type=""string"">Location_Dungeon102</DataName>",candidate_needs_semantic_validation
gamedata\s32_data_0.xml,2432,Dungeon103,"<DataName type=""string"">Location_Dungeon103</DataName>",candidate_needs_semantic_validation
gamedata\s32_data_0.xml,2435,Dungeon104,"<DataName type=""string"">Location_Dungeon104</DataName>",candidate_needs_semantic_validation
gamedata\s32_data_0.xml,2438,Dungeon105,"<DataName type=""string"">Location_Dungeon105</DataName>",candidate_needs_semantic_validation
gamedata\s32_data_0.xml,2441,Dungeon106,"<DataName type=""string"">Location_Dungeon106</DataName>",candidate_needs_semantic_validation
gamedata\s32_data_0.xml,2444,Dungeon107,"<DataName type=""string"">Location_Dungeon107</DataName>",candidate_needs_semantic_validation
gamedata\s32_data_0.xml,2447,Dungeon108,"<DataName type=""string"">Location_Dungeon108</DataName>",candidate_needs_semantic_validation
gamedata\s32_data_0.xml,2450,Dungeon109,"<DataName type=""string"">Location_Dungeon109</DataName>",candidate_needs_semantic_validation
gamedata\s32_data_0.xml,2453,Dungeon110,"<DataName type=""string"">Location_Dungeon110</DataName>",candidate_needs_semantic_validation
gamedata\s32_data_0.xml,2456,Dungeon111,"<DataName type=""string"">Location_Dungeon111</DataName>",candidate_needs_semantic_validation
gamedata\s32_data_0.xml,2459,Dungeon112,"<DataName type=""string"">Location_Dungeon112</DataName>",candidate_needs_semantic_validation
gamedata\s32_data_0.xml,2462,Dungeon113,"<DataName type=""string"">Location_Dungeon113</DataName>",candidate_needs_semantic_validation
gamedata\s32_data_0.xml,2465,Dungeon114,"<DataName type=""string"">Location_Dungeon114</DataName>",candidate_needs_semantic_validation
gamedata\s32_data_0.xml,2468,Dungeon115,"<DataName type=""string"">Location_Dungeon115</DataName>",candidate_needs_semantic_validation
gamedata\s32_data_0.xml,2471,Dungeon116,"<DataName type=""string"">Location_Dungeon116</DataName>",candidate_needs_semantic_validation
gamedata\s32_data_0.xml,2474,Dungeon117,"<DataName type=""string"">Location_Dungeon117</DataName>",candidate_needs_semantic_validation
gamedata\s32_data_0.xml,2477,Dungeon118,"<DataName type=""string"">Location_Dungeon118</DataName>",candidate_needs_semantic_validation
gamedata\s32_data_0.xml,2480,Dungeon119,"<DataName type=""string"">Location_Dungeon119</DataName>",candidate_needs_semantic_validation
gamedata\s32_data_0.xml,3398,,"<DataName type=""string"">DungeonClearCounter</DataName>",candidate_needs_semantic_validation
gamedata\s32_data_0.xml,3884,,"<DataName type=""string"">DungeonClearSealNum</DataName>",candidate_needs_semantic_validation
gamedata\s32_data_0.xml,5240,,"<DataName type=""string"">Location_TimesShrine</DataName>",candidate_needs_semantic_validation
gamedata\s32_data_0.xml,7769,Dungeon120,"<DataName type=""string"">Location_Dungeon120</DataName>",candidate_needs_semantic_validation
gamedata\s32_data_0.xml,7772,Dungeon121,"<DataName type=""string"">Location_Dungeon121</DataName>",candidate_needs_semantic_validation
gamedata\s32_data_0.xml,7775,Dungeon122,"<DataName type=""string"">Location_Dungeon122</DataName>",candidate_needs_semantic_validation
gamedata\s32_data_0.xml,7778,Dungeon123,"<DataName type=""string"">Location_Dungeon123</DataName>",candidate_needs_semantic_validation
gamedata\s32_data_0.xml,7781,Dungeon124,"<DataName type=""string"">Location_Dungeon124</DataName>",candidate_needs_semantic_validation
gamedata\s32_data_0.xml,7784,Dungeon125,"<DataName type=""string"">Location_Dungeon125</DataName>",candidate_needs_semantic_validation
gamedata\s32_data_0.xml,7787,Dungeon126,"<DataName type=""string"">Location_Dungeon126</DataName>",candidate_needs_semantic_validation
gamedata\s32_data_0.xml,7790,Dungeon127,"<DataName type=""string"">Location_Dungeon127</DataName>",candidate_needs_semantic_validation
gamedata\s32_data_0.xml,7793,Dungeon128,"<DataName type=""string"">Location_Dungeon128</DataName>",candidate_needs_semantic_validation
gamedata\s32_data_0.xml,7796,Dungeon129,"<DataName type=""string"">Location_Dungeon129</DataName>",candidate_needs_semantic_validation
gamedata\s32_data_0.xml,7799,Dungeon130,"<DataName type=""string"">Location_Dungeon130</DataName>",candidate_needs_semantic_validation
gamedata\s32_data_0.xml,7802,Dungeon131,"<DataName type=""string"">Location_Dungeon131</DataName>",candidate_needs_semantic_validation
gamedata\s32_data_0.xml,7805,Dungeon132,"<DataName type=""string"">Location_Dungeon132</DataName>",candidate_needs_semantic_validation
gamedata\s32_data_0.xml,7808,Dungeon133,"<DataName type=""string"">Location_Dungeon133</DataName>",candidate_needs_semantic_validation
gamedata\s32_data_0.xml,7811,Dungeon134,"<DataName type=""string"">Location_Dungeon134</DataName>",candidate_needs_semantic_validation
gamedata\s32_data_0.xml,7814,Dungeon135,"<DataName type=""string"">Location_Dungeon135</DataName>",candidate_needs_semantic_validation
gamedata\s32_data_0.xml,7817,Dungeon136,"<DataName type=""string"">Location_Dungeon136</DataName>",candidate_needs_semantic_validation
gamedata\s32_data_0.xml,7829,,"<DataName type=""string"">BalladOfHeroes_CountClearDungeons</DataName>",candidate_needs_semantic_validation
gamedata\s32_data_0.xml,7832,,"<DataName type=""string"">Counter_TerminalFinalTrial</DataName>",candidate_needs_semantic_validation
gamedata\s32_data_0.xml,7835,,"<DataName type=""string"">BalladOfHeroes_CheckChampDungeon</DataName>",candidate_needs_semantic_validation
gamedata\string32_data_0.xml,38,,"<DataName type=""string"">App_DungeonRadar_DungeonDistance</DataName>",candidate_needs_semantic_validation
gamedata\string64_array_data_0.xml,2791,Dungeon009,"<value type=""string"">Location_Dungeon009</value>",candidate_needs_semantic_validation
gamedata\string64_array_data_0.xml,2792,Dungeon065,"<value type=""string"">Location_Dungeon065</value>",candidate_needs_semantic_validation
gamedata\string64_array_data_0.xml,2795,Dungeon009,"<value type=""string"">Location_Dungeon009</value>",candidate_needs_semantic_validation
gamedata\string64_array_data_0.xml,2796,Dungeon009,"<value type=""string"">Location_Dungeon009</value>",candidate_needs_semantic_validation
gamedata\string64_array_data_0.xml,2797,Dungeon009,"<value type=""string"">Location_Dungeon009</value>",candidate_needs_semantic_validation
gamedata\string64_array_data_0.xml,2798,Dungeon009,"<value type=""string"">Location_Dungeon009</value>",candidate_needs_semantic_validation
gamedata\string64_array_data_0.xml,2799,Dungeon009,"<value type=""string"">Location_Dungeon009</value>",candidate_needs_semantic_validation
gamedata\string64_array_data_0.xml,2800,Dungeon009,"<value type=""string"">Location_Dungeon009</value>",candidate_needs_semantic_validation
gamedata\string64_array_data_0.xml,2801,Dungeon009,"<value type=""string"">Location_Dungeon009</value>",candidate_needs_semantic_validation
gamedata\string64_array_data_0.xml,2802,Dungeon009,"<value type=""string"">Location_Dungeon009</value>",candidate_needs_semantic_validation
gamedata\string64_array_data_0.xml,2803,Dungeon009,"<value type=""string"">Location_Dungeon009</value>",candidate_needs_semantic_validation
gamedata\string64_array_data_0.xml,2804,Dungeon009,"<value type=""string"">Location_Dungeon009</value>",candidate_needs_semantic_validation
gamedata\string64_array_data_0.xml,2805,Dungeon009,"<value type=""string"">Location_Dungeon009</value>",candidate_needs_semantic_validation
gamedata\string64_array_data_0.xml,2806,Dungeon009,"<value type=""string"">Location_Dungeon009</value>",candidate_needs_semantic_validation
gamedata\string64_array_data_0.xml,2807,Dungeon009,"<value type=""string"">Location_Dungeon009</value>",candidate_needs_semantic_validation
